{"type":"FeatureCollection", "features": [
{"type":"Feature","geometry":{"type":"MultiPolygon","coordinates":[[[[-61.548979,16.253081],[-61.549712,16.251814],[-61.547715,16.249467],[-61.541912,16.244377],[-61.541742,16.240545],[-61.538973,16.239922],[-61.539558,16.237051],[-61.536519,16.234177],[-61.535084,16.235916],[-61.533414,16.233119],[-61.534909,16.232428],[-61.533755,16.229236],[-61.532053,16.228965],[-61.53287,16.224519],[-61.530077,16.222876],[-61.527288,16.222896],[-61.527502,16.220993],[-61.52623,16.219046],[-61.524766,16.221076],[-61.523289,16.221126],[-61.523038,16.218983],[-61.524173,16.217138],[-61.527303,16.218162],[-61.528753,16.217088],[-61.522151,16.212733],[-61.518732,16.215198],[-61.515199,16.214777],[-61.511813,16.216546],[-61.509679,16.215733],[-61.507422,16.212159],[-61.508324,16.206979],[-61.507655,16.206198],[-61.50359,16.206228],[-61.500974,16.205255],[-61.497349,16.205366],[-61.493097,16.204425],[-61.485892,16.20502],[-61.481339,16.201974],[-61.476776,16.201806],[-61.472851,16.200233],[-61.47121,16.198593],[-61.470033,16.199311],[-61.467381,16.198846],[-61.465711,16.197068],[-61.464014,16.196613],[-61.461296,16.198359],[-61.460295,16.200579],[-61.456266,16.202161],[-61.455044,16.200281],[-61.451618,16.200927],[-61.450003,16.200574],[-61.442836,16.203984],[-61.442376,16.207424],[-61.438172,16.208967],[-61.432527,16.209423],[-61.429922,16.21045],[-61.42716,16.210618],[-61.424468,16.209207],[-61.42002,16.209747],[-61.417218,16.211719],[-61.415979,16.211079],[-61.41155,16.212268],[-61.408703,16.212324],[-61.407035,16.214492],[-61.404969,16.215289],[-61.40588,16.216847],[-61.403636,16.218101],[-61.401553,16.218135],[-61.398096,16.219526],[-61.394798,16.217128],[-61.393711,16.221283],[-61.390229,16.223776],[-61.385197,16.223626],[-61.382083,16.222102],[-61.37885,16.2229],[-61.378145,16.224449],[-61.375547,16.226551],[-61.372238,16.228181],[-61.371041,16.231324],[-61.369956,16.232145],[-61.363304,16.234322],[-61.359141,16.235285],[-61.355962,16.23494],[-61.34949,16.236089],[-61.343897,16.238831],[-61.343224,16.239748],[-61.340075,16.239685],[-61.338539,16.24186],[-61.333269,16.241901],[-61.330988,16.241237],[-61.327194,16.241824],[-61.325146,16.241041],[-61.325462,16.243582],[-61.32406,16.244173],[-61.319652,16.240515],[-61.315919,16.240586],[-61.31496,16.241392],[-61.308435,16.242343],[-61.305155,16.241984],[-61.301886,16.243322],[-61.296698,16.243687],[-61.294428,16.243239],[-61.293666,16.244495],[-61.290287,16.244466],[-61.285326,16.246439],[-61.284191,16.248594],[-61.280907,16.250046],[-61.275962,16.251047],[-61.273745,16.250216],[-61.266927,16.250569],[-61.268059,16.253232],[-61.264844,16.251732],[-61.262669,16.252425],[-61.258845,16.254968],[-61.255149,16.256401],[-61.248875,16.255209],[-61.243449,16.255331],[-61.237661,16.254033],[-61.236057,16.254107],[-61.230295,16.253115],[-61.222282,16.253559],[-61.21794,16.252743],[-61.213271,16.251008],[-61.211088,16.251258],[-61.205314,16.249707],[-61.197515,16.24944],[-61.192099,16.250218],[-61.183666,16.246441],[-61.183419,16.245518],[-61.179457,16.245201],[-61.176537,16.241633],[-61.174941,16.242669],[-61.174129,16.245753],[-61.176604,16.247121],[-61.18012,16.247683],[-61.181408,16.249463],[-61.185882,16.253485],[-61.189875,16.254902],[-61.192507,16.253484],[-61.195077,16.254419],[-61.198938,16.258115],[-61.198737,16.2555],[-61.201965,16.254173],[-61.206568,16.25536],[-61.209243,16.257916],[-61.21447,16.25903],[-61.216794,16.260261],[-61.218148,16.262799],[-61.22047,16.263987],[-61.223573,16.264069],[-61.225189,16.265171],[-61.230202,16.266617],[-61.232457,16.266795],[-61.236287,16.268716],[-61.239859,16.271904],[-61.24333,16.273791],[-61.242859,16.274808],[-61.245588,16.276642],[-61.246594,16.278206],[-61.249057,16.285091],[-61.252792,16.291033],[-61.254712,16.292706],[-61.256317,16.295132],[-61.25626,16.298246],[-61.260332,16.304757],[-61.262766,16.305816],[-61.266342,16.304878],[-61.267427,16.306298],[-61.266117,16.308666],[-61.269303,16.31119],[-61.271094,16.311377],[-61.272699,16.313694],[-61.274214,16.31295],[-61.277306,16.316763],[-61.279007,16.317414],[-61.282077,16.316589],[-61.282436,16.319132],[-61.285902,16.321576],[-61.28757,16.322015],[-61.289543,16.320669],[-61.29407,16.321946],[-61.297862,16.324191],[-61.296963,16.327334],[-61.299754,16.327779],[-61.302008,16.325385],[-61.305581,16.325456],[-61.307307,16.327686],[-61.308892,16.328103],[-61.309938,16.330729],[-61.313043,16.331703],[-61.317165,16.329807],[-61.322416,16.330663],[-61.325808,16.332515],[-61.334238,16.333702],[-61.340348,16.332983],[-61.340658,16.329934],[-61.342396,16.330394],[-61.343019,16.332186],[-61.344966,16.332768],[-61.345495,16.335104],[-61.34819,16.335776],[-61.351643,16.33354],[-61.353134,16.333479],[-61.357564,16.33541],[-61.361715,16.336018],[-61.362981,16.336994],[-61.364381,16.334882],[-61.367743,16.334834],[-61.368621,16.335998],[-61.367883,16.338681],[-61.369932,16.339579],[-61.375594,16.340803],[-61.381171,16.345775],[-61.382037,16.348559],[-61.385684,16.351049],[-61.387923,16.35401],[-61.390914,16.359298],[-61.39257,16.360076],[-61.393254,16.363633],[-61.397429,16.367457],[-61.398712,16.370149],[-61.401889,16.374882],[-61.403121,16.378503],[-61.403241,16.381941],[-61.405826,16.384744],[-61.405993,16.38726],[-61.405302,16.390701],[-61.404454,16.392043],[-61.405651,16.39546],[-61.40391,16.398132],[-61.404808,16.400449],[-61.404762,16.403778],[-61.405961,16.40576],[-61.405581,16.407183],[-61.40218,16.407975],[-61.400485,16.411984],[-61.400954,16.413837],[-61.402466,16.415437],[-61.398671,16.418007],[-61.398296,16.424296],[-61.399386,16.426575],[-61.39841,16.428217],[-61.398782,16.430999],[-61.400163,16.434307],[-61.400671,16.437992],[-61.401904,16.442621],[-61.403078,16.442887],[-61.403137,16.44568],[-61.406815,16.446182],[-61.407639,16.447471],[-61.406341,16.451336],[-61.407549,16.453125],[-61.40796,16.456545],[-61.409322,16.458046],[-61.408669,16.46024],[-61.410978,16.460544],[-61.409699,16.46503],[-61.411362,16.46946],[-61.413872,16.469341],[-61.41549,16.472033],[-61.418098,16.471326],[-61.41866,16.47409],[-61.421046,16.475413],[-61.42478,16.476155],[-61.429577,16.482175],[-61.433567,16.484054],[-61.433874,16.48684],[-61.438739,16.48919],[-61.438981,16.49057],[-61.442878,16.490277],[-61.442935,16.495038],[-61.443842,16.497556],[-61.443545,16.500165],[-61.447559,16.499681],[-61.452194,16.497447],[-61.453664,16.498557],[-61.457424,16.498602],[-61.45984,16.50128],[-61.461729,16.499437],[-61.463627,16.502651],[-61.463655,16.504875],[-61.466451,16.507933],[-61.465093,16.50982],[-61.466072,16.510988],[-61.47154,16.510177],[-61.473002,16.51048],[-61.474935,16.508392],[-61.475238,16.505714],[-61.477933,16.504845],[-61.478383,16.502642],[-61.480159,16.499379],[-61.47969,16.497919],[-61.481974,16.495649],[-61.483027,16.496052],[-61.485005,16.49426],[-61.486229,16.491293],[-61.488832,16.489985],[-61.492722,16.48952],[-61.495289,16.486681],[-61.500385,16.484234],[-61.504045,16.484083],[-61.50781,16.473407],[-61.512211,16.471615],[-61.517148,16.471133],[-61.520523,16.468397],[-61.521932,16.466618],[-61.523373,16.463141],[-61.525934,16.461529],[-61.528652,16.46126],[-61.530675,16.459049],[-61.535282,16.455081],[-61.535602,16.450455],[-61.537573,16.443688],[-61.540948,16.438953],[-61.540652,16.437437],[-61.538306,16.437865],[-61.537015,16.435907],[-61.537267,16.432136],[-61.536211,16.429118],[-61.533151,16.424231],[-61.534551,16.419644],[-61.533672,16.418299],[-61.533357,16.414576],[-61.532328,16.412677],[-61.529746,16.40978],[-61.529647,16.407367],[-61.528516,16.404065],[-61.528842,16.400643],[-61.527322,16.399379],[-61.526549,16.396228],[-61.523839,16.393243],[-61.520102,16.392559],[-61.515369,16.390421],[-61.511527,16.388122],[-61.50866,16.38514],[-61.506811,16.388953],[-61.505691,16.388725],[-61.503478,16.385571],[-61.499538,16.383484],[-61.497541,16.380993],[-61.497246,16.379503],[-61.495159,16.376662],[-61.496381,16.3752],[-61.496089,16.372977],[-61.497107,16.371894],[-61.495796,16.369546],[-61.496697,16.367293],[-61.501373,16.364323],[-61.498895,16.362303],[-61.49604,16.361154],[-61.49754,16.357281],[-61.499534,16.355329],[-61.494382,16.354319],[-61.495566,16.352489],[-61.498709,16.352472],[-61.50607,16.350443],[-61.507282,16.34547],[-61.506902,16.3441],[-61.508499,16.341978],[-61.512873,16.343102],[-61.519946,16.343242],[-61.522693,16.345359],[-61.524515,16.343442],[-61.52468,16.342119],[-61.529728,16.339311],[-61.527855,16.338255],[-61.534446,16.333699],[-61.535609,16.331355],[-61.534963,16.32868],[-61.533486,16.326586],[-61.534441,16.32474],[-61.534161,16.322559],[-61.535903,16.318526],[-61.535578,16.317225],[-61.533618,16.316197],[-61.535071,16.314373],[-61.534646,16.312471],[-61.536863,16.31103],[-61.537622,16.307774],[-61.541248,16.30247],[-61.543162,16.302488],[-61.543684,16.300867],[-61.547005,16.301243],[-61.54709,16.298929],[-61.545513,16.296412],[-61.543999,16.295267],[-61.542482,16.29609],[-61.541465,16.293556],[-61.541157,16.289561],[-61.54203,16.28786],[-61.544138,16.291974],[-61.546245,16.292862],[-61.547991,16.291752],[-61.549956,16.289158],[-61.550818,16.286767],[-61.550564,16.284873],[-61.548861,16.280955],[-61.54787,16.279948],[-61.548683,16.27731],[-61.547931,16.275676],[-61.548819,16.272136],[-61.547468,16.270203],[-61.548348,16.268082],[-61.54662,16.267148],[-61.547567,16.264806],[-61.54728,16.260403],[-61.546593,16.25855],[-61.546613,16.25446],[-61.548979,16.253081]]],[[[-61.550926,16.288054],[-61.553114,16.2893],[-61.55422,16.287481],[-61.55265,16.28677],[-61.550926,16.288054]]],[[[-61.542516,16.293537],[-61.542967,16.295319],[-61.545061,16.294722],[-61.544916,16.293148],[-61.542516,16.293537]]],[[[-61.626479,16.272752],[-61.625095,16.274417],[-61.626922,16.280176],[-61.626105,16.28264],[-61.624326,16.282867],[-61.620769,16.284772],[-61.619155,16.286908],[-61.618061,16.290432],[-61.616915,16.28726],[-61.618429,16.284923],[-61.621234,16.283557],[-61.619955,16.282526],[-61.616678,16.282279],[-61.614287,16.283398],[-61.613026,16.28495],[-61.611382,16.290037],[-61.611101,16.292831],[-61.609294,16.295419],[-61.603258,16.298643],[-61.602048,16.300257],[-61.601392,16.302746],[-61.602263,16.303617],[-61.605676,16.304503],[-61.608611,16.304576],[-61.612569,16.303264],[-61.615988,16.303032],[-61.619401,16.301955],[-61.62351,16.301244],[-61.626769,16.302091],[-61.628335,16.304672],[-61.633371,16.305013],[-61.633886,16.307238],[-61.638137,16.309577],[-61.640747,16.308745],[-61.643384,16.308786],[-61.644878,16.312782],[-61.642586,16.313864],[-61.641305,16.31664],[-61.643231,16.317801],[-61.648856,16.319234],[-61.651686,16.321418],[-61.656193,16.319644],[-61.659577,16.319597],[-61.660172,16.320658],[-61.66498,16.317622],[-61.666854,16.320086],[-61.66856,16.317458],[-61.670893,16.318602],[-61.67103,16.321259],[-61.673178,16.323224],[-61.672605,16.324468],[-61.675046,16.325952],[-61.677041,16.32629],[-61.67846,16.328464],[-61.680546,16.328569],[-61.68186,16.325142],[-61.685498,16.324851],[-61.685819,16.328281],[-61.686586,16.329838],[-61.690848,16.33125],[-61.693634,16.334823],[-61.695547,16.335229],[-61.697822,16.334617],[-61.699567,16.335398],[-61.701404,16.334427],[-61.703447,16.336409],[-61.706636,16.33672],[-61.708369,16.336109],[-61.714507,16.33777],[-61.716313,16.339984],[-61.717476,16.342777],[-61.716245,16.344288],[-61.719633,16.346646],[-61.721644,16.34717],[-61.72237,16.348508],[-61.721514,16.350549],[-61.724902,16.35246],[-61.730449,16.357133],[-61.731536,16.356052],[-61.735162,16.356924],[-61.738653,16.359138],[-61.742506,16.360686],[-61.743688,16.361892],[-61.746019,16.360576],[-61.746064,16.357851],[-61.74886,16.354932],[-61.753455,16.353752],[-61.756409,16.354137],[-61.760007,16.355639],[-61.762563,16.353928],[-61.76588,16.353606],[-61.766806,16.351817],[-61.770204,16.351072],[-61.771958,16.349468],[-61.774783,16.349224],[-61.777794,16.346334],[-61.778368,16.343968],[-61.777759,16.342713],[-61.78019,16.340162],[-61.785276,16.337522],[-61.787696,16.335341],[-61.789237,16.332507],[-61.787083,16.329501],[-61.786873,16.325661],[-61.788396,16.322464],[-61.792235,16.319476],[-61.795752,16.318366],[-61.800684,16.316262],[-61.802316,16.31252],[-61.800117,16.310408],[-61.795027,16.308361],[-61.794782,16.306183],[-61.795823,16.304396],[-61.800405,16.303715],[-61.802386,16.300907],[-61.802038,16.29611],[-61.803271,16.295134],[-61.801802,16.285933],[-61.803094,16.284645],[-61.804343,16.281326],[-61.802711,16.279217],[-61.80436,16.275183],[-61.809839,16.272938],[-61.807697,16.268898],[-61.806007,16.268471],[-61.807135,16.266288],[-61.805407,16.262872],[-61.806345,16.258129],[-61.805239,16.256291],[-61.804986,16.254012],[-61.802861,16.251583],[-61.803196,16.248741],[-61.802504,16.247602],[-61.801586,16.242548],[-61.800281,16.242159],[-61.795209,16.236162],[-61.79196,16.235373],[-61.791869,16.234484],[-61.789059,16.22995],[-61.78755,16.228949],[-61.785615,16.225652],[-61.784392,16.218986],[-61.784803,16.217361],[-61.782623,16.214573],[-61.783259,16.210325],[-61.782949,16.207164],[-61.785516,16.203695],[-61.786645,16.196641],[-61.787884,16.195233],[-61.782895,16.188844],[-61.782393,16.187325],[-61.783574,16.185691],[-61.78409,16.180411],[-61.783276,16.177785],[-61.784172,16.17634],[-61.782909,16.173839],[-61.779413,16.174523],[-61.776032,16.171267],[-61.776776,16.169374],[-61.775972,16.166707],[-61.775877,16.163428],[-61.776598,16.161645],[-61.776438,16.156058],[-61.775583,16.152692],[-61.776044,16.149925],[-61.775181,16.14892],[-61.777149,16.144761],[-61.778875,16.143405],[-61.779267,16.140554],[-61.775079,16.138919],[-61.773615,16.136693],[-61.771777,16.135923],[-61.769965,16.131002],[-61.770453,16.12772],[-61.773937,16.12661],[-61.773497,16.120176],[-61.77437,16.117163],[-61.773737,16.112272],[-61.774697,16.110753],[-61.773507,16.109325],[-61.773268,16.10515],[-61.77472,16.104652],[-61.774391,16.10188],[-61.772234,16.101824],[-61.771914,16.099733],[-61.773753,16.098117],[-61.770705,16.096071],[-61.771078,16.094589],[-61.773355,16.093311],[-61.771754,16.090661],[-61.770341,16.089635],[-61.768262,16.09063],[-61.766322,16.089752],[-61.769401,16.086759],[-61.767714,16.084573],[-61.767642,16.082033],[-61.769383,16.079749],[-61.76822,16.073989],[-61.76925,16.069891],[-61.770478,16.062107],[-61.767507,16.053993],[-61.765262,16.051403],[-61.765076,16.049386],[-61.761104,16.046769],[-61.760933,16.04542],[-61.759091,16.044263],[-61.755695,16.040305],[-61.75451,16.039908],[-61.753741,16.036256],[-61.750775,16.034011],[-61.750816,16.032613],[-61.749404,16.030576],[-61.748295,16.026547],[-61.748663,16.025711],[-61.747218,16.0222],[-61.746796,16.012112],[-61.746291,16.010364],[-61.743551,16.006052],[-61.738641,16.002561],[-61.733647,15.997724],[-61.730733,15.992816],[-61.726285,15.988362],[-61.723131,15.98578],[-61.715192,15.98262],[-61.715026,15.98038],[-61.711277,15.974583],[-61.710323,15.972414],[-61.708412,15.96466],[-61.708026,15.961203],[-61.709171,15.95896],[-61.709452,15.95525],[-61.707441,15.951761],[-61.707883,15.950584],[-61.706778,15.948322],[-61.705052,15.949441],[-61.703326,15.948907],[-61.700101,15.946569],[-61.696715,15.94669],[-61.695864,15.947916],[-61.692849,15.94826],[-61.691057,15.949219],[-61.685395,15.949629],[-61.680232,15.950533],[-61.679084,15.951824],[-61.675741,15.952623],[-61.673524,15.955482],[-61.672389,15.958599],[-61.669905,15.961389],[-61.665726,15.963882],[-61.662041,15.964322],[-61.65965,15.960538],[-61.653621,15.966809],[-61.65198,15.966969],[-61.650346,15.969044],[-61.648206,15.96983],[-61.646941,15.968556],[-61.644379,15.967634],[-61.641942,15.968204],[-61.637716,15.967811],[-61.633849,15.966343],[-61.632868,15.967802],[-61.630081,15.967238],[-61.629496,15.969078],[-61.627185,15.972045],[-61.625638,15.972201],[-61.623553,15.971064],[-61.621006,15.972467],[-61.61925,15.971682],[-61.618527,15.973363],[-61.619739,15.978124],[-61.61441,15.982266],[-61.614649,15.984624],[-61.614259,15.989148],[-61.612515,15.991329],[-61.608347,15.992325],[-61.606172,15.994882],[-61.604266,15.99554],[-61.603428,15.99855],[-61.602263,16.000441],[-61.598654,16.001062],[-61.598656,16.002966],[-61.594353,16.005095],[-61.587919,16.011885],[-61.584768,16.012077],[-61.582903,16.014136],[-61.580065,16.018606],[-61.572666,16.022073],[-61.571622,16.024739],[-61.569142,16.025879],[-61.569934,16.027887],[-61.565939,16.032865],[-61.564473,16.034188],[-61.565195,16.035946],[-61.564273,16.042156],[-61.560848,16.045687],[-61.560455,16.047755],[-61.559029,16.049609],[-61.556837,16.050605],[-61.555346,16.054879],[-61.558431,16.058831],[-61.559877,16.059517],[-61.560795,16.06369],[-61.560619,16.068021],[-61.560881,16.073067],[-61.558851,16.078274],[-61.560596,16.08044],[-61.560721,16.082985],[-61.560175,16.087717],[-61.558868,16.092421],[-61.559029,16.09403],[-61.561209,16.096982],[-61.560815,16.101203],[-61.562488,16.103003],[-61.56276,16.107317],[-61.567271,16.108758],[-61.5692,16.111037],[-61.570433,16.114266],[-61.570509,16.116979],[-61.569566,16.121585],[-61.568596,16.123146],[-61.565461,16.125434],[-61.563652,16.126008],[-61.560785,16.128429],[-61.560414,16.130535],[-61.562864,16.13466],[-61.567508,16.13519],[-61.573864,16.137401],[-61.576174,16.142396],[-61.577915,16.143044],[-61.576276,16.146163],[-61.575121,16.152024],[-61.576473,16.153584],[-61.580463,16.154319],[-61.581683,16.155208],[-61.582038,16.161078],[-61.584461,16.163997],[-61.585184,16.16765],[-61.583702,16.170978],[-61.579719,16.173163],[-61.580518,16.176397],[-61.579999,16.178526],[-61.581238,16.179473],[-61.585644,16.180131],[-61.586432,16.182937],[-61.589145,16.186154],[-61.5904,16.192119],[-61.590217,16.194408],[-61.589033,16.197659],[-61.584947,16.201638],[-61.583217,16.20428],[-61.583561,16.205384],[-61.586868,16.207782],[-61.587563,16.211199],[-61.585619,16.214334],[-61.58831,16.217259],[-61.588472,16.219253],[-61.586288,16.225413],[-61.584451,16.231527],[-61.584802,16.232705],[-61.582911,16.235129],[-61.580291,16.237096],[-61.578957,16.23721],[-61.577778,16.235174],[-61.57454,16.23443],[-61.572389,16.236089],[-61.56749,16.236192],[-61.566401,16.233477],[-61.563007,16.233124],[-61.561635,16.235047],[-61.559126,16.23523],[-61.55652,16.23308],[-61.554517,16.230657],[-61.552985,16.225685],[-61.551727,16.224205],[-61.547818,16.223259],[-61.543756,16.224405],[-61.546863,16.227842],[-61.541759,16.231413],[-61.544157,16.233225],[-61.548635,16.232164],[-61.550805,16.234915],[-61.550265,16.238793],[-61.550977,16.239613],[-61.548546,16.242512],[-61.551073,16.246226],[-61.55327,16.250578],[-61.550275,16.25261],[-61.547497,16.25637],[-61.547567,16.259012],[-61.548702,16.260521],[-61.547891,16.263377],[-61.548246,16.267161],[-61.549081,16.268905],[-61.548485,16.270991],[-61.549649,16.272102],[-61.549708,16.277574],[-61.551094,16.278399],[-61.554113,16.277822],[-61.555484,16.27436],[-61.556759,16.273355],[-61.558068,16.276361],[-61.560804,16.276183],[-61.559853,16.2805],[-61.556646,16.279641],[-61.554924,16.277482],[-61.553346,16.27861],[-61.552853,16.28044],[-61.55525,16.284861],[-61.558997,16.286611],[-61.562256,16.284804],[-61.563593,16.286635],[-61.564941,16.286657],[-61.567168,16.284828],[-61.569774,16.283826],[-61.571019,16.281838],[-61.57482,16.282367],[-61.575613,16.284972],[-61.577761,16.283842],[-61.579925,16.28389],[-61.579164,16.28165],[-61.579692,16.278246],[-61.583738,16.274281],[-61.584297,16.270212],[-61.587267,16.269307],[-61.590949,16.26684],[-61.595158,16.266],[-61.597897,16.266109],[-61.600647,16.268855],[-61.600915,16.271087],[-61.597872,16.272833],[-61.597458,16.275633],[-61.599871,16.278971],[-61.602396,16.274653],[-61.60229,16.273086],[-61.605046,16.271881],[-61.606037,16.269548],[-61.60746,16.268377],[-61.610723,16.268355],[-61.613527,16.267618],[-61.615225,16.269803],[-61.612255,16.274285],[-61.611641,16.278705],[-61.614933,16.278633],[-61.618024,16.277299],[-61.623181,16.276144],[-61.626479,16.272752]]],[[[-61.224604,15.964516],[-61.223268,15.967085],[-61.224593,15.968333],[-61.226679,15.967727],[-61.227599,15.969771],[-61.229749,15.97092],[-61.231205,15.973582],[-61.23031,15.975708],[-61.231987,15.977404],[-61.230379,15.980987],[-61.232619,15.982016],[-61.233245,15.985671],[-61.234935,15.985121],[-61.238279,15.986309],[-61.23929,15.988409],[-61.243592,15.988352],[-61.242515,15.990313],[-61.244048,15.991686],[-61.24764,15.991151],[-61.252753,15.992815],[-61.25314,15.994048],[-61.255786,15.994506],[-61.259253,15.998503],[-61.263187,16.000954],[-61.266958,16.002662],[-61.273097,16.003952],[-61.275422,16.004835],[-61.28066,16.004527],[-61.282095,16.003079],[-61.283661,16.004116],[-61.286682,16.003637],[-61.289749,16.003937],[-61.292404,16.001855],[-61.296155,15.997354],[-61.298902,15.993494],[-61.298763,15.992063],[-61.300387,15.990662],[-61.301043,15.98797],[-61.306135,15.986252],[-61.305313,15.982047],[-61.306819,15.980802],[-61.306484,15.978816],[-61.310837,15.976987],[-61.314141,15.976395],[-61.31865,15.976249],[-61.318089,15.974441],[-61.318736,15.968527],[-61.318047,15.967302],[-61.318342,15.961469],[-61.319305,15.953579],[-61.323188,15.949521],[-61.328256,15.946898],[-61.33586,15.942553],[-61.337148,15.941413],[-61.336139,15.935217],[-61.333614,15.922436],[-61.333562,15.91977],[-61.33253,15.917113],[-61.332411,15.914714],[-61.330488,15.909362],[-61.329261,15.904822],[-61.329848,15.902834],[-61.331612,15.900342],[-61.329854,15.896975],[-61.327102,15.895352],[-61.325757,15.891126],[-61.323532,15.887429],[-61.314943,15.880319],[-61.309776,15.879639],[-61.306204,15.877875],[-61.303472,15.875241],[-61.299048,15.874411],[-61.295777,15.873041],[-61.292822,15.872956],[-61.291324,15.871371],[-61.282481,15.869832],[-61.28088,15.867195],[-61.276231,15.866953],[-61.272718,15.867836],[-61.26887,15.867404],[-61.26711,15.86865],[-61.264828,15.868882],[-61.263571,15.87083],[-61.254111,15.871998],[-61.250376,15.871958],[-61.246565,15.873283],[-61.244214,15.874667],[-61.24251,15.874389],[-61.238819,15.877907],[-61.236545,15.878427],[-61.233327,15.880083],[-61.232523,15.881807],[-61.227589,15.884343],[-61.226108,15.886271],[-61.221755,15.888393],[-61.220935,15.891502],[-61.217758,15.895209],[-61.213861,15.896324],[-61.210404,15.899301],[-61.208553,15.899534],[-61.204363,15.901212],[-61.2027,15.903232],[-61.20131,15.9081],[-61.197728,15.915634],[-61.196644,15.920853],[-61.196055,15.921437],[-61.196939,15.927115],[-61.195457,15.928453],[-61.195432,15.930666],[-61.197298,15.934764],[-61.198514,15.939932],[-61.20078,15.94539],[-61.203674,15.948045],[-61.205338,15.950853],[-61.209697,15.954277],[-61.213175,15.956099],[-61.218123,15.957614],[-61.217796,15.959043],[-61.219215,15.962137],[-61.224604,15.964516]]],[[[-61.109917,16.17325],[-61.110547,16.174395],[-61.115942,16.17248],[-61.123282,16.172947],[-61.125803,16.172483],[-61.128918,16.173302],[-61.130741,16.17199],[-61.129305,16.169782],[-61.126787,16.16874],[-61.123465,16.168369],[-61.121377,16.167173],[-61.118007,16.168009],[-61.115318,16.167897],[-61.108029,16.169057],[-61.106767,16.171112],[-61.107465,16.172419],[-61.109917,16.17325]]],[[[-61.113182,16.176497],[-61.110447,16.176028],[-61.105872,16.176036],[-61.104879,16.178428],[-61.10319,16.180411],[-61.10579,16.18064],[-61.106196,16.179592],[-61.109713,16.178591],[-61.11114,16.179153],[-61.113182,16.176497]]],[[[-61.053246,16.306253],[-61.048371,16.307741],[-61.043033,16.311433],[-61.040208,16.314454],[-61.038609,16.314839],[-61.035729,16.317687],[-61.029843,16.321733],[-61.025496,16.32434],[-61.01866,16.327571],[-61.015592,16.328048],[-61.013985,16.329126],[-61.009067,16.329598],[-61.007593,16.331325],[-61.002033,16.333973],[-61.003543,16.337076],[-61.004859,16.338331],[-61.00635,16.34131],[-61.006436,16.344697],[-61.008403,16.347465],[-61.00848,16.349103],[-61.011805,16.349801],[-61.01698,16.348805],[-61.018652,16.345002],[-61.021175,16.343952],[-61.024418,16.344204],[-61.028379,16.340175],[-61.031086,16.34024],[-61.031367,16.337932],[-61.032443,16.337209],[-61.034867,16.338565],[-61.035579,16.337171],[-61.038069,16.335411],[-61.040113,16.335273],[-61.043806,16.333596],[-61.046124,16.330513],[-61.048872,16.3305],[-61.050895,16.327655],[-61.055754,16.326421],[-61.060029,16.322249],[-61.063421,16.321341],[-61.064451,16.320015],[-61.069502,16.31863],[-61.073466,16.319916],[-61.075995,16.317858],[-61.077362,16.315851],[-61.077279,16.313615],[-61.078622,16.312326],[-61.085896,16.311088],[-61.090094,16.31163],[-61.093747,16.305331],[-61.09576,16.305265],[-61.097887,16.302744],[-61.096224,16.299767],[-61.096223,16.298018],[-61.098597,16.294263],[-61.097521,16.29158],[-61.095852,16.290277],[-61.09495,16.293365],[-61.09135,16.295571],[-61.088887,16.296101],[-61.0865,16.295747],[-61.081703,16.297239],[-61.080028,16.299465],[-61.077065,16.299496],[-61.075718,16.301853],[-61.073909,16.302782],[-61.070245,16.302711],[-61.067905,16.303482],[-61.066339,16.303072],[-61.060437,16.305015],[-61.056949,16.305301],[-61.053246,16.306253]]],[[[-61.781681,16.37058],[-61.781808,16.367118],[-61.780473,16.364917],[-61.778891,16.364184],[-61.778019,16.368101],[-61.780354,16.368991],[-61.781681,16.37058]]],[[[-61.593067,16.34522],[-61.591657,16.346474],[-61.589677,16.345249],[-61.583352,16.344737],[-61.581296,16.345268],[-61.579231,16.349055],[-61.582802,16.352033],[-61.59004,16.353804],[-61.591384,16.352702],[-61.59134,16.349634],[-61.593958,16.345983],[-61.593067,16.34522]]],[[[-61.366952,16.336831],[-61.366568,16.33522],[-61.364688,16.335017],[-61.363691,16.336997],[-61.365197,16.337621],[-61.366952,16.336831]]],[[[-61.542597,16.213762],[-61.539604,16.21319],[-61.534956,16.213351],[-61.536778,16.215524],[-61.54082,16.215582],[-61.54308,16.218896],[-61.543902,16.215952],[-61.542597,16.213762]]],[[[-61.622335,15.852609],[-61.621078,15.855308],[-61.61847,15.851343],[-61.614698,15.854026],[-61.614413,15.855201],[-61.616506,15.858213],[-61.62065,15.859112],[-61.623913,15.858779],[-61.625008,15.86005],[-61.624892,15.862054],[-61.622881,15.864388],[-61.623947,15.866045],[-61.629641,15.866944],[-61.631689,15.868045],[-61.634527,15.867798],[-61.635279,15.870985],[-61.636973,15.868633],[-61.639387,15.863948],[-61.640612,15.862607],[-61.64654,15.859533],[-61.647023,15.853795],[-61.648648,15.852838],[-61.648787,15.849941],[-61.650756,15.847773],[-61.644273,15.845383],[-61.6341,15.839875],[-61.631747,15.841354],[-61.628326,15.842368],[-61.625393,15.848163],[-61.623466,15.849328],[-61.622335,15.852609]]],[[[-61.586323,15.838026],[-61.587222,15.839392],[-61.591557,15.843043],[-61.592853,15.840307],[-61.595428,15.838683],[-61.596671,15.836326],[-61.596108,15.834993],[-61.592939,15.835228],[-61.589893,15.833519],[-61.584754,15.832834],[-61.584836,15.835474],[-61.586323,15.838026]]],[[[-61.571304,15.869266],[-61.568982,15.869937],[-61.569345,15.871439],[-61.571703,15.873253],[-61.569251,15.87552],[-61.570113,15.876681],[-61.568304,15.878675],[-61.568913,15.879783],[-61.571666,15.881206],[-61.573719,15.883932],[-61.575066,15.877173],[-61.575869,15.874728],[-61.578494,15.874983],[-61.579903,15.876363],[-61.579232,15.878265],[-61.582032,15.880129],[-61.582402,15.877642],[-61.584864,15.876161],[-61.585307,15.874565],[-61.583328,15.872839],[-61.582192,15.869218],[-61.584068,15.864825],[-61.58619,15.863681],[-61.587783,15.864476],[-61.593858,15.864119],[-61.598759,15.863497],[-61.600968,15.859597],[-61.604899,15.859558],[-61.606708,15.857401],[-61.60231,15.857679],[-61.601479,15.855946],[-61.597501,15.853303],[-61.591765,15.853355],[-61.589685,15.855865],[-61.589119,15.858752],[-61.587386,15.858846],[-61.586327,15.857225],[-61.582522,15.856998],[-61.579263,15.8575],[-61.577521,15.856175],[-61.576181,15.858206],[-61.57885,15.860195],[-61.57857,15.862385],[-61.576646,15.866809],[-61.575477,15.867683],[-61.572114,15.867428],[-61.571304,15.869266]]],[[[-61.593933,15.871801],[-61.591074,15.875843],[-61.591647,15.877844],[-61.596269,15.877741],[-61.597703,15.877036],[-61.599655,15.878397],[-61.601121,15.876388],[-61.597141,15.875176],[-61.595018,15.872173],[-61.593933,15.871801]]]]},"properties":{"code":"01","nom":"Guadeloupe"}},
{"type":"Feature","geometry":{"type":"MultiPolygon","coordinates":[[[[-61.053366,14.455703],[-61.049762,14.457323],[-61.047229,14.460479],[-61.046129,14.463963],[-61.046895,14.466695],[-61.046313,14.468333],[-61.041827,14.473012],[-61.036845,14.475449],[-61.028337,14.478687],[-61.022719,14.480311],[-61.018953,14.480925],[-61.016663,14.479455],[-61.01515,14.476945],[-61.009832,14.473572],[-61.007824,14.473208],[-61.006814,14.476058],[-61.008182,14.481678],[-61.007723,14.48296],[-61.005118,14.481114],[-61.004527,14.479143],[-61.002959,14.477535],[-61.000116,14.473153],[-61.000399,14.471031],[-60.997355,14.468366],[-60.994519,14.468887],[-60.991383,14.466418],[-60.989593,14.468174],[-60.990117,14.470353],[-60.990097,14.474935],[-60.992036,14.476512],[-60.990398,14.478374],[-60.987996,14.47608],[-60.987942,14.474856],[-60.986038,14.472895],[-60.984476,14.473684],[-60.984771,14.477972],[-60.986121,14.47957],[-60.98357,14.48008],[-60.983221,14.482476],[-60.985162,14.484513],[-60.983568,14.486315],[-60.982131,14.483447],[-60.980631,14.483009],[-60.977672,14.478334],[-60.97616,14.477455],[-60.975629,14.475477],[-60.976312,14.473435],[-60.978438,14.471606],[-60.976274,14.469083],[-60.974494,14.468315],[-60.969441,14.470383],[-60.971384,14.473744],[-60.969446,14.474291],[-60.968835,14.472752],[-60.966528,14.473988],[-60.969442,14.475879],[-60.969629,14.476797],[-60.966736,14.478399],[-60.964335,14.477329],[-60.963333,14.475352],[-60.963625,14.473508],[-60.962084,14.47124],[-60.961475,14.468907],[-60.956876,14.467615],[-60.955463,14.465289],[-60.951833,14.466904],[-60.948351,14.467321],[-60.943087,14.466374],[-60.940891,14.464133],[-60.938154,14.464905],[-60.935752,14.464498],[-60.93416,14.462555],[-60.93199,14.4628],[-60.930246,14.464159],[-60.928133,14.464437],[-60.926056,14.466141],[-60.920334,14.467869],[-60.919037,14.467329],[-60.916476,14.468344],[-60.908983,14.46988],[-60.908459,14.468307],[-60.911183,14.466162],[-60.9123,14.461948],[-60.91179,14.460534],[-60.909468,14.459989],[-60.906008,14.455473],[-60.901383,14.452837],[-60.899911,14.451375],[-60.900585,14.44986],[-60.899213,14.447874],[-60.897558,14.449782],[-60.892533,14.453138],[-60.892861,14.455374],[-60.89074,14.458858],[-60.885419,14.463626],[-60.88443,14.464059],[-60.881601,14.469383],[-60.878422,14.469153],[-60.878118,14.470736],[-60.875269,14.472214],[-60.872646,14.468751],[-60.86638,14.470764],[-60.863453,14.466683],[-60.860167,14.467927],[-60.860053,14.465171],[-60.862038,14.462925],[-60.861918,14.46062],[-60.864675,14.460873],[-60.867748,14.458317],[-60.866182,14.457208],[-60.864727,14.458193],[-60.862773,14.457133],[-60.860542,14.45768],[-60.860916,14.454947],[-60.862205,14.455051],[-60.863398,14.452348],[-60.867011,14.452902],[-60.868259,14.455142],[-60.872819,14.457096],[-60.873803,14.45344],[-60.872527,14.449044],[-60.871012,14.446527],[-60.872196,14.44562],[-60.873864,14.448415],[-60.876568,14.448729],[-60.87645,14.446128],[-60.87903,14.445451],[-60.880623,14.449108],[-60.882807,14.451862],[-60.884339,14.447529],[-60.881136,14.443208],[-60.879883,14.438654],[-60.880776,14.437841],[-60.882196,14.433738],[-60.883322,14.433465],[-60.885555,14.429535],[-60.886077,14.426964],[-60.889511,14.423572],[-60.890683,14.421804],[-60.892791,14.421487],[-60.893326,14.419325],[-60.886469,14.415054],[-60.885272,14.413651],[-60.885088,14.411411],[-60.887058,14.409784],[-60.884753,14.408545],[-60.884509,14.405372],[-60.881935,14.405031],[-60.877153,14.402157],[-60.876125,14.400661],[-60.876251,14.397173],[-60.872983,14.396787],[-60.868267,14.395025],[-60.866104,14.396869],[-60.862391,14.395834],[-60.861028,14.39713],[-60.85756,14.398111],[-60.855765,14.397077],[-60.856109,14.401236],[-60.854745,14.402275],[-60.854951,14.404152],[-60.853507,14.406288],[-60.850691,14.407949],[-60.849449,14.411087],[-60.84637,14.413599],[-60.843615,14.413474],[-60.841799,14.411206],[-60.839024,14.411061],[-60.837891,14.414236],[-60.839681,14.41532],[-60.842356,14.412714],[-60.843838,14.414016],[-60.847298,14.413906],[-60.850956,14.41035],[-60.852011,14.414698],[-60.854061,14.416151],[-60.851651,14.417644],[-60.850424,14.415256],[-60.847525,14.414051],[-60.844736,14.416937],[-60.843176,14.420324],[-60.844245,14.421067],[-60.846318,14.419098],[-60.8496,14.419074],[-60.850154,14.421848],[-60.849019,14.424577],[-60.849436,14.427293],[-60.847489,14.430526],[-60.848673,14.432656],[-60.847001,14.434946],[-60.845043,14.432764],[-60.843006,14.432206],[-60.842629,14.430932],[-60.840294,14.430469],[-60.839661,14.42839],[-60.837547,14.426394],[-60.840013,14.425797],[-60.839289,14.422232],[-60.835176,14.423395],[-60.835129,14.427033],[-60.833837,14.426961],[-60.832727,14.429783],[-60.834075,14.431038],[-60.834704,14.434477],[-60.832643,14.433524],[-60.829409,14.435778],[-60.826976,14.435262],[-60.825822,14.437298],[-60.824254,14.443911],[-60.822628,14.446459],[-60.823995,14.448858],[-60.823687,14.452554],[-60.821816,14.452893],[-60.821654,14.455763],[-60.818486,14.458612],[-60.815587,14.458755],[-60.814048,14.460423],[-60.817192,14.466041],[-60.818935,14.467356],[-60.819242,14.47],[-60.822587,14.470769],[-60.824293,14.471812],[-60.821521,14.47316],[-60.823117,14.475689],[-60.819938,14.476541],[-60.815981,14.473283],[-60.813602,14.473908],[-60.813067,14.477007],[-60.81152,14.477874],[-60.810497,14.479993],[-60.812607,14.482656],[-60.815034,14.487263],[-60.814091,14.489515],[-60.815449,14.492955],[-60.820808,14.492892],[-60.822344,14.494039],[-60.823539,14.49741],[-60.82315,14.501418],[-60.823945,14.505793],[-60.822471,14.508272],[-60.822491,14.510525],[-60.824819,14.514873],[-60.828135,14.511252],[-60.830149,14.511562],[-60.830921,14.50958],[-60.832698,14.510357],[-60.834649,14.509898],[-60.837568,14.511676],[-60.837135,14.513649],[-60.835506,14.515347],[-60.836386,14.516923],[-60.833195,14.517833],[-60.835429,14.519783],[-60.834845,14.523139],[-60.832328,14.524742],[-60.834396,14.526472],[-60.83446,14.527983],[-60.82902,14.528152],[-60.827554,14.528772],[-60.827926,14.531166],[-60.830309,14.531933],[-60.833366,14.530857],[-60.833862,14.532992],[-60.836834,14.53223],[-60.838256,14.534251],[-60.835477,14.534817],[-60.834973,14.537058],[-60.829882,14.536175],[-60.827838,14.536343],[-60.827453,14.539811],[-60.829082,14.542287],[-60.831471,14.544123],[-60.832106,14.545611],[-60.835624,14.545565],[-60.839583,14.551221],[-60.836224,14.551136],[-60.83661,14.554845],[-60.835601,14.556695],[-60.833743,14.556327],[-60.832685,14.558483],[-60.830768,14.559316],[-60.829949,14.562232],[-60.829722,14.565446],[-60.828057,14.566096],[-60.827049,14.568472],[-60.83058,14.569429],[-60.832972,14.566257],[-60.836642,14.564163],[-60.838884,14.561927],[-60.839311,14.560015],[-60.845914,14.5571],[-60.847177,14.560423],[-60.846497,14.561599],[-60.843165,14.561868],[-60.840695,14.564024],[-60.840922,14.567017],[-60.842557,14.566964],[-60.846009,14.565038],[-60.848691,14.564661],[-60.848339,14.567498],[-60.845332,14.568043],[-60.843621,14.570636],[-60.845069,14.570936],[-60.846885,14.569514],[-60.849243,14.570307],[-60.851821,14.567471],[-60.853536,14.570091],[-60.854618,14.573197],[-60.854391,14.575574],[-60.851601,14.577151],[-60.847335,14.576407],[-60.844046,14.578578],[-60.848352,14.579769],[-60.849529,14.578012],[-60.851519,14.578048],[-60.850807,14.580231],[-60.852311,14.580735],[-60.85035,14.58303],[-60.846033,14.582434],[-60.84648,14.584666],[-60.848452,14.584227],[-60.850312,14.585374],[-60.849368,14.589952],[-60.851912,14.592501],[-60.855795,14.592206],[-60.857841,14.589641],[-60.861161,14.588246],[-60.863762,14.588681],[-60.868306,14.590654],[-60.868319,14.593485],[-60.870416,14.594043],[-60.872784,14.597004],[-60.872575,14.598966],[-60.870932,14.601479],[-60.868931,14.602027],[-60.869327,14.605238],[-60.872829,14.607462],[-60.87541,14.608086],[-60.875894,14.610246],[-60.877856,14.610346],[-60.879622,14.612843],[-60.876312,14.61417],[-60.870797,14.617868],[-60.871784,14.618816],[-60.875036,14.619189],[-60.876835,14.621657],[-60.880309,14.619296],[-60.883241,14.619899],[-60.883114,14.616924],[-60.885346,14.615143],[-60.887307,14.615404],[-60.886587,14.618993],[-60.887467,14.621829],[-60.889287,14.621852],[-60.889071,14.619539],[-60.892854,14.620213],[-60.893985,14.619463],[-60.895608,14.620828],[-60.898082,14.620584],[-60.898832,14.623084],[-60.89734,14.624249],[-60.89777,14.628817],[-60.894895,14.62831],[-60.893616,14.63122],[-60.890905,14.631264],[-60.892282,14.633732],[-60.894294,14.634476],[-60.893747,14.637199],[-60.895068,14.638698],[-60.893506,14.640597],[-60.89588,14.641314],[-60.896912,14.643042],[-60.899911,14.645527],[-60.905471,14.646197],[-60.905328,14.648565],[-60.903754,14.648401],[-60.901965,14.650681],[-60.898297,14.652309],[-60.897897,14.648814],[-60.896553,14.648382],[-60.895019,14.650751],[-60.894,14.649966],[-60.891474,14.65143],[-60.890074,14.650588],[-60.889149,14.653595],[-60.886312,14.652722],[-60.884754,14.65657],[-60.883429,14.658197],[-60.883753,14.661552],[-60.882444,14.663624],[-60.884268,14.666133],[-60.886756,14.666363],[-60.891328,14.664923],[-60.891739,14.662112],[-60.889993,14.659624],[-60.895376,14.659254],[-60.894732,14.661168],[-60.898807,14.661592],[-60.898038,14.665296],[-60.900444,14.664938],[-60.901551,14.662173],[-60.903795,14.664018],[-60.903534,14.66618],[-60.906272,14.666627],[-60.905685,14.663341],[-60.907981,14.66347],[-60.90938,14.662458],[-60.910659,14.665353],[-60.913393,14.664986],[-60.915913,14.663592],[-60.916084,14.662608],[-60.91373,14.660332],[-60.916475,14.659928],[-60.917712,14.661077],[-60.920013,14.657741],[-60.916635,14.653088],[-60.920908,14.651744],[-60.921498,14.654777],[-60.923614,14.654731],[-60.924258,14.65219],[-60.926046,14.651172],[-60.930023,14.654331],[-60.930715,14.65594],[-60.932999,14.657858],[-60.934485,14.660297],[-60.935109,14.66474],[-60.939247,14.665224],[-60.94053,14.667208],[-60.942146,14.667631],[-60.942885,14.672241],[-60.941075,14.672584],[-60.938331,14.674934],[-60.937495,14.677568],[-60.937885,14.680294],[-60.936572,14.68277],[-60.935203,14.683852],[-60.931975,14.684326],[-60.931946,14.681459],[-60.930189,14.678813],[-60.929011,14.678628],[-60.926187,14.679948],[-60.92918,14.683149],[-60.929191,14.686112],[-60.926014,14.689073],[-60.923383,14.688896],[-60.921372,14.690332],[-60.919648,14.689758],[-60.918504,14.691686],[-60.91851,14.693598],[-60.913256,14.694162],[-60.910249,14.691423],[-60.912336,14.690009],[-60.910415,14.688865],[-60.907168,14.695902],[-60.90557,14.69686],[-60.903874,14.69522],[-60.901844,14.695438],[-60.902986,14.699211],[-60.902982,14.701642],[-60.906882,14.699895],[-60.909783,14.699918],[-60.9145,14.703259],[-60.915357,14.705038],[-60.912884,14.707096],[-60.915112,14.708619],[-60.914228,14.711455],[-60.914872,14.713389],[-60.916575,14.715151],[-60.918424,14.713971],[-60.916492,14.712688],[-60.92025,14.710349],[-60.918915,14.708467],[-60.920239,14.707599],[-60.922845,14.710274],[-60.925158,14.707802],[-60.930128,14.706399],[-60.93276,14.707543],[-60.934008,14.710211],[-60.932425,14.713242],[-60.928447,14.715289],[-60.929484,14.717604],[-60.92791,14.72038],[-60.926174,14.72001],[-60.925174,14.721665],[-60.927207,14.722382],[-60.927979,14.721298],[-60.930437,14.721697],[-60.932466,14.718905],[-60.931958,14.716658],[-60.935047,14.712955],[-60.93604,14.715464],[-60.937466,14.714306],[-60.939834,14.714882],[-60.941579,14.714202],[-60.942261,14.720355],[-60.945416,14.724793],[-60.945877,14.727765],[-60.944409,14.733025],[-60.94325,14.734039],[-60.941554,14.73267],[-60.940686,14.734682],[-60.942761,14.735796],[-60.94462,14.738185],[-60.943471,14.74303],[-60.940907,14.74305],[-60.938558,14.745722],[-60.938099,14.748868],[-60.936877,14.750012],[-60.93437,14.750525],[-60.933371,14.749355],[-60.930763,14.749323],[-60.929289,14.750363],[-60.925987,14.750805],[-60.924266,14.749362],[-60.919485,14.748429],[-60.919859,14.746634],[-60.91726,14.746883],[-60.912039,14.743996],[-60.910881,14.740753],[-60.910792,14.735919],[-60.908094,14.734712],[-60.906761,14.736373],[-60.902015,14.736907],[-60.900727,14.734522],[-60.896274,14.735232],[-60.895136,14.737247],[-60.891694,14.737529],[-60.891436,14.740892],[-60.894645,14.74202],[-60.895467,14.741424],[-60.898269,14.742151],[-60.899244,14.743481],[-60.897269,14.746709],[-60.895591,14.746682],[-60.894971,14.748892],[-60.893623,14.74942],[-60.890621,14.747793],[-60.889383,14.749814],[-60.888578,14.753555],[-60.88969,14.753802],[-60.890473,14.756273],[-60.894187,14.756729],[-60.89692,14.758615],[-60.895937,14.762869],[-60.893551,14.761989],[-60.893385,14.765818],[-60.889422,14.767394],[-60.885412,14.765951],[-60.884986,14.768429],[-60.880773,14.765444],[-60.882167,14.763897],[-60.881296,14.761053],[-60.87823,14.758867],[-60.873313,14.758276],[-60.872716,14.760223],[-60.875761,14.763614],[-60.87577,14.766618],[-60.874062,14.768009],[-60.873908,14.771126],[-60.878632,14.775304],[-60.881839,14.776996],[-60.885858,14.776612],[-60.885127,14.77818],[-60.88593,14.780152],[-60.888671,14.779836],[-60.89069,14.776088],[-60.892223,14.775307],[-60.893482,14.773269],[-60.897381,14.770102],[-60.901166,14.769822],[-60.902169,14.766985],[-60.903661,14.766268],[-60.911331,14.765245],[-60.911636,14.762796],[-60.913005,14.761852],[-60.916371,14.761114],[-60.920776,14.758373],[-60.922667,14.758587],[-60.925045,14.761804],[-60.932499,14.762302],[-60.935615,14.759229],[-60.942926,14.756695],[-60.945082,14.757427],[-60.944967,14.755022],[-60.947268,14.753507],[-60.94791,14.751994],[-60.950814,14.750132],[-60.95257,14.747811],[-60.952776,14.742972],[-60.954551,14.737606],[-60.957719,14.736201],[-60.959534,14.737697],[-60.961744,14.73792],[-60.96284,14.739837],[-60.962568,14.741737],[-60.963658,14.744396],[-60.963005,14.746365],[-60.966285,14.750252],[-60.967761,14.753277],[-60.966184,14.756097],[-60.967939,14.760599],[-60.972023,14.762481],[-60.974157,14.764042],[-60.975007,14.766005],[-60.974351,14.767947],[-60.976027,14.768845],[-60.97824,14.768778],[-60.980236,14.771625],[-60.983058,14.774458],[-60.982466,14.775684],[-60.980389,14.775455],[-60.980011,14.777579],[-60.981459,14.778892],[-60.983554,14.777987],[-60.985284,14.778471],[-60.987249,14.777763],[-60.989613,14.779975],[-60.990746,14.782045],[-60.991293,14.78517],[-60.996391,14.78644],[-60.998752,14.79019],[-60.998721,14.793732],[-61.002518,14.795942],[-61.005138,14.799627],[-61.005274,14.801701],[-61.003788,14.803309],[-61.003738,14.804999],[-61.001546,14.807411],[-61.002642,14.80896],[-61.005364,14.807791],[-61.00909,14.808168],[-61.011536,14.80677],[-61.014299,14.806986],[-61.016924,14.808131],[-61.020845,14.812557],[-61.02114,14.817456],[-61.023011,14.821925],[-61.025504,14.823164],[-61.029492,14.822609],[-61.031719,14.823345],[-61.031789,14.824933],[-61.029358,14.827662],[-61.029332,14.830354],[-61.031408,14.831074],[-61.036187,14.829805],[-61.039909,14.83191],[-61.040249,14.83403],[-61.042574,14.835905],[-61.045429,14.835745],[-61.048716,14.833177],[-61.051495,14.832495],[-61.054277,14.832872],[-61.057113,14.834244],[-61.061713,14.837319],[-61.063555,14.839769],[-61.065139,14.843333],[-61.072503,14.843874],[-61.073617,14.845276],[-61.077632,14.846431],[-61.079713,14.848514],[-61.080146,14.850388],[-61.082683,14.852299],[-61.084956,14.853124],[-61.088703,14.852998],[-61.092235,14.85524],[-61.096896,14.860055],[-61.098413,14.86328],[-61.103204,14.863708],[-61.106268,14.866773],[-61.109125,14.86664],[-61.112822,14.868913],[-61.114482,14.870543],[-61.117354,14.869166],[-61.120506,14.870158],[-61.125559,14.873685],[-61.129817,14.874872],[-61.135036,14.874469],[-61.138228,14.877157],[-61.140647,14.877747],[-61.144772,14.876864],[-61.148315,14.878716],[-61.153886,14.877068],[-61.158177,14.87757],[-61.16535,14.877284],[-61.167835,14.876246],[-61.171062,14.876074],[-61.173957,14.874552],[-61.176336,14.873989],[-61.180546,14.87506],[-61.181912,14.873655],[-61.18253,14.871556],[-61.18739,14.868618],[-61.19381,14.866205],[-61.194687,14.8649],[-61.201594,14.862258],[-61.206362,14.86169],[-61.210872,14.857374],[-61.214015,14.848632],[-61.217104,14.847341],[-61.219407,14.844826],[-61.21869,14.843122],[-61.223033,14.83793],[-61.223818,14.83366],[-61.225892,14.832184],[-61.226094,14.828296],[-61.22755,14.826403],[-61.229033,14.822419],[-61.228406,14.819552],[-61.22897,14.81867],[-61.228734,14.811102],[-61.226016,14.806708],[-61.226804,14.805533],[-61.227119,14.801547],[-61.223986,14.799849],[-61.222184,14.797812],[-61.219034,14.789275],[-61.216357,14.785573],[-61.215128,14.782985],[-61.212539,14.781602],[-61.208564,14.781143],[-61.205671,14.780152],[-61.203047,14.777053],[-61.202666,14.774341],[-61.20086,14.772518],[-61.198469,14.767341],[-61.194638,14.764254],[-61.192161,14.763431],[-61.191497,14.762087],[-61.185372,14.757549],[-61.183981,14.754304],[-61.179914,14.750629],[-61.179078,14.747677],[-61.176654,14.745287],[-61.176472,14.740853],[-61.176883,14.737569],[-61.180007,14.730678],[-61.179744,14.729871],[-61.181869,14.723812],[-61.181705,14.722656],[-61.184278,14.712748],[-61.184611,14.708598],[-61.181217,14.698936],[-61.176796,14.689074],[-61.173988,14.68564],[-61.17131,14.68117],[-61.166145,14.67346],[-61.164283,14.672588],[-61.164209,14.671204],[-61.161461,14.666046],[-61.158673,14.663455],[-61.157119,14.657109],[-61.15317,14.655145],[-61.151994,14.65135],[-61.152066,14.649559],[-61.148623,14.647103],[-61.145005,14.646417],[-61.142085,14.644895],[-61.141183,14.643195],[-61.138241,14.641091],[-61.13924,14.639365],[-61.138842,14.637358],[-61.136206,14.634864],[-61.135483,14.633082],[-61.132629,14.633642],[-61.130049,14.63325],[-61.129219,14.631761],[-61.127595,14.632248],[-61.123449,14.63003],[-61.122913,14.629045],[-61.119876,14.630023],[-61.118738,14.628351],[-61.113598,14.626968],[-61.110876,14.625257],[-61.110149,14.623325],[-61.106598,14.621293],[-61.104071,14.618557],[-61.103293,14.615322],[-61.100566,14.614518],[-61.09703,14.60708],[-61.094174,14.603827],[-61.092123,14.6005],[-61.090325,14.599007],[-61.089007,14.599963],[-61.086051,14.600018],[-61.084341,14.599088],[-61.082914,14.59979],[-61.077516,14.60096],[-61.073096,14.601341],[-61.071636,14.602343],[-61.069603,14.602321],[-61.067034,14.600472],[-61.06661,14.597764],[-61.065559,14.59733],[-61.064644,14.601403],[-61.062696,14.601533],[-61.06144,14.60016],[-61.059282,14.602254],[-61.058103,14.602267],[-61.061018,14.597051],[-61.060556,14.594688],[-61.055431,14.594912],[-61.053512,14.597903],[-61.049526,14.597647],[-61.048341,14.596574],[-61.048791,14.594584],[-61.050768,14.594104],[-61.049959,14.590033],[-61.045953,14.59063],[-61.04635,14.593596],[-61.042811,14.594595],[-61.043056,14.597569],[-61.041619,14.598962],[-61.038244,14.594801],[-61.037426,14.596332],[-61.039116,14.600438],[-61.039285,14.603016],[-61.037888,14.604826],[-61.036276,14.610208],[-61.034098,14.609486],[-61.034246,14.606406],[-61.030558,14.607234],[-61.027021,14.608832],[-61.026627,14.611267],[-61.024044,14.613475],[-61.023986,14.614663],[-61.021966,14.616874],[-61.019325,14.61651],[-61.016149,14.614793],[-61.01347,14.612665],[-61.011288,14.613151],[-61.007723,14.611539],[-61.010987,14.60664],[-61.010017,14.605311],[-61.01183,14.603642],[-61.011728,14.602395],[-61.001992,14.602394],[-61.003091,14.599027],[-61.006211,14.598327],[-61.006352,14.594674],[-61.008703,14.592776],[-61.023993,14.590066],[-61.023554,14.586792],[-61.024397,14.585185],[-61.023455,14.583763],[-61.021356,14.583434],[-61.017613,14.587169],[-61.013694,14.588376],[-61.009338,14.588694],[-61.009939,14.585766],[-61.011592,14.584901],[-61.009393,14.58301],[-61.007526,14.582948],[-61.003485,14.580459],[-61.00319,14.576291],[-61.002223,14.574379],[-61.003628,14.573716],[-61.00445,14.569919],[-61.004098,14.568086],[-61.005093,14.565364],[-61.002975,14.565555],[-61.002425,14.562807],[-60.999927,14.566759],[-60.997681,14.566145],[-60.997886,14.568718],[-60.996035,14.570742],[-60.993732,14.57455],[-60.991592,14.575076],[-60.99052,14.573257],[-60.993421,14.57128],[-60.993979,14.567942],[-60.992086,14.567806],[-60.990529,14.564077],[-60.987326,14.563002],[-60.987637,14.561151],[-60.985839,14.557076],[-60.982818,14.557326],[-60.980694,14.556183],[-60.983575,14.554775],[-60.981227,14.553583],[-60.978489,14.553878],[-60.977063,14.555098],[-60.974616,14.553739],[-60.974852,14.552374],[-60.980178,14.551444],[-60.983643,14.548838],[-60.983108,14.547235],[-60.987634,14.546068],[-60.986991,14.543572],[-60.984754,14.543681],[-60.981063,14.54517],[-60.97859,14.543797],[-60.980098,14.540877],[-60.982423,14.541524],[-60.985664,14.53838],[-60.984451,14.534223],[-60.98759,14.537135],[-60.987988,14.529264],[-60.991808,14.530989],[-60.994029,14.531341],[-60.995387,14.533951],[-60.994495,14.535025],[-60.995313,14.537369],[-60.997275,14.534463],[-60.997068,14.531788],[-61.000462,14.5316],[-61.001871,14.532931],[-61.006809,14.530958],[-61.006649,14.534042],[-61.010097,14.53404],[-61.009427,14.53565],[-61.006105,14.539052],[-61.005913,14.540473],[-61.008192,14.541803],[-61.00898,14.539636],[-61.010424,14.538236],[-61.012986,14.537496],[-61.012465,14.535471],[-61.013457,14.53461],[-61.016669,14.536009],[-61.019554,14.535111],[-61.020488,14.533183],[-61.022358,14.532503],[-61.022125,14.535074],[-61.020624,14.537275],[-61.022801,14.539699],[-61.026845,14.534755],[-61.027751,14.536987],[-61.031832,14.536633],[-61.030801,14.53903],[-61.031453,14.540728],[-61.03483,14.541592],[-61.040817,14.541416],[-61.042239,14.543435],[-61.043606,14.547499],[-61.040033,14.547828],[-61.037364,14.553202],[-61.037499,14.555558],[-61.038657,14.556689],[-61.040645,14.555973],[-61.043054,14.55257],[-61.044907,14.551717],[-61.046765,14.552476],[-61.050592,14.550926],[-61.051252,14.555101],[-61.049425,14.556161],[-61.048989,14.55901],[-61.050795,14.558447],[-61.052843,14.559869],[-61.053639,14.556042],[-61.052857,14.553659],[-61.054208,14.551391],[-61.057448,14.550416],[-61.058395,14.551581],[-61.060296,14.55124],[-61.06085,14.549454],[-61.06477,14.544144],[-61.063974,14.542685],[-61.065231,14.541007],[-61.068045,14.539643],[-61.070627,14.540824],[-61.074136,14.54076],[-61.076369,14.542175],[-61.080988,14.536802],[-61.082715,14.537084],[-61.084177,14.534612],[-61.087647,14.534238],[-61.088663,14.530217],[-61.087679,14.528484],[-61.090153,14.525247],[-61.093165,14.525589],[-61.09439,14.524625],[-61.094372,14.522064],[-61.097224,14.518674],[-61.096571,14.514343],[-61.09762,14.511925],[-61.099606,14.510818],[-61.100928,14.508118],[-61.099971,14.507077],[-61.096567,14.506514],[-61.091025,14.507991],[-61.087565,14.50708],[-61.084894,14.504532],[-61.083747,14.500419],[-61.084022,14.498651],[-61.08624,14.49773],[-61.087424,14.49844],[-61.089674,14.497774],[-61.089224,14.494813],[-61.090313,14.492548],[-61.085633,14.490992],[-61.082524,14.492051],[-61.079565,14.489418],[-61.079925,14.484889],[-61.078994,14.479601],[-61.079677,14.47799],[-61.082579,14.476355],[-61.081734,14.475063],[-61.082341,14.473206],[-61.081655,14.470518],[-61.079865,14.468746],[-61.076226,14.467678],[-61.073842,14.468939],[-61.07019,14.468753],[-61.067896,14.466613],[-61.0672,14.46442],[-61.066858,14.459875],[-61.062678,14.455846],[-61.059067,14.45435],[-61.055532,14.453951],[-61.053366,14.455703]]],[[[-61.040769,14.443424],[-61.039063,14.441967],[-61.037613,14.442941],[-61.038194,14.444535],[-61.040769,14.443424]]],[[[-60.862171,14.608383],[-60.857642,14.609497],[-60.857058,14.610929],[-60.853489,14.611216],[-60.851521,14.614337],[-60.855944,14.612619],[-60.857312,14.613064],[-60.858428,14.610627],[-60.861101,14.609735],[-60.862171,14.608383]]],[[[-60.864715,14.619004],[-60.863789,14.618225],[-60.861187,14.618524],[-60.860039,14.621048],[-60.864715,14.619004]]],[[[-60.850386,14.625261],[-60.848813,14.623579],[-60.846068,14.62541],[-60.847185,14.626996],[-60.850386,14.625261]]],[[[-60.854386,14.62676],[-60.851956,14.627368],[-60.853001,14.629486],[-60.854386,14.62676]]],[[[-60.889875,14.633678],[-60.88854,14.632509],[-60.888317,14.630028],[-60.885377,14.631385],[-60.888887,14.634955],[-60.889875,14.633678]]],[[[-61.004924,14.577778],[-61.005044,14.57958],[-61.008141,14.580754],[-61.008429,14.578603],[-61.006292,14.577307],[-61.009037,14.575127],[-61.006724,14.57427],[-61.004924,14.577778]]],[[[-60.884616,14.690377],[-60.883981,14.686817],[-60.882438,14.68769],[-60.884616,14.690377]]],[[[-60.89846,14.69654],[-60.895203,14.69379],[-60.892059,14.693062],[-60.891856,14.691186],[-60.889217,14.689497],[-60.888634,14.691633],[-60.882615,14.69286],[-60.879923,14.691221],[-60.879596,14.693111],[-60.882387,14.694581],[-60.883632,14.694313],[-60.888391,14.696775],[-60.891096,14.696355],[-60.893525,14.696979],[-60.895582,14.695519],[-60.897376,14.697123],[-60.89846,14.69654]]],[[[-60.830051,14.431209],[-60.830097,14.429809],[-60.82733,14.428223],[-60.825156,14.430209],[-60.825797,14.432062],[-60.829258,14.432039],[-60.830051,14.431209]]],[[[-61.021812,14.547917],[-61.020776,14.54662],[-61.015973,14.548597],[-61.017529,14.550158],[-61.02096,14.549381],[-61.021812,14.547917]]],[[[-60.838429,14.567312],[-60.837423,14.566861],[-60.834443,14.567938],[-60.835434,14.570359],[-60.838429,14.567312]]]]},"properties":{"code":"02","nom":"Martinique"}},
{"type":"Feature","geometry":{"type":"MultiPolygon","coordinates":[[[[-51.736731,4.454171],[-51.739714,4.453637],[-51.740626,4.451753],[-51.74072,4.449435],[-51.73889,4.44794],[-51.737978,4.449872],[-51.735046,4.453159],[-51.736731,4.454171]]],[[[-52.168031,4.776795],[-52.166865,4.779365],[-52.167133,4.786017],[-52.171117,4.788392],[-52.172471,4.791694],[-52.173117,4.794869],[-52.174768,4.796819],[-52.173083,4.799525],[-52.175012,4.802269],[-52.173518,4.804267],[-52.175277,4.806775],[-52.177869,4.808573],[-52.176822,4.809648],[-52.178624,4.811961],[-52.180723,4.81346],[-52.181518,4.815647],[-52.183937,4.816545],[-52.187514,4.818985],[-52.192029,4.819428],[-52.194194,4.822106],[-52.195371,4.822361],[-52.196232,4.825343],[-52.200361,4.825636],[-52.201885,4.82838],[-52.204092,4.830092],[-52.208117,4.831715],[-52.20955,4.831477],[-52.211001,4.829501],[-52.212288,4.830936],[-52.21182,4.832696],[-52.210175,4.83388],[-52.210585,4.836067],[-52.21251,4.83587],[-52.214462,4.838871],[-52.215532,4.838847],[-52.219857,4.841094],[-52.222489,4.840251],[-52.224864,4.841084],[-52.226315,4.838614],[-52.228181,4.841228],[-52.23154,4.841308],[-52.233421,4.840489],[-52.231491,4.838196],[-52.232515,4.836692],[-52.236862,4.838551],[-52.238187,4.838055],[-52.243708,4.838367],[-52.24531,4.837334],[-52.243934,4.833279],[-52.240038,4.831934],[-52.240678,4.830946],[-52.243309,4.830941],[-52.244672,4.827161],[-52.247217,4.826555],[-52.249757,4.823632],[-52.252285,4.825408],[-52.254467,4.825404],[-52.255296,4.826577],[-52.25999,4.830729],[-52.261127,4.829533],[-52.26395,4.82869],[-52.265228,4.825985],[-52.266962,4.826646],[-52.268437,4.825871],[-52.26983,4.827049],[-52.269234,4.829153],[-52.267718,4.830443],[-52.271294,4.832411],[-52.269949,4.833766],[-52.274703,4.836331],[-52.275736,4.83914],[-52.277547,4.835918],[-52.278832,4.836366],[-52.280991,4.835461],[-52.279255,4.83351],[-52.274292,4.8246],[-52.279453,4.82897],[-52.281041,4.827412],[-52.281099,4.8243],[-52.285188,4.818622],[-52.291503,4.821735],[-52.298756,4.824711],[-52.297046,4.83054],[-52.296921,4.832135],[-52.291373,4.84204],[-52.289092,4.845059],[-52.286786,4.849493],[-52.284258,4.852072],[-52.281684,4.853588],[-52.279029,4.854205],[-52.272868,4.853095],[-52.269975,4.853639],[-52.266941,4.852573],[-52.265372,4.852893],[-52.262673,4.854819],[-52.260619,4.854113],[-52.259928,4.855929],[-52.256227,4.857932],[-52.25682,4.860168],[-52.255126,4.862079],[-52.254625,4.863917],[-52.253106,4.864126],[-52.249497,4.867888],[-52.249183,4.869783],[-52.247201,4.871076],[-52.2438,4.87812],[-52.244575,4.880828],[-52.245815,4.882483],[-52.246179,4.886547],[-52.250816,4.890178],[-52.252473,4.890454],[-52.254925,4.893214],[-52.26082,4.897355],[-52.26285,4.900093],[-52.263518,4.906808],[-52.261376,4.909842],[-52.259487,4.908814],[-52.257463,4.910132],[-52.258808,4.913507],[-52.260574,4.912671],[-52.263275,4.914363],[-52.272014,4.924294],[-52.281588,4.932562],[-52.283837,4.935983],[-52.282967,4.939418],[-52.2866,4.942512],[-52.289366,4.940215],[-52.292194,4.940173],[-52.297377,4.943856],[-52.300987,4.948741],[-52.301143,4.950909],[-52.303937,4.951359],[-52.304897,4.950334],[-52.307989,4.950276],[-52.309764,4.951177],[-52.310689,4.949981],[-52.312925,4.949529],[-52.319203,4.943878],[-52.321479,4.944759],[-52.322923,4.944096],[-52.325404,4.944804],[-52.327668,4.943333],[-52.330652,4.9433],[-52.332064,4.94433],[-52.333682,4.942216],[-52.335847,4.941249],[-52.336894,4.939354],[-52.338237,4.939488],[-52.338247,4.936761],[-52.336576,4.934178],[-52.335226,4.934041],[-52.334314,4.931366],[-52.334316,4.928198],[-52.335011,4.924198],[-52.336685,4.920077],[-52.340039,4.916709],[-52.341789,4.912282],[-52.34421,4.90881],[-52.348563,4.90516],[-52.353977,4.903513],[-52.356899,4.903738],[-52.359068,4.905288],[-52.361057,4.904764],[-52.364061,4.902377],[-52.370511,4.910923],[-52.357842,4.913793],[-52.356643,4.91484],[-52.355932,4.917548],[-52.360808,4.919021],[-52.364727,4.920752],[-52.373827,4.928408],[-52.377927,4.931574],[-52.378615,4.932743],[-52.382596,4.936434],[-52.387314,4.941621],[-52.394858,4.950692],[-52.403324,4.960154],[-52.422552,4.978856],[-52.424907,4.978985],[-52.429245,4.982042],[-52.435497,4.988136],[-52.435705,4.988732],[-52.444485,4.996477],[-52.447611,4.999622],[-52.449495,5.000016],[-52.454806,5.004959],[-52.460179,5.007829],[-52.461665,5.011319],[-52.464484,5.0127],[-52.4653,5.014901],[-52.46717,5.017327],[-52.46999,5.019618],[-52.471042,5.019583],[-52.475624,5.021912],[-52.477437,5.021907],[-52.481072,5.025632],[-52.482216,5.027671],[-52.48447,5.029357],[-52.489813,5.028914],[-52.493885,5.033203],[-52.494799,5.035677],[-52.500428,5.039295],[-52.502947,5.041492],[-52.504876,5.040878],[-52.505325,5.043191],[-52.509323,5.046433],[-52.515345,5.049911],[-52.521319,5.053726],[-52.53155,5.061216],[-52.533665,5.063295],[-52.532679,5.064724],[-52.533365,5.067112],[-52.539464,5.073081],[-52.53996,5.07438],[-52.544827,5.077283],[-52.547933,5.077557],[-52.548484,5.076282],[-52.554072,5.080495],[-52.561294,5.086555],[-52.565598,5.090659],[-52.572389,5.096385],[-52.586211,5.108315],[-52.594295,5.115903],[-52.600656,5.121152],[-52.603145,5.124016],[-52.606348,5.126881],[-52.61443,5.133032],[-52.620411,5.138759],[-52.620795,5.139764],[-52.623977,5.142742],[-52.628549,5.145617],[-52.632541,5.149513],[-52.634831,5.14894],[-52.635766,5.147353],[-52.64111,5.144803],[-52.64331,5.144497],[-52.64659,5.145206],[-52.655956,5.146083],[-52.668283,5.149148],[-52.670981,5.148438],[-52.671985,5.15138],[-52.668179,5.152266],[-52.664817,5.152371],[-52.656662,5.150468],[-52.648882,5.149073],[-52.643672,5.148374],[-52.640682,5.149013],[-52.638484,5.150814],[-52.637879,5.152701],[-52.63413,5.155562],[-52.633025,5.157702],[-52.63005,5.159116],[-52.627652,5.158214],[-52.62666,5.160287],[-52.628201,5.162156],[-52.630745,5.164034],[-52.632363,5.163349],[-52.635412,5.164767],[-52.638787,5.167559],[-52.652132,5.182415],[-52.659832,5.190275],[-52.66458,5.196365],[-52.666184,5.199815],[-52.670442,5.201741],[-52.674433,5.205425],[-52.677232,5.207297],[-52.683571,5.210768],[-52.684644,5.212434],[-52.687264,5.213833],[-52.691271,5.214641],[-52.696948,5.219096],[-52.701735,5.222362],[-52.704289,5.224677],[-52.710307,5.22876],[-52.717007,5.23284],[-52.718625,5.234317],[-52.72948,5.242727],[-52.732583,5.246044],[-52.734772,5.249437],[-52.737422,5.251768],[-52.740747,5.252829],[-52.745218,5.256983],[-52.746225,5.258848],[-52.750145,5.261274],[-52.755806,5.26777],[-52.762642,5.271348],[-52.768709,5.276171],[-52.769011,5.277948],[-52.772269,5.280588],[-52.777708,5.286419],[-52.78098,5.289573],[-52.782981,5.292365],[-52.7888,5.299119],[-52.792221,5.302135],[-52.792982,5.301045],[-52.790062,5.298039],[-52.788674,5.295931],[-52.793463,5.296455],[-52.795715,5.299732],[-52.796184,5.302376],[-52.797409,5.304692],[-52.801929,5.308101],[-52.802933,5.308384],[-52.807939,5.306265],[-52.808948,5.308606],[-52.808621,5.310952],[-52.810913,5.311232],[-52.81316,5.309971],[-52.814072,5.311672],[-52.817096,5.313061],[-52.820573,5.311105],[-52.822948,5.311859],[-52.822509,5.31453],[-52.820706,5.315603],[-52.818885,5.313511],[-52.81697,5.316543],[-52.819153,5.318074],[-52.821813,5.320788],[-52.827135,5.322812],[-52.83044,5.319499],[-52.83347,5.319817],[-52.835427,5.319233],[-52.837757,5.321422],[-52.841361,5.32141],[-52.84463,5.323116],[-52.841838,5.32492],[-52.841842,5.326356],[-52.844332,5.329357],[-52.84281,5.331042],[-52.845151,5.333127],[-52.847896,5.334318],[-52.84714,5.338967],[-52.848438,5.33908],[-52.851908,5.337332],[-52.852462,5.33556],[-52.850919,5.333728],[-52.854713,5.332557],[-52.856074,5.335475],[-52.855192,5.337095],[-52.855947,5.338439],[-52.857022,5.342883],[-52.85949,5.344443],[-52.857455,5.346308],[-52.858583,5.348489],[-52.862696,5.348231],[-52.867378,5.349317],[-52.86743,5.350561],[-52.870059,5.352036],[-52.883061,5.357628],[-52.883468,5.360113],[-52.885655,5.359661],[-52.887962,5.360187],[-52.889637,5.361712],[-52.893128,5.3637],[-52.894285,5.362543],[-52.896469,5.362259],[-52.898685,5.364518],[-52.897955,5.36687],[-52.892808,5.367846],[-52.889911,5.367741],[-52.88932,5.368665],[-52.896225,5.374614],[-52.899079,5.374669],[-52.900019,5.376823],[-52.902456,5.377533],[-52.903643,5.375377],[-52.906415,5.376469],[-52.910589,5.37645],[-52.913436,5.377547],[-52.917812,5.380237],[-52.921875,5.381802],[-52.925605,5.384183],[-52.934428,5.389107],[-52.935095,5.390623],[-52.93759,5.392542],[-52.942036,5.394393],[-52.948994,5.398078],[-52.950146,5.400133],[-52.953111,5.401893],[-52.956103,5.402792],[-52.957765,5.402062],[-52.958213,5.395485],[-52.959229,5.390891],[-52.961461,5.387234],[-52.967671,5.383317],[-52.968345,5.380864],[-52.96675,5.379096],[-52.962109,5.379865],[-52.962565,5.378724],[-52.965652,5.377864],[-52.967874,5.377988],[-52.969807,5.380836],[-52.96947,5.382906],[-52.967998,5.384841],[-52.96268,5.388694],[-52.961321,5.390544],[-52.960426,5.393316],[-52.960242,5.398885],[-52.961609,5.404425],[-52.967486,5.409756],[-52.969403,5.412238],[-52.975914,5.416983],[-52.978433,5.418102],[-52.986719,5.422803],[-52.987869,5.424042],[-52.989971,5.424563],[-52.998008,5.429703],[-53.001311,5.432371],[-53.002357,5.431076],[-52.99919,5.427293],[-52.997342,5.427894],[-52.994465,5.424077],[-52.994741,5.421315],[-52.996064,5.420408],[-52.996808,5.425264],[-53.000115,5.426759],[-53.002146,5.425001],[-53.004585,5.423894],[-53.014756,5.425817],[-53.016001,5.428626],[-53.01808,5.430209],[-53.02092,5.43562],[-53.025436,5.438036],[-53.028007,5.438514],[-53.030509,5.437994],[-53.033046,5.438896],[-53.035181,5.435276],[-53.035068,5.433253],[-53.037956,5.433958],[-53.039606,5.43551],[-53.041368,5.43501],[-53.044381,5.437337],[-53.044468,5.438493],[-53.041198,5.440484],[-53.040932,5.441467],[-53.043071,5.44586],[-53.042966,5.44712],[-53.044643,5.449194],[-53.046782,5.449748],[-53.049698,5.449004],[-53.051113,5.447208],[-53.050247,5.440874],[-53.051973,5.4373],[-53.051863,5.434702],[-53.05787,5.433221],[-53.060785,5.433089],[-53.06235,5.429942],[-53.063114,5.430076],[-53.064312,5.433526],[-53.066015,5.43491],[-53.061887,5.437289],[-53.059398,5.436082],[-53.057882,5.442261],[-53.055772,5.444636],[-53.056943,5.44629],[-53.058269,5.443177],[-53.061658,5.443021],[-53.064603,5.43861],[-53.069274,5.436824],[-53.06989,5.43553],[-53.068449,5.432712],[-53.070101,5.427253],[-53.068094,5.426637],[-53.067899,5.425395],[-53.073057,5.425998],[-53.07989,5.428033],[-53.084179,5.432165],[-53.086687,5.43332],[-53.08966,5.437184],[-53.092091,5.436266],[-53.093579,5.434313],[-53.095422,5.433241],[-53.098913,5.434951],[-53.107694,5.43836],[-53.111535,5.440552],[-53.121814,5.445109],[-53.129941,5.448237],[-53.129796,5.449775],[-53.133771,5.451477],[-53.137037,5.453357],[-53.141481,5.454729],[-53.150612,5.458476],[-53.155682,5.46104],[-53.165626,5.465454],[-53.169201,5.466751],[-53.197378,5.480502],[-53.203274,5.481533],[-53.206764,5.484845],[-53.210125,5.486307],[-53.214927,5.48779],[-53.22406,5.492458],[-53.233677,5.49821],[-53.23832,5.501589],[-53.244817,5.50421],[-53.246806,5.505446],[-53.247288,5.502836],[-53.249061,5.501836],[-53.253647,5.502536],[-53.258905,5.504429],[-53.268804,5.508841],[-53.273488,5.510449],[-53.279938,5.512003],[-53.285906,5.513965],[-53.29597,5.516237],[-53.300125,5.516058],[-53.302735,5.516708],[-53.317994,5.522704],[-53.324754,5.523629],[-53.331376,5.523789],[-53.345628,5.527059],[-53.347762,5.526638],[-53.352487,5.527405],[-53.356733,5.529041],[-53.362736,5.530753],[-53.373715,5.534745],[-53.379169,5.535968],[-53.385696,5.537957],[-53.394485,5.541174],[-53.402619,5.54344],[-53.413722,5.546939],[-53.414969,5.547987],[-53.422341,5.550639],[-53.43431,5.555666],[-53.435366,5.556907],[-53.441967,5.557934],[-53.444641,5.557539],[-53.448761,5.559629],[-53.453354,5.560004],[-53.454365,5.558548],[-53.456939,5.557916],[-53.46093,5.558033],[-53.463585,5.558616],[-53.46201,5.56062],[-53.46738,5.562125],[-53.469655,5.56231],[-53.471188,5.563643],[-53.47934,5.566772],[-53.482475,5.568809],[-53.490169,5.571619],[-53.496855,5.57335],[-53.5029,5.575478],[-53.50335,5.575223],[-53.509383,5.577424],[-53.519041,5.582237],[-53.524654,5.584106],[-53.532226,5.587539],[-53.538073,5.58978],[-53.539278,5.591285],[-53.546851,5.593668],[-53.553316,5.596531],[-53.556496,5.597457],[-53.558492,5.598891],[-53.565413,5.600481],[-53.566,5.601825],[-53.568984,5.603653],[-53.574902,5.605595],[-53.576179,5.60637],[-53.579477,5.606419],[-53.582507,5.607425],[-53.583659,5.608694],[-53.589739,5.607854],[-53.593467,5.607902],[-53.594717,5.608574],[-53.598539,5.60902],[-53.602408,5.610098],[-53.60758,5.612048],[-53.60953,5.612117],[-53.613505,5.614155],[-53.620777,5.618874],[-53.623322,5.619848],[-53.626426,5.623175],[-53.628806,5.62397],[-53.629718,5.623073],[-53.632623,5.624355],[-53.636982,5.627316],[-53.641828,5.629912],[-53.64372,5.629961],[-53.648198,5.632248],[-53.649911,5.632132],[-53.65871,5.636947],[-53.664486,5.639616],[-53.667241,5.639928],[-53.670898,5.642184],[-53.671871,5.642204],[-53.674533,5.644583],[-53.680628,5.646451],[-53.691243,5.652237],[-53.691769,5.653459],[-53.702155,5.660718],[-53.706211,5.664835],[-53.715459,5.672191],[-53.726799,5.681804],[-53.737401,5.689768],[-53.744411,5.694733],[-53.751343,5.698494],[-53.75289,5.699901],[-53.755167,5.700097],[-53.763899,5.70578],[-53.767546,5.706804],[-53.776446,5.713069],[-53.784504,5.717352],[-53.787444,5.718517],[-53.789902,5.718596],[-53.801496,5.725752],[-53.801459,5.727527],[-53.803336,5.729839],[-53.808529,5.73077],[-53.814645,5.730743],[-53.820835,5.732784],[-53.826284,5.73325],[-53.828956,5.732632],[-53.833455,5.734011],[-53.83362,5.731156],[-53.831894,5.729951],[-53.815669,5.722816],[-53.80951,5.719954],[-53.798784,5.713791],[-53.791539,5.708785],[-53.788949,5.706226],[-53.782005,5.700818],[-53.777178,5.695616],[-53.773828,5.68958],[-53.772243,5.683608],[-53.772952,5.676575],[-53.772173,5.669654],[-53.773534,5.659595],[-53.776367,5.659468],[-53.776785,5.662535],[-53.77603,5.66694],[-53.775779,5.672795],[-53.77703,5.685395],[-53.777615,5.688083],[-53.77985,5.692366],[-53.782763,5.695393],[-53.788196,5.69968],[-53.80107,5.706772],[-53.807081,5.711029],[-53.814206,5.715643],[-53.818497,5.717683],[-53.821922,5.7187],[-53.832124,5.722423],[-53.839324,5.725741],[-53.846128,5.726448],[-53.848568,5.727161],[-53.856089,5.731089],[-53.860205,5.732108],[-53.863753,5.732167],[-53.868126,5.733216],[-53.870798,5.733349],[-53.876846,5.731866],[-53.892002,5.733391],[-53.892804,5.73466],[-53.881774,5.734328],[-53.874215,5.736073],[-53.869019,5.736903],[-53.860335,5.736559],[-53.857818,5.738039],[-53.861699,5.740909],[-53.8686,5.744121],[-53.876039,5.746155],[-53.882786,5.747508],[-53.890313,5.747749],[-53.895996,5.747326],[-53.903461,5.748016],[-53.908174,5.747765],[-53.916298,5.747866],[-53.920453,5.747683],[-53.923659,5.748402],[-53.931273,5.748682],[-53.935666,5.748149],[-53.937604,5.746693],[-53.943082,5.746744],[-53.947322,5.745958],[-53.950564,5.743464],[-53.96819,5.745174],[-53.969314,5.737798],[-53.972285,5.733855],[-53.981646,5.724463],[-53.98804,5.714658],[-53.994095,5.701687],[-53.998232,5.691158],[-54.007903,5.670782],[-54.012868,5.662741],[-54.013688,5.655163],[-54.013035,5.643924],[-54.014022,5.638219],[-54.018971,5.631849],[-54.024472,5.627576],[-54.027436,5.624076],[-54.028294,5.619847],[-54.028177,5.61788],[-54.026058,5.613082],[-54.020886,5.60862],[-54.018962,5.605087],[-54.016125,5.597839],[-54.01404,5.591772],[-54.014174,5.58728],[-54.015658,5.581409],[-54.015215,5.574074],[-54.014446,5.570859],[-54.012502,5.566319],[-54.009205,5.560926],[-54.008298,5.55744],[-54.009192,5.553633],[-54.010456,5.551695],[-54.014559,5.548201],[-54.015964,5.545539],[-54.016472,5.54308],[-54.016768,5.530868],[-54.017963,5.526045],[-54.02008,5.522361],[-54.022237,5.519661],[-54.025128,5.517787],[-54.030182,5.515775],[-54.035778,5.513066],[-54.040537,5.508509],[-54.043011,5.501697],[-54.045988,5.495821],[-54.049419,5.490791],[-54.052478,5.488656],[-54.059383,5.487165],[-54.062697,5.485115],[-54.065133,5.479311],[-54.066795,5.477132],[-54.072022,5.471849],[-54.074941,5.467286],[-54.079062,5.461587],[-54.084764,5.454713],[-54.088614,5.448495],[-54.090814,5.441052],[-54.093873,5.431835],[-54.094964,5.429685],[-54.097121,5.427535],[-54.107269,5.424761],[-54.111802,5.422383],[-54.113472,5.421041],[-54.120282,5.413429],[-54.122785,5.408543],[-54.129133,5.398209],[-54.129916,5.395437],[-54.130181,5.390914],[-54.131042,5.388285],[-54.136933,5.378697],[-54.14355,5.368358],[-54.14739,5.36366],[-54.152599,5.358301],[-54.161013,5.352001],[-54.165574,5.350095],[-54.17175,5.34417],[-54.175326,5.339106],[-54.180362,5.328332],[-54.182482,5.325558],[-54.186203,5.322276],[-54.189864,5.320565],[-54.194334,5.319735],[-54.197809,5.318374],[-54.201552,5.314839],[-54.204458,5.311251],[-54.206633,5.304659],[-54.207994,5.303195],[-54.210512,5.302255],[-54.214049,5.301801],[-54.220155,5.301618],[-54.223869,5.300673],[-54.227462,5.298874],[-54.235227,5.292238],[-54.241053,5.285058],[-54.243748,5.283852],[-54.25209,5.281898],[-54.259471,5.278594],[-54.261721,5.277207],[-54.267632,5.27155],[-54.274043,5.267163],[-54.277157,5.26455],[-54.279217,5.262013],[-54.281368,5.258042],[-54.28236,5.254642],[-54.288603,5.24562],[-54.297068,5.237099],[-54.303423,5.231969],[-54.306689,5.22782],[-54.309835,5.222991],[-54.311853,5.21513],[-54.315045,5.211206],[-54.316823,5.20569],[-54.319731,5.201595],[-54.32089,5.19924],[-54.323112,5.196745],[-54.327326,5.190689],[-54.332039,5.179512],[-54.334476,5.175415],[-54.338868,5.170255],[-54.343981,5.16584],[-54.346037,5.16324],[-54.34847,5.157701],[-54.347908,5.149915],[-54.348107,5.148385],[-54.349959,5.14535],[-54.358225,5.139163],[-54.362899,5.138256],[-54.364586,5.13738],[-54.366017,5.134077],[-54.370088,5.130296],[-54.370145,5.127817],[-54.368536,5.123608],[-54.369961,5.116548],[-54.372408,5.111135],[-54.376583,5.106609],[-54.383305,5.10177],[-54.385024,5.101124],[-54.394373,5.094636],[-54.39895,5.092725],[-54.404632,5.091384],[-54.410656,5.088917],[-54.416346,5.082872],[-54.417828,5.077212],[-54.417995,5.06994],[-54.417516,5.067368],[-54.415999,5.063146],[-54.416939,5.060532],[-54.41683,5.057956],[-54.418846,5.055561],[-54.42063,5.048877],[-54.42375,5.040455],[-54.424344,5.037521],[-54.426223,5.032069],[-54.427803,5.029553],[-54.434837,5.021797],[-54.436682,5.019181],[-54.438033,5.015954],[-54.437789,5.008284],[-54.437929,5.004503],[-54.436557,4.999347],[-54.436118,4.995983],[-54.436645,4.991994],[-54.437918,4.987204],[-54.439032,4.985275],[-54.441155,4.984234],[-54.442811,4.981962],[-54.442664,4.978421],[-54.440251,4.975396],[-54.439304,4.969569],[-54.43956,4.963465],[-54.43927,4.960046],[-54.439913,4.956396],[-54.439884,4.95238],[-54.440734,4.949077],[-54.442648,4.944831],[-54.443492,4.94031],[-54.446846,4.935015],[-54.450304,4.932528],[-54.454118,4.930677],[-54.455738,4.929347],[-54.457394,4.924928],[-54.45951,4.922868],[-54.462076,4.918877],[-54.468686,4.91475],[-54.47296,4.908168],[-54.47682,4.905215],[-54.478823,4.902739],[-54.47938,4.900527],[-54.477543,4.895249],[-54.47449,4.8935],[-54.471353,4.893175],[-54.46965,4.892018],[-54.468802,4.890207],[-54.468965,4.886361],[-54.470809,4.884211],[-54.471075,4.882516],[-54.470335,4.879675],[-54.469048,4.878159],[-54.466335,4.872068],[-54.469485,4.860703],[-54.469142,4.85537],[-54.468331,4.851441],[-54.468091,4.845026],[-54.46819,4.83772],[-54.467242,4.833387],[-54.466057,4.830077],[-54.465592,4.826323],[-54.466236,4.818775],[-54.467387,4.812799],[-54.466491,4.807156],[-54.464216,4.803844],[-54.463878,4.800056],[-54.464205,4.796471],[-54.463752,4.791937],[-54.463975,4.78968],[-54.462819,4.786727],[-54.460207,4.782622],[-54.459972,4.7768],[-54.461526,4.77307],[-54.463413,4.762362],[-54.464522,4.758878],[-54.464144,4.750596],[-54.464763,4.745165],[-54.466356,4.742617],[-54.465962,4.739739],[-54.464054,4.733995],[-54.461667,4.731775],[-54.459357,4.727032],[-54.456449,4.72425],[-54.451837,4.723897],[-54.436056,4.724721],[-54.43097,4.724071],[-54.425976,4.722856],[-54.423596,4.721599],[-54.420645,4.717349],[-54.420924,4.710905],[-54.421684,4.707066],[-54.42133,4.705925],[-54.418669,4.705743],[-54.417605,4.704877],[-54.41718,4.702243],[-54.418443,4.699234],[-54.421375,4.694604],[-54.424056,4.691963],[-54.425445,4.689599],[-54.42619,4.682251],[-54.428057,4.674124],[-54.426867,4.671737],[-54.423959,4.669701],[-54.422616,4.666977],[-54.422699,4.664921],[-54.426017,4.660799],[-54.427025,4.657188],[-54.426273,4.6555],[-54.423808,4.654593],[-54.422984,4.652847],[-54.423087,4.650502],[-54.425072,4.649806],[-54.427255,4.645962],[-54.427801,4.643555],[-54.430627,4.641857],[-54.431608,4.640161],[-54.430438,4.636236],[-54.429146,4.625887],[-54.425257,4.621015],[-54.423945,4.620323],[-54.42325,4.617463],[-54.420582,4.61367],[-54.416802,4.613244],[-54.414086,4.610173],[-54.415216,4.605813],[-54.416421,4.597425],[-54.416569,4.585279],[-54.41529,4.583863],[-54.415677,4.581714],[-54.414983,4.579672],[-54.41131,4.57753],[-54.410986,4.574561],[-54.41297,4.567908],[-54.415012,4.565731],[-54.415735,4.563752],[-54.417411,4.562061],[-54.419994,4.560922],[-54.417877,4.555831],[-54.418299,4.552109],[-54.419898,4.550992],[-54.420589,4.548879],[-54.420036,4.54728],[-54.421657,4.546177],[-54.42777,4.543182],[-54.428683,4.543813],[-54.432018,4.542519],[-54.435686,4.543814],[-54.438663,4.542667],[-54.439419,4.541496],[-54.440406,4.537394],[-54.444303,4.531925],[-54.447716,4.529648],[-54.448813,4.528256],[-54.449356,4.525608],[-54.447477,4.515428],[-54.444294,4.507192],[-54.439753,4.498265],[-54.439519,4.494718],[-54.441397,4.490498],[-54.440789,4.484835],[-54.44181,4.481113],[-54.442026,4.477869],[-54.440326,4.47611],[-54.436267,4.474471],[-54.433798,4.472056],[-54.431626,4.466348],[-54.431678,4.463776],[-54.433756,4.455301],[-54.434812,4.448806],[-54.436439,4.446589],[-54.439127,4.44462],[-54.439501,4.441632],[-54.441616,4.438341],[-54.441513,4.434892],[-54.439711,4.430987],[-54.439762,4.428842],[-54.438445,4.427036],[-54.434949,4.425731],[-54.433433,4.422013],[-54.433388,4.418044],[-54.42743,4.413577],[-54.426232,4.411677],[-54.426498,4.409172],[-54.428496,4.405939],[-54.429016,4.40387],[-54.428744,4.39783],[-54.428072,4.394383],[-54.425187,4.391346],[-54.424019,4.384685],[-54.425074,4.379176],[-54.426762,4.376941],[-54.427241,4.373261],[-54.424893,4.370896],[-54.422985,4.371089],[-54.4219,4.369781],[-54.417678,4.367058],[-54.413686,4.369384],[-54.411061,4.36822],[-54.407876,4.370121],[-54.39984,4.368687],[-54.394933,4.364827],[-54.391069,4.360196],[-54.386542,4.353123],[-54.385651,4.349598],[-54.388193,4.343017],[-54.389436,4.340984],[-54.391164,4.333164],[-54.388922,4.329623],[-54.389469,4.32613],[-54.391151,4.324564],[-54.392993,4.312341],[-54.394506,4.305019],[-54.393508,4.300979],[-54.392673,4.294946],[-54.392657,4.288261],[-54.391692,4.283263],[-54.390708,4.280731],[-54.386586,4.274889],[-54.383453,4.27208],[-54.382581,4.269221],[-54.382369,4.262458],[-54.387904,4.24875],[-54.388739,4.246028],[-54.389152,4.241471],[-54.390362,4.235506],[-54.390192,4.231694],[-54.392385,4.227197],[-54.393613,4.223334],[-54.393531,4.221074],[-54.392355,4.218562],[-54.393757,4.214567],[-54.393888,4.212724],[-54.395878,4.208857],[-54.396725,4.206119],[-54.396099,4.202727],[-54.395011,4.200146],[-54.393551,4.194877],[-54.391313,4.190187],[-54.388803,4.186186],[-54.387854,4.180628],[-54.385365,4.178013],[-54.381464,4.177045],[-54.377269,4.176978],[-54.371269,4.177526],[-54.368265,4.1771],[-54.365876,4.175955],[-54.363449,4.172957],[-54.361151,4.171033],[-54.358379,4.172085],[-54.356065,4.169065],[-54.351128,4.169493],[-54.349302,4.16872],[-54.347002,4.163058],[-54.340755,4.155523],[-54.335044,4.153222],[-54.329554,4.149067],[-54.32641,4.14949],[-54.323842,4.148302],[-54.323158,4.146219],[-54.322999,4.141554],[-54.323339,4.138354],[-54.322773,4.135054],[-54.324186,4.13381],[-54.327632,4.132961],[-54.32961,4.133397],[-54.332693,4.133053],[-54.333583,4.131978],[-54.333592,4.129285],[-54.334751,4.124378],[-54.334693,4.122722],[-54.337351,4.122433],[-54.342384,4.11989],[-54.343241,4.115332],[-54.344994,4.111917],[-54.3451,4.106743],[-54.347003,4.102015],[-54.346345,4.098589],[-54.343998,4.096272],[-54.342269,4.091501],[-54.342802,4.088765],[-54.347663,4.080696],[-54.348867,4.076514],[-54.351658,4.073594],[-54.352144,4.072385],[-54.351305,4.069832],[-54.35453,4.064929],[-54.356633,4.063884],[-54.359808,4.064736],[-54.361814,4.06268],[-54.362347,4.060755],[-54.360981,4.058356],[-54.358532,4.05814],[-54.358821,4.055381],[-54.361096,4.053195],[-54.35988,4.051011],[-54.357687,4.049546],[-54.355832,4.046134],[-54.352168,4.043632],[-54.34984,4.042766],[-54.347828,4.043814],[-54.345546,4.042003],[-54.345992,4.037088],[-54.344123,4.036765],[-54.342701,4.038722],[-54.341908,4.041486],[-54.339826,4.040841],[-54.339187,4.03843],[-54.336968,4.037373],[-54.334595,4.03492],[-54.333927,4.032994],[-54.330742,4.029099],[-54.328817,4.025184],[-54.329017,4.024205],[-54.326507,4.019116],[-54.32307,4.018834],[-54.320822,4.016866],[-54.318953,4.016461],[-54.317439,4.014351],[-54.315201,4.012781],[-54.31382,4.010274],[-54.311226,4.007605],[-54.30909,4.006699],[-54.306695,4.004447],[-54.305627,4.002227],[-54.301971,3.99942],[-54.298977,3.996123],[-54.298546,3.992407],[-54.297506,3.989486],[-54.296087,3.987442],[-54.295657,3.984361],[-54.293388,3.983804],[-54.29235,3.980959],[-54.293505,3.978116],[-54.292439,3.974777],[-54.293593,3.971231],[-54.291626,3.969058],[-54.290359,3.96551],[-54.291016,3.960167],[-54.288749,3.955929],[-54.28332,3.951593],[-54.283543,3.94629],[-54.285634,3.942374],[-54.285832,3.937406],[-54.284282,3.934788],[-54.284286,3.932934],[-54.282902,3.931445],[-54.282423,3.927681],[-54.278352,3.923888],[-54.277278,3.921247],[-54.275985,3.92071],[-54.273046,3.916863],[-54.269422,3.913553],[-54.261645,3.909572],[-54.258269,3.906133],[-54.256142,3.903313],[-54.252909,3.901033],[-54.252146,3.899476],[-54.251954,3.893987],[-54.250987,3.890574],[-54.250834,3.887358],[-54.24848,3.883973],[-54.245955,3.879321],[-54.244041,3.876827],[-54.243229,3.874449],[-54.241668,3.87222],[-54.240173,3.866596],[-54.237082,3.861285],[-54.234541,3.858478],[-54.23234,3.857474],[-54.224837,3.855802],[-54.221957,3.855834],[-54.217932,3.856643],[-54.210865,3.856325],[-54.205082,3.853151],[-54.200319,3.852692],[-54.195209,3.850673],[-54.193625,3.849446],[-54.190365,3.845043],[-54.189534,3.841209],[-54.190574,3.836614],[-54.194082,3.832168],[-54.19759,3.829878],[-54.200353,3.825919],[-54.200965,3.822422],[-54.200145,3.817677],[-54.199952,3.814117],[-54.197335,3.806798],[-54.194581,3.803362],[-54.191376,3.80095],[-54.185652,3.800471],[-54.181629,3.800713],[-54.177762,3.801857],[-54.172581,3.802664],[-54.16765,3.805054],[-54.160392,3.805637],[-54.15263,3.804185],[-54.149205,3.804357],[-54.14049,3.802595],[-54.133945,3.800637],[-54.129754,3.799786],[-54.127136,3.798014],[-54.122487,3.793403],[-54.120776,3.792146],[-54.119711,3.790192],[-54.118351,3.784874],[-54.11571,3.780344],[-54.114031,3.775025],[-54.113334,3.769022],[-54.111153,3.765429],[-54.105639,3.759399],[-54.101033,3.752185],[-54.100173,3.748021],[-54.097096,3.738093],[-54.096266,3.734015],[-54.094744,3.731897],[-54.089695,3.72756],[-54.083763,3.723142],[-54.081842,3.720346],[-54.079861,3.716474],[-54.078586,3.712094],[-54.078665,3.708183],[-54.079563,3.704678],[-54.081728,3.69961],[-54.085386,3.693734],[-54.086561,3.690648],[-54.086405,3.686634],[-54.085129,3.685125],[-54.083995,3.680792],[-54.083789,3.676914],[-54.082373,3.673597],[-54.07793,3.670051],[-54.075577,3.670312],[-54.070873,3.668439],[-54.06574,3.664682],[-54.057124,3.660182],[-54.052971,3.656745],[-54.051291,3.654639],[-54.050076,3.651504],[-54.050048,3.646556],[-54.052085,3.640789],[-54.052182,3.638469],[-54.051333,3.63541],[-54.049972,3.634394],[-54.043927,3.632922],[-54.036997,3.630708],[-54.032525,3.630746],[-54.029635,3.631863],[-54.026917,3.634299],[-54.02558,3.638314],[-54.026446,3.642127],[-54.024092,3.645727],[-54.019083,3.648749],[-54.015605,3.650427],[-54.011889,3.650765],[-54.010021,3.650263],[-54.004787,3.647101],[-54.001604,3.640997],[-53.998196,3.637563],[-53.995066,3.631159],[-53.99286,3.627773],[-53.991737,3.624521],[-53.991826,3.619486],[-53.991244,3.617373],[-53.987215,3.613053],[-53.982642,3.610368],[-53.980023,3.607247],[-53.980529,3.603984],[-53.983052,3.600814],[-53.983465,3.598274],[-53.984552,3.596243],[-53.984884,3.593452],[-53.983782,3.588357],[-53.985759,3.581761],[-53.989054,3.578497],[-53.995355,3.574694],[-53.998733,3.571409],[-54.001488,3.570253],[-54.006113,3.569756],[-54.008029,3.566878],[-54.008164,3.562541],[-54.006769,3.557394],[-54.004977,3.554256],[-54.005545,3.549437],[-54.004864,3.544898],[-54.005364,3.543359],[-54.007937,3.541034],[-54.009146,3.5392],[-54.009408,3.536995],[-54.00778,3.533168],[-54.003879,3.529197],[-54.000568,3.527752],[-53.999677,3.524912],[-54.000677,3.521969],[-54.004958,3.515228],[-54.007715,3.50778],[-54.008383,3.503976],[-54.008913,3.491889],[-54.008345,3.486487],[-54.008166,3.477794],[-54.008378,3.466511],[-54.01046,3.462971],[-54.013658,3.461148],[-54.016957,3.457847],[-54.016001,3.454326],[-54.013058,3.449738],[-54.013137,3.447985],[-54.014544,3.447438],[-54.017984,3.447451],[-54.019585,3.445833],[-54.020119,3.442128],[-54.019178,3.436135],[-54.014911,3.43185],[-54.012179,3.427455],[-54.012123,3.42601],[-54.01468,3.423903],[-54.019285,3.414287],[-54.022386,3.410848],[-54.026031,3.409134],[-54.028127,3.407383],[-54.030776,3.406948],[-54.036362,3.402983],[-54.039117,3.399234],[-54.041553,3.395108],[-54.04592,3.391017],[-54.047957,3.387188],[-54.050216,3.385705],[-54.053611,3.385535],[-54.056755,3.386096],[-54.059408,3.384459],[-54.060004,3.381651],[-54.059081,3.378063],[-54.055321,3.374029],[-54.054022,3.371483],[-54.053589,3.36767],[-54.054197,3.361768],[-54.056122,3.358532],[-54.05701,3.354041],[-54.058295,3.351917],[-54.061357,3.349124],[-54.06359,3.341111],[-54.063095,3.333312],[-54.06542,3.331401],[-54.066668,3.32755],[-54.067209,3.324364],[-54.064265,3.319024],[-54.063566,3.316325],[-54.064292,3.312689],[-54.065904,3.310748],[-54.066516,3.308619],[-54.069937,3.302753],[-54.073951,3.301384],[-54.074794,3.298976],[-54.079347,3.295352],[-54.080902,3.292512],[-54.085877,3.293883],[-54.086299,3.292185],[-54.090562,3.293413],[-54.093538,3.295102],[-54.097946,3.299508],[-54.100517,3.300408],[-54.104207,3.294111],[-54.10826,3.289532],[-54.111533,3.286654],[-54.113672,3.286409],[-54.118019,3.284698],[-54.120055,3.281656],[-54.121879,3.271899],[-54.126606,3.270139],[-54.131451,3.267853],[-54.134635,3.26715],[-54.136343,3.266045],[-54.14065,3.259339],[-54.142683,3.257313],[-54.1437,3.255278],[-54.14497,3.250804],[-54.148599,3.247949],[-54.151544,3.246745],[-54.152087,3.245596],[-54.151935,3.242131],[-54.152808,3.240096],[-54.152748,3.235985],[-54.153689,3.232876],[-54.158461,3.230471],[-54.163286,3.229715],[-54.164306,3.228827],[-54.16667,3.224517],[-54.167208,3.221648],[-54.16687,3.21988],[-54.167575,3.217226],[-54.171492,3.215277],[-54.172558,3.213744],[-54.174013,3.207549],[-54.175292,3.206112],[-54.181787,3.20731],[-54.185408,3.206776],[-54.187053,3.208014],[-54.189092,3.206359],[-54.188841,3.201651],[-54.191565,3.19856],[-54.194625,3.196184],[-54.194693,3.193248],[-54.196449,3.192215],[-54.195772,3.188465],[-54.197068,3.184781],[-54.198939,3.182671],[-54.19843,3.179064],[-54.19892,3.176195],[-54.20227,3.175324],[-54.204126,3.168125],[-54.204026,3.166738],[-54.202402,3.16433],[-54.201116,3.163736],[-54.201013,3.160941],[-54.203166,3.157612],[-54.20829,3.153771],[-54.209931,3.153838],[-54.21236,3.155216],[-54.2139,3.153348],[-54.214155,3.151077],[-54.211595,3.145731],[-54.211255,3.143748],[-54.206782,3.142663],[-54.203909,3.144177],[-54.201413,3.144281],[-54.200719,3.14261],[-54.202142,3.141244],[-54.208383,3.137376],[-54.21014,3.13663],[-54.212519,3.137077],[-54.214086,3.136403],[-54.214361,3.132865],[-54.210968,3.127331],[-54.207398,3.126314],[-54.203641,3.126421],[-54.199473,3.123925],[-54.198522,3.123808],[-54.19658,3.126466],[-54.195604,3.13383],[-54.193944,3.135246],[-54.19178,3.134989],[-54.189586,3.132869],[-54.188087,3.132587],[-54.185695,3.135534],[-54.183058,3.135216],[-54.182706,3.133253],[-54.184869,3.129087],[-54.183921,3.125873],[-54.181791,3.125312],[-54.178962,3.122833],[-54.178716,3.120608],[-54.179568,3.115324],[-54.1793,3.112662],[-54.177945,3.109524],[-54.174449,3.109317],[-54.173771,3.107747],[-54.174087,3.104167],[-54.176955,3.097787],[-54.178817,3.096363],[-54.181145,3.090835],[-54.18122,3.086732],[-54.179235,3.083529],[-54.175391,3.082842],[-54.173866,3.081188],[-54.17351,3.078178],[-54.174198,3.076059],[-54.174469,3.072284],[-54.177681,3.072099],[-54.180551,3.073618],[-54.183742,3.073412],[-54.190723,3.069637],[-54.192024,3.067507],[-54.194633,3.065347],[-54.194319,3.063604],[-54.192529,3.06153],[-54.192226,3.055532],[-54.190176,3.053769],[-54.188227,3.053751],[-54.185083,3.051872],[-54.182519,3.047423],[-54.182012,3.044962],[-54.182097,3.041401],[-54.178474,3.038305],[-54.177863,3.032451],[-54.176545,3.029061],[-54.173254,3.025606],[-54.17036,3.019376],[-54.169612,3.015602],[-54.170104,3.01321],[-54.171703,3.011598],[-54.171567,3.009334],[-54.169948,3.008598],[-54.169919,3.006925],[-54.173549,3.004309],[-54.17564,3.003681],[-54.177225,3.001144],[-54.179743,3.000324],[-54.182147,3.001703],[-54.185448,3.000138],[-54.185158,2.998171],[-54.181813,2.994596],[-54.180925,2.991659],[-54.181449,2.983746],[-54.178394,2.979453],[-54.177292,2.976636],[-54.175648,2.975398],[-54.170127,2.973239],[-54.168084,2.973819],[-54.164874,2.973493],[-54.16266,2.972472],[-54.16189,2.969438],[-54.160532,2.968319],[-54.162046,2.965758],[-54.16454,2.964508],[-54.16699,2.965266],[-54.171578,2.965491],[-54.172595,2.963552],[-54.174563,2.961802],[-54.174603,2.959125],[-54.175954,2.957735],[-54.175205,2.953148],[-54.172514,2.951698],[-54.172031,2.949022],[-54.174021,2.94677],[-54.176018,2.946501],[-54.178423,2.948048],[-54.179393,2.946468],[-54.177748,2.944728],[-54.172369,2.942497],[-54.172081,2.94147],[-54.173212,2.93812],[-54.176505,2.933857],[-54.179081,2.928424],[-54.18288,2.926931],[-54.185277,2.927838],[-54.189049,2.925438],[-54.191141,2.925288],[-54.192484,2.921054],[-54.191338,2.91936],[-54.185722,2.917225],[-54.184955,2.915267],[-54.185066,2.912303],[-54.186501,2.906946],[-54.185733,2.904414],[-54.18649,2.903194],[-54.190332,2.899693],[-54.191468,2.897945],[-54.191028,2.893812],[-54.193114,2.891536],[-54.19206,2.889101],[-54.194812,2.886726],[-54.194803,2.883691],[-54.193106,2.880231],[-54.191586,2.872324],[-54.190746,2.869602],[-54.188077,2.86679],[-54.185103,2.865841],[-54.182988,2.866166],[-54.181011,2.86469],[-54.179449,2.858552],[-54.180157,2.856495],[-54.183123,2.854837],[-54.182471,2.850872],[-54.183195,2.8464],[-54.186519,2.841724],[-54.185705,2.839263],[-54.186436,2.83735],[-54.189497,2.835549],[-54.193243,2.832097],[-54.195165,2.830992],[-54.196833,2.832182],[-54.196029,2.833953],[-54.196959,2.83505],[-54.20019,2.834348],[-54.20313,2.831806],[-54.207835,2.831267],[-54.208086,2.827467],[-54.206943,2.826514],[-54.205161,2.827164],[-54.202902,2.826454],[-54.202753,2.824136],[-54.205289,2.821715],[-54.205661,2.818607],[-54.203444,2.81608],[-54.203745,2.812996],[-54.200687,2.807626],[-54.198208,2.804933],[-54.197991,2.803882],[-54.202684,2.798802],[-54.204027,2.794593],[-54.208184,2.793768],[-54.20989,2.791851],[-54.210835,2.789531],[-54.209829,2.786522],[-54.208121,2.779357],[-54.208685,2.776655],[-54.212738,2.772963],[-54.213347,2.769353],[-54.216405,2.766572],[-54.2174,2.764992],[-54.217056,2.761025],[-54.219123,2.760757],[-54.22098,2.761732],[-54.221912,2.763785],[-54.223551,2.763637],[-54.225826,2.761097],[-54.225555,2.757633],[-54.222674,2.755561],[-54.222884,2.753984],[-54.226512,2.751058],[-54.228862,2.749713],[-54.233381,2.750872],[-54.235732,2.750292],[-54.235272,2.747305],[-54.237121,2.745365],[-54.239612,2.744019],[-54.240701,2.742343],[-54.24554,2.738794],[-54.24582,2.736737],[-54.244456,2.733372],[-54.246851,2.731525],[-54.251672,2.730054],[-54.256806,2.729968],[-54.261665,2.725582],[-54.264322,2.723734],[-54.266118,2.71993],[-54.266347,2.716655],[-54.268349,2.710197],[-54.268557,2.708022],[-54.26981,2.705103],[-54.269873,2.702354],[-54.27133,2.696352],[-54.272937,2.692691],[-54.271124,2.690187],[-54.266415,2.688837],[-54.265935,2.686998],[-54.267381,2.685728],[-54.270873,2.685145],[-54.276008,2.685848],[-54.277808,2.683453],[-54.27687,2.679441],[-54.274893,2.677797],[-54.274555,2.675408],[-54.276541,2.671723],[-54.278581,2.670116],[-54.280329,2.666407],[-54.280726,2.664112],[-54.282197,2.662865],[-54.285954,2.663787],[-54.29096,2.660667],[-54.291832,2.658107],[-54.293018,2.657172],[-54.295998,2.651549],[-54.299366,2.649341],[-54.301718,2.649359],[-54.301761,2.647446],[-54.30494,2.645575],[-54.307664,2.642364],[-54.307706,2.639975],[-54.310171,2.637531],[-54.311206,2.633704],[-54.31272,2.631335],[-54.316044,2.63025],[-54.318564,2.630698],[-54.317513,2.628358],[-54.317109,2.619517],[-54.315654,2.61761],[-54.312756,2.617545],[-54.312816,2.613363],[-54.316214,2.613594],[-54.316159,2.61032],[-54.319059,2.61122],[-54.321292,2.610832],[-54.320479,2.609042],[-54.318341,2.608833],[-54.318216,2.606873],[-54.320164,2.606438],[-54.322059,2.604258],[-54.32259,2.598307],[-54.320966,2.59506],[-54.322241,2.591855],[-54.323759,2.591158],[-54.323897,2.589317],[-54.325191,2.588206],[-54.328168,2.587203],[-54.327806,2.584791],[-54.329081,2.581777],[-54.330139,2.577568],[-54.327664,2.576116],[-54.328183,2.574515],[-54.330458,2.572334],[-54.330737,2.569824],[-54.333677,2.567187],[-54.335192,2.565176],[-54.337378,2.565194],[-54.339988,2.563587],[-54.341252,2.565375],[-54.343362,2.563482],[-54.34451,2.557553],[-54.348501,2.557327],[-54.346975,2.555204],[-54.343625,2.555428],[-54.343072,2.552538],[-54.346158,2.551861],[-54.346555,2.549064],[-54.344794,2.547946],[-54.343522,2.542787],[-54.345013,2.540681],[-54.344267,2.537265],[-54.346464,2.532169],[-54.348746,2.532331],[-54.351612,2.528978],[-54.348586,2.52564],[-54.348891,2.524373],[-54.35124,2.52279],[-54.352963,2.518603],[-54.355335,2.516782],[-54.356881,2.517446],[-54.359898,2.5172],[-54.36107,2.520661],[-54.362345,2.517385],[-54.360627,2.514689],[-54.36047,2.508978],[-54.362939,2.50816],[-54.366364,2.509656],[-54.370045,2.508953],[-54.372435,2.505076],[-54.373849,2.500437],[-54.37455,2.49599],[-54.374352,2.492813],[-54.37278,2.491263],[-54.374604,2.489323],[-54.377404,2.487906],[-54.377544,2.486782],[-54.380177,2.48527],[-54.382391,2.486938],[-54.386448,2.484872],[-54.386347,2.482339],[-54.389123,2.480731],[-54.387545,2.477103],[-54.385211,2.47515],[-54.387349,2.474571],[-54.3871,2.470366],[-54.388573,2.470171],[-54.392248,2.467222],[-54.393462,2.468318],[-54.395982,2.468933],[-54.399233,2.467682],[-54.399443,2.465555],[-54.398413,2.46269],[-54.399883,2.461659],[-54.401855,2.461678],[-54.403413,2.457564],[-54.4031,2.455581],[-54.405687,2.454619],[-54.407819,2.452368],[-54.408953,2.449975],[-54.410667,2.451381],[-54.411758,2.450613],[-54.411347,2.447675],[-54.412029,2.445403],[-54.415283,2.444894],[-54.415703,2.442072],[-54.416697,2.440326],[-54.42044,2.43635],[-54.424888,2.438154],[-54.428684,2.43652],[-54.430944,2.437493],[-54.433362,2.435791],[-54.43566,2.433204],[-54.437346,2.430475],[-54.439366,2.430677],[-54.443399,2.433679],[-54.445611,2.432988],[-54.447919,2.435151],[-54.450714,2.435255],[-54.452301,2.433416],[-54.454721,2.432708],[-54.456578,2.435729],[-54.458535,2.432823],[-54.461521,2.435493],[-54.465592,2.435284],[-54.468385,2.433294],[-54.469981,2.43525],[-54.474884,2.43636],[-54.476061,2.435321],[-54.475013,2.43182],[-54.475436,2.429989],[-54.477802,2.426685],[-54.481414,2.423073],[-54.482525,2.420573],[-54.483914,2.419184],[-54.484192,2.416685],[-54.485581,2.413629],[-54.485581,2.41224],[-54.48808,2.409741],[-54.490303,2.40974],[-54.493624,2.406697],[-54.496136,2.405573],[-54.500025,2.401685],[-54.500303,2.398629],[-54.50197,2.396962],[-54.50197,2.395296],[-54.505025,2.391129],[-54.505581,2.381963],[-54.505025,2.377518],[-54.510303,2.371407],[-54.510302,2.365296],[-54.511414,2.364185],[-54.511584,2.360031],[-54.510025,2.358351],[-54.510025,2.353073],[-54.509192,2.350574],[-54.507525,2.348907],[-54.508081,2.347518],[-54.507247,2.34474],[-54.505581,2.34224],[-54.506414,2.338073],[-54.508636,2.335852],[-54.510025,2.336684],[-54.51447,2.336962],[-54.522248,2.336962],[-54.525303,2.333073],[-54.528914,2.33224],[-54.531969,2.333629],[-54.533636,2.333629],[-54.533359,2.339184],[-54.535303,2.341407],[-54.537802,2.341407],[-54.539469,2.343073],[-54.543359,2.344462],[-54.545303,2.346407],[-54.548636,2.346963],[-54.550303,2.348629],[-54.552248,2.348629],[-54.558359,2.351685],[-54.562803,2.351685],[-54.563636,2.352518],[-54.56808,2.353074],[-54.569748,2.354185],[-54.57558,2.353629],[-54.576136,2.351962],[-54.579191,2.34974],[-54.584737,2.349499],[-54.587803,2.351963],[-54.590493,2.351962],[-54.593063,2.348298],[-54.593678,2.346457],[-54.591695,2.343639],[-54.591643,2.342044],[-54.593078,2.341072],[-54.596699,2.341471],[-54.598226,2.338787],[-54.601551,2.336652],[-54.602361,2.333556],[-54.598333,2.333416],[-54.596129,2.33217],[-54.593303,2.329518],[-54.59297,2.326979],[-54.591872,2.325038],[-54.586982,2.321747],[-54.58422,2.324048],[-54.581488,2.323822],[-54.578965,2.324294],[-54.575586,2.327346],[-54.57117,2.32772],[-54.567444,2.325968],[-54.565228,2.325973],[-54.560943,2.326995],[-54.557511,2.330099],[-54.555579,2.329844],[-54.554564,2.325663],[-54.551258,2.326265],[-54.549555,2.325363],[-54.545271,2.325803],[-54.543106,2.326856],[-54.538928,2.32447],[-54.53899,2.320718],[-54.535874,2.319921],[-54.532922,2.317325],[-54.532623,2.315718],[-54.534192,2.311375],[-54.536587,2.310204],[-54.536643,2.307496],[-54.53872,2.305267],[-54.537134,2.301695],[-54.535384,2.30007],[-54.535887,2.296803],[-54.533709,2.292534],[-54.52912,2.29136],[-54.527307,2.29018],[-54.525751,2.290522],[-54.523603,2.289596],[-54.519395,2.28931],[-54.517475,2.287325],[-54.516502,2.284871],[-54.513904,2.280835],[-54.514551,2.277912],[-54.517388,2.276762],[-54.521556,2.277239],[-54.525009,2.278733],[-54.526839,2.278813],[-54.529295,2.27559],[-54.53291,2.274184],[-54.539284,2.272471],[-54.541809,2.272677],[-54.5453,2.272118],[-54.547826,2.272493],[-54.548892,2.270036],[-54.541183,2.266223],[-54.540021,2.264004],[-54.535891,2.26071],[-54.533934,2.260419],[-54.531075,2.261506],[-54.527582,2.261154],[-54.525786,2.258238],[-54.525464,2.255508],[-54.522828,2.252],[-54.520578,2.252535],[-54.514457,2.252698],[-54.510797,2.253277],[-54.508424,2.254659],[-54.505331,2.254984],[-54.50093,2.252433],[-54.499541,2.252309],[-54.498692,2.249623],[-54.495892,2.248635],[-54.496054,2.245777],[-54.494389,2.244554],[-54.495606,2.242815],[-54.498671,2.240543],[-54.496117,2.236338],[-54.49613,2.233163],[-54.493056,2.2312],[-54.49104,2.232876],[-54.485508,2.233398],[-54.483101,2.229212],[-54.477923,2.228527],[-54.476296,2.225503],[-54.477632,2.220991],[-54.478171,2.216226],[-54.476965,2.213329],[-54.472739,2.214355],[-54.471324,2.212136],[-54.469346,2.212055],[-54.465132,2.209441],[-54.460877,2.207503],[-54.459177,2.208904],[-54.456761,2.209776],[-54.453243,2.207752],[-54.452817,2.205552],[-54.448899,2.20353],[-54.447407,2.20421],[-54.442245,2.204899],[-54.440839,2.205775],[-54.437613,2.209489],[-54.435388,2.210524],[-54.432491,2.213748],[-54.430053,2.214537],[-54.426749,2.214565],[-54.421298,2.21301],[-54.420122,2.214347],[-54.418627,2.213799],[-54.418856,2.211914],[-54.41588,2.20792],[-54.416593,2.206501],[-54.419076,2.204482],[-54.421044,2.200562],[-54.419648,2.197136],[-54.415992,2.194901],[-54.411048,2.198592],[-54.407427,2.197425],[-54.405547,2.199006],[-54.402441,2.197689],[-54.397379,2.197003],[-54.395905,2.20088],[-54.393005,2.202472],[-54.39203,2.20421],[-54.390257,2.205151],[-54.387573,2.204585],[-54.385683,2.206029],[-54.383261,2.205495],[-54.381542,2.203361],[-54.379836,2.202643],[-54.376167,2.203466],[-54.373194,2.205389],[-54.37006,2.205873],[-54.366708,2.207975],[-54.362708,2.211762],[-54.360441,2.209587],[-54.359385,2.207429],[-54.35647,2.20626],[-54.354505,2.20274],[-54.3571,2.200881],[-54.357765,2.197366],[-54.362367,2.194549],[-54.361835,2.19149],[-54.360853,2.190084],[-54.361143,2.188083],[-54.364813,2.186942],[-54.364759,2.184726],[-54.362419,2.182975],[-54.363065,2.179672],[-54.360718,2.174935],[-54.35792,2.175132],[-54.354358,2.172303],[-54.353219,2.170633],[-54.350799,2.170491],[-54.350489,2.173053],[-54.34826,2.173714],[-54.344087,2.170696],[-54.34112,2.170893],[-54.33916,2.16931],[-54.340335,2.165706],[-54.344237,2.16049],[-54.343724,2.156935],[-54.342688,2.154841],[-54.343273,2.152597],[-54.341883,2.151837],[-54.331895,2.155161],[-54.329073,2.154279],[-54.326698,2.155511],[-54.324847,2.154307],[-54.322282,2.155329],[-54.320419,2.159482],[-54.318482,2.159274],[-54.316185,2.157565],[-54.313871,2.15812],[-54.310966,2.157471],[-54.310442,2.155731],[-54.308645,2.154427],[-54.303451,2.155327],[-54.301511,2.15332],[-54.292329,2.15008],[-54.288284,2.147675],[-54.282161,2.147349],[-54.280455,2.1464],[-54.272447,2.146219],[-54.270697,2.144508],[-54.267288,2.144346],[-54.265543,2.145471],[-54.264938,2.147738],[-54.261343,2.149271],[-54.257546,2.154508],[-54.254139,2.155763],[-54.251043,2.153335],[-54.24829,2.155034],[-54.24524,2.156057],[-54.243658,2.154219],[-54.239949,2.151834],[-54.234686,2.150702],[-54.233356,2.148566],[-54.23216,2.15056],[-54.229913,2.152406],[-54.228355,2.15224],[-54.225615,2.149831],[-54.224142,2.149834],[-54.222547,2.151849],[-54.219941,2.15376],[-54.215574,2.158554],[-54.212414,2.157036],[-54.210312,2.158395],[-54.210553,2.15947],[-54.206482,2.162086],[-54.20359,2.163164],[-54.201649,2.165151],[-54.201362,2.166886],[-54.199208,2.168161],[-54.196051,2.168207],[-54.193937,2.169906],[-54.190349,2.171329],[-54.190268,2.176662],[-54.189233,2.178464],[-54.186906,2.178826],[-54.183695,2.178065],[-54.184016,2.174452],[-54.185093,2.17322],[-54.184982,2.168193],[-54.185672,2.165587],[-54.185332,2.163852],[-54.183769,2.161696],[-54.18349,2.158542],[-54.181651,2.154946],[-54.18196,2.151642],[-54.179093,2.149446],[-54.175521,2.149769],[-54.174926,2.147251],[-54.17328,2.144735],[-54.17447,2.140455],[-54.174126,2.136688],[-54.172291,2.134956],[-54.168669,2.132823],[-54.168326,2.129351],[-54.166345,2.127873],[-54.163739,2.129446],[-54.158856,2.129265],[-54.157463,2.127108],[-54.159392,2.123505],[-54.157916,2.122047],[-54.154802,2.122222],[-54.153159,2.121612],[-54.152924,2.11994],[-54.150061,2.119522],[-54.147687,2.121623],[-54.144296,2.120402],[-54.144691,2.117797],[-54.143675,2.115092],[-54.142168,2.113055],[-54.138605,2.115703],[-54.139497,2.117633],[-54.135422,2.121876],[-54.134224,2.121963],[-54.130685,2.120615],[-54.1281,2.122441],[-54.12724,2.124009],[-54.124924,2.123337],[-54.123511,2.121731],[-54.119133,2.121675],[-54.117591,2.118693],[-54.115526,2.117469],[-54.112138,2.117603],[-54.109397,2.115153],[-54.109163,2.113819],[-54.106969,2.111156],[-54.104507,2.111076],[-54.10138,2.111754],[-54.101087,2.112708],[-54.102736,2.116304],[-54.104526,2.117231],[-54.106491,2.120996],[-54.103488,2.124496],[-54.101139,2.127866],[-54.098761,2.128486],[-54.098494,2.131513],[-54.095401,2.132071],[-54.094922,2.134421],[-54.09356,2.13724],[-54.09325,2.14012],[-54.089755,2.13928],[-54.087961,2.136785],[-54.084298,2.136178],[-54.083759,2.140245],[-54.087003,2.141741],[-54.088188,2.144725],[-54.085833,2.145746],[-54.085338,2.149153],[-54.08452,2.150531],[-54.087894,2.153658],[-54.086367,2.158467],[-54.084395,2.161669],[-54.082525,2.163048],[-54.081521,2.165908],[-54.082982,2.170161],[-54.082882,2.172532],[-54.080908,2.174611],[-54.078108,2.174299],[-54.076197,2.176738],[-54.07235,2.178715],[-54.07297,2.183393],[-54.066459,2.189885],[-54.066285,2.192651],[-54.065363,2.194623],[-54.065451,2.196782],[-54.062105,2.196535],[-54.058824,2.197961],[-54.057915,2.196226],[-54.057949,2.192096],[-54.055523,2.189561],[-54.052956,2.189863],[-54.048829,2.189109],[-54.046172,2.186552],[-54.042386,2.18732],[-54.038914,2.187391],[-54.033128,2.188419],[-54.031482,2.186474],[-54.028953,2.185167],[-54.02679,2.187331],[-54.025082,2.185874],[-54.023537,2.181366],[-54.020865,2.182452],[-54.017393,2.182119],[-54.015899,2.182546],[-54.014244,2.18653],[-54.012627,2.188037],[-54.010213,2.188289],[-54.008764,2.189879],[-54.005998,2.19609],[-54.003706,2.197661],[-54.004409,2.201492],[-54.004289,2.204055],[-54.002013,2.203641],[-54.000371,2.200703],[-53.999074,2.200542],[-53.996848,2.204318],[-53.994144,2.205449],[-53.992041,2.20802],[-53.989544,2.209163],[-53.986885,2.208215],[-53.982402,2.209336],[-53.980042,2.20729],[-53.977817,2.206566],[-53.97315,2.206389],[-53.97248,2.208747],[-53.970276,2.211954],[-53.967573,2.213455],[-53.966381,2.216131],[-53.964439,2.218557],[-53.961861,2.219118],[-53.958555,2.217311],[-53.955806,2.217131],[-53.952625,2.218779],[-53.950801,2.220542],[-53.94994,2.218374],[-53.945226,2.215179],[-53.943937,2.215606],[-53.942326,2.219103],[-53.940119,2.220683],[-53.941163,2.22309],[-53.941448,2.227588],[-53.941169,2.232697],[-53.939712,2.234632],[-53.93641,2.234136],[-53.932784,2.237069],[-53.935466,2.240371],[-53.937667,2.241888],[-53.936634,2.244697],[-53.934257,2.247586],[-53.939363,2.253823],[-53.941335,2.259457],[-53.938062,2.261237],[-53.936528,2.263503],[-53.936193,2.267527],[-53.933662,2.26941],[-53.934393,2.273312],[-53.935775,2.27323],[-53.938606,2.274627],[-53.934995,2.277811],[-53.934408,2.281108],[-53.933331,2.281825],[-53.930778,2.281353],[-53.930706,2.278415],[-53.928573,2.27744],[-53.926371,2.275194],[-53.923935,2.27426],[-53.919654,2.278119],[-53.918467,2.277102],[-53.915101,2.278182],[-53.912232,2.275247],[-53.911605,2.271648],[-53.915153,2.269272],[-53.914541,2.264891],[-53.914997,2.262019],[-53.910796,2.260558],[-53.908126,2.261199],[-53.905046,2.260873],[-53.902971,2.262744],[-53.902333,2.266173],[-53.901349,2.267539],[-53.897309,2.267428],[-53.895903,2.268211],[-53.896505,2.272974],[-53.894023,2.276358],[-53.892045,2.276849],[-53.891719,2.271767],[-53.889318,2.271242],[-53.888143,2.273087],[-53.886648,2.272879],[-53.885241,2.275126],[-53.888975,2.278423],[-53.888646,2.282658],[-53.885891,2.283617],[-53.885853,2.286073],[-53.883542,2.287262],[-53.885702,2.293251],[-53.887329,2.296658],[-53.886215,2.297761],[-53.885127,2.300792],[-53.88497,2.302944],[-53.882771,2.308836],[-53.878751,2.308696],[-53.87559,2.30758],[-53.873674,2.307521],[-53.871108,2.308584],[-53.867546,2.306706],[-53.866931,2.304548],[-53.86432,2.30449],[-53.862475,2.307733],[-53.861701,2.310721],[-53.857517,2.312019],[-53.855604,2.313293],[-53.853764,2.308829],[-53.852814,2.307835],[-53.852721,2.303727],[-53.850785,2.303943],[-53.848552,2.303016],[-53.846383,2.303274],[-53.842786,2.304573],[-53.840087,2.302312],[-53.838234,2.302167],[-53.835315,2.305519],[-53.83323,2.305481],[-53.831004,2.308196],[-53.824735,2.308353],[-53.823769,2.309456],[-53.823627,2.312294],[-53.822553,2.312487],[-53.819223,2.31046],[-53.817686,2.310315],[-53.813015,2.311786],[-53.813635,2.316804],[-53.814669,2.318263],[-53.814803,2.321799],[-53.819715,2.324775],[-53.821,2.324921],[-53.822534,2.323393],[-53.826554,2.322898],[-53.828934,2.323168],[-53.831043,2.324539],[-53.832521,2.327099],[-53.835848,2.327029],[-53.834823,2.330166],[-53.834868,2.331923],[-53.832661,2.333707],[-53.82717,2.335433],[-53.822306,2.335316],[-53.819612,2.336084],[-53.817159,2.33765],[-53.809628,2.341075],[-53.808977,2.341838],[-53.808963,2.345185],[-53.80966,2.346475],[-53.808928,2.34906],[-53.810497,2.352336],[-53.806918,2.354041],[-53.804096,2.353835],[-53.799865,2.354225],[-53.798233,2.359459],[-53.796911,2.361495],[-53.789887,2.362371],[-53.789359,2.361143],[-53.787317,2.361422],[-53.782453,2.361178],[-53.781844,2.362174],[-53.785055,2.367632],[-53.783203,2.368166],[-53.779776,2.370354],[-53.776744,2.370169],[-53.773704,2.368811],[-53.770779,2.370683],[-53.770372,2.374163],[-53.769112,2.375392],[-53.766039,2.375569],[-53.762331,2.374157],[-53.760772,2.374075],[-53.757658,2.375225],[-53.756518,2.373788],[-53.756514,2.371606],[-53.751171,2.369745],[-53.745739,2.369969],[-53.743422,2.369507],[-53.74254,2.37042],[-53.741872,2.373408],[-53.738083,2.374029],[-53.7361,2.372444],[-53.736013,2.371089],[-53.737331,2.366491],[-53.738719,2.365492],[-53.744739,2.364039],[-53.749811,2.36227],[-53.751722,2.360065],[-53.750665,2.357779],[-53.746981,2.357892],[-53.746955,2.355837],[-53.744238,2.354974],[-53.742539,2.358451],[-53.740168,2.359107],[-53.738206,2.361086],[-53.736074,2.358125],[-53.734359,2.359264],[-53.733259,2.356576],[-53.730348,2.353617],[-53.728661,2.352541],[-53.728568,2.347945],[-53.723265,2.349628],[-53.722111,2.351558],[-53.720844,2.349951],[-53.723172,2.344162],[-53.726046,2.338861],[-53.729494,2.336123],[-53.734125,2.335521],[-53.73829,2.332461],[-53.738351,2.331318],[-53.736558,2.329372],[-53.735458,2.3266],[-53.733452,2.324189],[-53.733176,2.322389],[-53.734395,2.321476],[-53.737594,2.32094],[-53.741498,2.321647],[-53.745435,2.319964],[-53.747706,2.319835],[-53.747929,2.315683],[-53.745253,2.314122],[-53.744828,2.312343],[-53.746805,2.311428],[-53.747097,2.310051],[-53.744571,2.309781],[-53.739636,2.305808],[-53.734329,2.305077],[-53.731234,2.305379],[-53.730184,2.306864],[-53.728996,2.310909],[-53.726908,2.311128],[-53.723705,2.309969],[-53.722657,2.312513],[-53.721095,2.310567],[-53.718931,2.309061],[-53.714785,2.310531],[-53.712405,2.310006],[-53.711515,2.306958],[-53.710502,2.306007],[-53.706038,2.30593],[-53.704331,2.305446],[-53.704885,2.308517],[-53.703921,2.311123],[-53.698953,2.311174],[-53.697033,2.308954],[-53.694633,2.309256],[-53.692041,2.308223],[-53.690395,2.306192],[-53.691715,2.302547],[-53.690487,2.298885],[-53.688654,2.298168],[-53.689223,2.29526],[-53.685806,2.292471],[-53.682838,2.292794],[-53.681284,2.295],[-53.681434,2.296609],[-53.684048,2.298299],[-53.682473,2.300017],[-53.679057,2.2978],[-53.677833,2.296277],[-53.674342,2.297257],[-53.672518,2.301687],[-53.670184,2.303513],[-53.668896,2.301673],[-53.664629,2.301814],[-53.66347,2.300969],[-53.663273,2.297029],[-53.660554,2.295425],[-53.658662,2.297398],[-53.654453,2.298465],[-53.651795,2.295738],[-53.651961,2.294509],[-53.654547,2.292555],[-53.654709,2.288318],[-53.656388,2.285095],[-53.657587,2.284563],[-53.656925,2.27948],[-53.652565,2.278239],[-53.644689,2.277808],[-53.643324,2.279844],[-53.640607,2.279913],[-53.637366,2.27699],[-53.633806,2.276594],[-53.630905,2.279459],[-53.628128,2.280057],[-53.626547,2.279276],[-53.623219,2.278901],[-53.624163,2.277184],[-53.62355,2.275617],[-53.620411,2.274818],[-53.619185,2.27249],[-53.617502,2.273107],[-53.615321,2.276816],[-53.612796,2.27805],[-53.612147,2.280805],[-53.609305,2.281064],[-53.610017,2.27869],[-53.608331,2.277761],[-53.604462,2.280734],[-53.600479,2.279215],[-53.598312,2.276842],[-53.597781,2.274215],[-53.592913,2.271873],[-53.590265,2.271789],[-53.588213,2.269297],[-53.586606,2.263217],[-53.581569,2.263081],[-53.581788,2.268101],[-53.580422,2.269798],[-53.579012,2.269906],[-53.578419,2.267683],[-53.576355,2.267687],[-53.57444,2.268665],[-53.572502,2.267461],[-53.56751,2.267151],[-53.56681,2.263679],[-53.564124,2.264503],[-53.562072,2.26409],[-53.56001,2.264686],[-53.558512,2.262761],[-53.559316,2.260868],[-53.557412,2.260116],[-53.554839,2.257175],[-53.552565,2.257158],[-53.549212,2.254686],[-53.548998,2.252547],[-53.546765,2.252529],[-53.54477,2.255457],[-53.542883,2.255005],[-53.541994,2.252168],[-53.540103,2.254947],[-53.537517,2.256519],[-53.535086,2.251757],[-53.531952,2.251327],[-53.525881,2.252951],[-53.52498,2.253906],[-53.525098,2.256722],[-53.524001,2.258957],[-53.521411,2.258962],[-53.519688,2.26087],[-53.516028,2.261554],[-53.515089,2.2611],[-53.512721,2.257524],[-53.510552,2.256909],[-53.505682,2.258416],[-53.501679,2.258147],[-53.495873,2.260508],[-53.495214,2.257268],[-53.492013,2.256807],[-53.49073,2.258081],[-53.489768,2.261832],[-53.484039,2.262097],[-53.481414,2.259693],[-53.480598,2.256467],[-53.478638,2.255581],[-53.471665,2.253664],[-53.470631,2.252141],[-53.468882,2.251995],[-53.46756,2.254244],[-53.464861,2.252193],[-53.461566,2.253162],[-53.45873,2.257318],[-53.454476,2.257686],[-53.453658,2.259127],[-53.450613,2.259718],[-53.450714,2.261866],[-53.447417,2.26723],[-53.444869,2.267277],[-53.444816,2.272934],[-53.445638,2.273801],[-53.440277,2.27741],[-53.437938,2.277265],[-53.436049,2.280679],[-53.435863,2.282352],[-53.433989,2.282844],[-53.431292,2.282065],[-53.430958,2.283887],[-53.432144,2.287401],[-53.430819,2.288611],[-53.428186,2.288445],[-53.426487,2.287614],[-53.423686,2.287513],[-53.421575,2.284677],[-53.4188,2.286885],[-53.416799,2.286507],[-53.413726,2.287889],[-53.411623,2.28719],[-53.405727,2.290339],[-53.404509,2.292354],[-53.405462,2.295084],[-53.404307,2.297332],[-53.402897,2.297737],[-53.399646,2.304605],[-53.395373,2.306413],[-53.394068,2.306479],[-53.391051,2.303857],[-53.387577,2.304223],[-53.386867,2.308059],[-53.38418,2.309011],[-53.381026,2.311962],[-53.379216,2.312939],[-53.373928,2.311804],[-53.37214,2.313035],[-53.361943,2.324005],[-53.36121,2.326189],[-53.359127,2.327273],[-53.357953,2.330346],[-53.359729,2.334136],[-53.358207,2.335315],[-53.358767,2.338734],[-53.361151,2.340616],[-53.361034,2.344025],[-53.356025,2.348082],[-53.350714,2.346396],[-53.346691,2.346594],[-53.345916,2.349074],[-53.343961,2.351407],[-53.340785,2.352071],[-53.337747,2.349004],[-53.333109,2.345982],[-53.33331,2.339922],[-53.331979,2.337085],[-53.33191,2.334098],[-53.32972,2.334292],[-53.328269,2.335397],[-53.327767,2.337855],[-53.324208,2.338051],[-53.320859,2.337527],[-53.320928,2.34115],[-53.321668,2.343013],[-53.319207,2.345051],[-53.315717,2.336031],[-53.315585,2.332387],[-53.312777,2.328239],[-53.315303,2.326985],[-53.314168,2.323422],[-53.312057,2.320416],[-53.310032,2.319085],[-53.309227,2.315781],[-53.306716,2.313073],[-53.304461,2.312144],[-53.303807,2.310513],[-53.3021,2.310558],[-53.300916,2.307064],[-53.296809,2.307664],[-53.29691,2.305333],[-53.293056,2.305488],[-53.292259,2.307141],[-53.285999,2.304121],[-53.283619,2.303893],[-53.281452,2.304997],[-53.279551,2.302501],[-53.280814,2.30146],[-53.276749,2.297202],[-53.274026,2.293816],[-53.271643,2.291828],[-53.267913,2.291071],[-53.267954,2.289248],[-53.266372,2.287874],[-53.260598,2.286357],[-53.260109,2.28371],[-53.260099,2.275339],[-53.259675,2.273538],[-53.255983,2.270091],[-53.245438,2.269227],[-53.242755,2.269561],[-53.240816,2.268653],[-53.237605,2.270007],[-53.233935,2.266793],[-53.23219,2.268955],[-53.230209,2.268218],[-53.230225,2.265082],[-53.226854,2.264028],[-53.227458,2.25964],[-53.226904,2.255531],[-53.229557,2.254764],[-53.230865,2.256478],[-53.233983,2.256325],[-53.237052,2.252125],[-53.238217,2.251969],[-53.238486,2.248727],[-53.242403,2.24834],[-53.25187,2.241354],[-53.255947,2.248785],[-53.25993,2.248735],[-53.25982,2.247147],[-53.258112,2.245731],[-53.258355,2.239373],[-53.259406,2.237485],[-53.258099,2.236534],[-53.259023,2.234859],[-53.256726,2.230366],[-53.258259,2.227376],[-53.258802,2.224748],[-53.260506,2.223495],[-53.262965,2.219678],[-53.263893,2.21942],[-53.267117,2.221081],[-53.272089,2.222095],[-53.274509,2.221355],[-53.277962,2.219335],[-53.277601,2.216963],[-53.274568,2.216925],[-53.274045,2.21524],[-53.274527,2.21191],[-53.2742,2.209886],[-53.275197,2.2044],[-53.275413,2.200287],[-53.278149,2.198312],[-53.282435,2.197492],[-53.282804,2.194627],[-53.283764,2.193176],[-53.283781,2.189721],[-53.281075,2.187866],[-53.28155,2.19165],[-53.280446,2.194422],[-53.276981,2.194925],[-53.275014,2.190983],[-53.273784,2.190188],[-53.270493,2.190139],[-53.268502,2.191139],[-53.266692,2.190018],[-53.263081,2.189184],[-53.259192,2.193351],[-53.258914,2.195852],[-53.257525,2.198906],[-53.256136,2.200295],[-53.253358,2.200296],[-53.248684,2.203649],[-53.249192,2.208352],[-53.247247,2.210296],[-53.244748,2.211129],[-53.240858,2.211129],[-53.239747,2.210296],[-53.235581,2.210296],[-53.233636,2.208351],[-53.233081,2.205851],[-53.230025,2.203907],[-53.227247,2.203074],[-53.224191,2.201129],[-53.222525,2.201129],[-53.220581,2.203074],[-53.216692,2.203352],[-53.215858,2.202518],[-53.210859,2.206407],[-53.209748,2.210574],[-53.201863,2.211338],[-53.197728,2.212779],[-53.194848,2.210918],[-53.194589,2.212234],[-53.192543,2.212356],[-53.190786,2.214009],[-53.187028,2.213058],[-53.185885,2.21172],[-53.182508,2.211103],[-53.181275,2.213354],[-53.176568,2.214676],[-53.173243,2.217002],[-53.170746,2.216742],[-53.167301,2.21866],[-53.162757,2.217256],[-53.16026,2.217069],[-53.160215,2.218934],[-53.158696,2.22042],[-53.155701,2.2215],[-53.152871,2.221026],[-53.148921,2.219286],[-53.144403,2.219316],[-53.140365,2.222384],[-53.139295,2.222122],[-53.13711,2.224087],[-53.133901,2.225383],[-53.13062,2.225484],[-53.128024,2.222521],[-53.125981,2.223649],[-53.123054,2.22248],[-53.121535,2.22411],[-53.119846,2.223251],[-53.118206,2.224282],[-53.116398,2.223644],[-53.113,2.224582],[-53.11036,2.22468],[-53.108098,2.223129],[-53.105675,2.224616],[-53.103059,2.223946],[-53.102491,2.225813],[-53.098971,2.225267],[-53.098588,2.222996],[-53.093759,2.221686],[-53.0925,2.223124],[-53.090167,2.221716],[-53.088456,2.222125],[-53.085649,2.221698],[-53.083321,2.222801],[-53.079682,2.222209],[-53.078396,2.221014],[-53.073637,2.218725],[-53.072396,2.215832],[-53.06966,2.214496],[-53.069325,2.212774],[-53.067037,2.209525],[-53.065729,2.209191],[-53.062392,2.20422],[-53.062151,2.201326],[-53.060936,2.199701],[-53.060052,2.196593],[-53.057386,2.194682],[-53.056126,2.194684],[-53.051903,2.189849],[-53.050294,2.19041],[-53.047344,2.189314],[-53.042159,2.188221],[-53.041633,2.186474],[-53.038968,2.185474],[-53.035213,2.186986],[-53.034348,2.186211],[-53.032121,2.187044],[-53.028996,2.184301],[-53.026162,2.183203],[-53.02416,2.183248],[-53.022637,2.182037],[-53.01837,2.18208],[-53.01233,2.178277],[-53.010541,2.179707],[-53.007894,2.177435],[-53.006738,2.17925],[-53.005014,2.179516],[-53.001456,2.177271],[-52.997653,2.178161],[-52.996961,2.176536],[-52.992104,2.172092],[-52.989346,2.172479],[-52.988033,2.168462],[-52.984893,2.167796],[-52.982089,2.169211],[-52.980898,2.16773],[-52.977815,2.168539],[-52.976152,2.169953],[-52.975323,2.172227],[-52.969616,2.172713],[-52.967998,2.172308],[-52.962888,2.173918],[-52.960724,2.173969],[-52.959632,2.175406],[-52.956823,2.172993],[-52.94917,2.176639],[-52.945247,2.177505],[-52.943939,2.177124],[-52.942491,2.178729],[-52.940873,2.17878],[-52.938331,2.180721],[-52.937979,2.184548],[-52.93908,2.18993],[-52.936727,2.191369],[-52.934615,2.194338],[-52.931759,2.193265],[-52.93009,2.18987],[-52.928642,2.191666],[-52.925645,2.190354],[-52.924623,2.19093],[-52.921863,2.190455],[-52.919869,2.193304],[-52.918726,2.192444],[-52.912757,2.191901],[-52.911445,2.188721],[-52.910398,2.188006],[-52.907641,2.189468],[-52.904093,2.186458],[-52.904194,2.190956],[-52.902746,2.19292],[-52.901088,2.198591],[-52.898357,2.201801],[-52.897126,2.205678],[-52.895868,2.207905],[-52.893776,2.20841],[-52.89214,2.21279],[-52.892476,2.214537],[-52.891456,2.216954],[-52.886204,2.219281],[-52.886017,2.222177],[-52.887588,2.223609],[-52.887071,2.228635],[-52.885265,2.230072],[-52.88546,2.232895],[-52.887652,2.236552],[-52.887679,2.238371],[-52.879069,2.237999],[-52.877272,2.238424],[-52.874864,2.241713],[-52.87653,2.242285],[-52.873988,2.244657],[-52.87292,2.246572],[-52.873473,2.25095],[-52.871761,2.252339],[-52.871432,2.255091],[-52.872602,2.258176],[-52.871391,2.260307],[-52.869011,2.259018],[-52.865613,2.261223],[-52.86176,2.260391],[-52.860239,2.261804],[-52.85641,2.262408],[-52.854034,2.263679],[-52.854013,2.266143],[-52.852042,2.268155],[-52.852402,2.270906],[-52.855303,2.270352],[-52.85514,2.272697],[-52.856783,2.274705],[-52.855145,2.276931],[-52.858413,2.278719],[-52.858768,2.280916],[-52.855905,2.281627],[-52.852864,2.278954],[-52.848396,2.279996],[-52.846715,2.281084],[-52.844202,2.280203],[-52.838228,2.281296],[-52.839236,2.28367],[-52.839364,2.285867],[-52.842932,2.287428],[-52.842158,2.291218],[-52.839496,2.291071],[-52.836858,2.289659],[-52.835,2.289737],[-52.834551,2.292718],[-52.831864,2.292646],[-52.823103,2.294147],[-52.821523,2.295261],[-52.818559,2.294709],[-52.814594,2.296583],[-52.811782,2.29689],[-52.807667,2.299875],[-52.80596,2.300358],[-52.803725,2.299603],[-52.801415,2.300262],[-52.801292,2.302006],[-52.796864,2.305137],[-52.794603,2.304087],[-52.792606,2.305309],[-52.787714,2.310699],[-52.785002,2.311038],[-52.783455,2.309795],[-52.781769,2.312118],[-52.780823,2.315923],[-52.77847,2.31796],[-52.775897,2.314326],[-52.773067,2.315024],[-52.769959,2.320961],[-52.768081,2.321921],[-52.766579,2.319196],[-52.764868,2.320274],[-52.764705,2.323481],[-52.757002,2.326003],[-52.749133,2.328931],[-52.747517,2.330728],[-52.744949,2.331664],[-52.742454,2.333557],[-52.739818,2.336982],[-52.737414,2.335645],[-52.735368,2.33536],[-52.733825,2.338353],[-52.725835,2.339871],[-52.722127,2.341813],[-52.719226,2.342224],[-52.716801,2.343806],[-52.718232,2.34634],[-52.718997,2.350024],[-52.71636,2.351821],[-52.714104,2.355365],[-52.710088,2.358744],[-52.707805,2.358891],[-52.704786,2.361119],[-52.702527,2.3616],[-52.700864,2.362799],[-52.697011,2.363593],[-52.692184,2.365417],[-52.689761,2.367646],[-52.686168,2.367268],[-52.680202,2.370625],[-52.676277,2.370414],[-52.674586,2.3691],[-52.671351,2.369056],[-52.670234,2.369704],[-52.669286,2.372336],[-52.66472,2.373897],[-52.662293,2.37323],[-52.660581,2.373974],[-52.65973,2.378378],[-52.660613,2.380715],[-52.658713,2.382088],[-52.657303,2.386647],[-52.657164,2.389686],[-52.654859,2.391508],[-52.65415,2.395696],[-52.655676,2.398518],[-52.658436,2.399256],[-52.656991,2.404091],[-52.652052,2.410893],[-52.647848,2.416114],[-52.644733,2.418319],[-52.64388,2.420473],[-52.644382,2.422674],[-52.643458,2.425618],[-52.645506,2.428104],[-52.646368,2.432123],[-52.644372,2.43447],[-52.640996,2.436078],[-52.640522,2.43749],[-52.638432,2.439526],[-52.636577,2.440079],[-52.637246,2.443021],[-52.636701,2.444649],[-52.633824,2.44592],[-52.632562,2.445444],[-52.632416,2.441758],[-52.630274,2.441809],[-52.629072,2.445248],[-52.625946,2.444724],[-52.623549,2.44601],[-52.618465,2.445165],[-52.616396,2.445598],[-52.61559,2.448279],[-52.612215,2.450389],[-52.61029,2.452473],[-52.611293,2.455487],[-52.615197,2.457947],[-52.617198,2.459811],[-52.621578,2.462054],[-52.622295,2.464877],[-52.621659,2.469711],[-52.618477,2.474836],[-52.616813,2.475675],[-52.610009,2.475563],[-52.607774,2.476547],[-52.604394,2.475618],[-52.603397,2.47672],[-52.600613,2.476508],[-52.597613,2.475315],[-52.594024,2.477234],[-52.593696,2.48147],[-52.590657,2.487001],[-52.587804,2.488057],[-52.587234,2.489494],[-52.588665,2.492363],[-52.587098,2.494662],[-52.584006,2.495456],[-52.582725,2.498329],[-52.580491,2.500724],[-52.576046,2.504007],[-52.574598,2.506546],[-52.571056,2.508943],[-52.569679,2.511242],[-52.566899,2.513829],[-52.565212,2.516272],[-52.560789,2.517785],[-52.558935,2.519581],[-52.553177,2.519492],[-52.551704,2.520859],[-52.551779,2.524017],[-52.552519,2.526289],[-52.549953,2.529259],[-52.549337,2.530983],[-52.55029,2.532394],[-52.552597,2.531338],[-52.554548,2.531742],[-52.55581,2.534022],[-52.55653,2.538496],[-52.556581,2.541727],[-52.558772,2.543279],[-52.56056,2.546699],[-52.560922,2.550695],[-52.557237,2.552805],[-52.554554,2.557522],[-52.550538,2.561546],[-52.546827,2.562198],[-52.539995,2.558927],[-52.536925,2.558644],[-52.535738,2.56056],[-52.537834,2.562519],[-52.538384,2.564911],[-52.537816,2.567066],[-52.533899,2.574871],[-52.530407,2.579135],[-52.528029,2.580644],[-52.527222,2.582416],[-52.528298,2.586866],[-52.529656,2.5883],[-52.529707,2.591291],[-52.530423,2.592438],[-52.531858,2.598922],[-52.534311,2.601048],[-52.535979,2.603391],[-52.53886,2.604656],[-52.541409,2.606998],[-52.545836,2.608547],[-52.549931,2.610887],[-52.550076,2.612084],[-52.547795,2.614599],[-52.545154,2.614531],[-52.544275,2.61592],[-52.54226,2.621952],[-52.543463,2.624868],[-52.543872,2.628552],[-52.545493,2.630872],[-52.549538,2.630627],[-52.551347,2.631247],[-52.553135,2.634427],[-52.554826,2.636124],[-52.555544,2.639545],[-52.554666,2.640982],[-52.549914,2.646084],[-52.550393,2.648907],[-52.548254,2.650657],[-52.545779,2.650756],[-52.543855,2.652935],[-52.542047,2.653967],[-52.535787,2.652515],[-52.533429,2.650125],[-52.531359,2.6502],[-52.529337,2.651608],[-52.529009,2.655604],[-52.526396,2.658504],[-52.526064,2.65982],[-52.527804,2.661565],[-52.527259,2.664078],[-52.52486,2.667096],[-52.522272,2.671694],[-52.521442,2.674423],[-52.519422,2.676555],[-52.519449,2.678947],[-52.52031,2.682272],[-52.518576,2.684835],[-52.517224,2.688234],[-52.515368,2.68917],[-52.513256,2.692929],[-52.510686,2.693315],[-52.508811,2.696788],[-52.507503,2.697387],[-52.506744,2.699518],[-52.507414,2.702628],[-52.50504,2.707225],[-52.504141,2.711007],[-52.49982,2.716912],[-52.500016,2.721291],[-52.496262,2.72632],[-52.494955,2.72747],[-52.491411,2.728767],[-52.490628,2.73073],[-52.488442,2.73346],[-52.486567,2.736933],[-52.486213,2.739302],[-52.483528,2.742943],[-52.482604,2.746127],[-52.479163,2.753908],[-52.481711,2.755268],[-52.483118,2.757875],[-52.481998,2.760815],[-52.480215,2.762062],[-52.475457,2.763455],[-52.475244,2.764891],[-52.477008,2.766995],[-52.477224,2.768646],[-52.475894,2.770945],[-52.478138,2.77666],[-52.478333,2.78013],[-52.477819,2.781774],[-52.475014,2.784817],[-52.474113,2.787115],[-52.473455,2.793888],[-52.469037,2.800809],[-52.468302,2.802868],[-52.465379,2.806341],[-52.463243,2.810819],[-52.458873,2.818362],[-52.455761,2.822457],[-52.45498,2.825928],[-52.453126,2.827893],[-52.451584,2.832154],[-52.450924,2.836893],[-52.450212,2.838784],[-52.447646,2.842018],[-52.444967,2.850062],[-52.441473,2.853871],[-52.440287,2.85696],[-52.43708,2.861989],[-52.435583,2.863738],[-52.434424,2.869051],[-52.431403,2.871328],[-52.42991,2.875279],[-52.425515,2.882008],[-52.423332,2.887156],[-52.422645,2.89034],[-52.419888,2.893167],[-52.416533,2.893961],[-52.413176,2.893008],[-52.409773,2.893993],[-52.409681,2.896697],[-52.408066,2.899284],[-52.40457,2.900796],[-52.402472,2.897712],[-52.400971,2.896876],[-52.397973,2.897382],[-52.39495,2.896836],[-52.391713,2.89727],[-52.390143,2.898205],[-52.389338,2.90079],[-52.386415,2.90503],[-52.378667,2.913774],[-52.376958,2.917389],[-52.376889,2.920381],[-52.379033,2.921263],[-52.381576,2.918532],[-52.388192,2.917519],[-52.389527,2.919216],[-52.389698,2.922925],[-52.39039,2.924384],[-52.394439,2.92694],[-52.395465,2.928709],[-52.394968,2.931486],[-52.392685,2.933236],[-52.391023,2.93599],[-52.389695,2.940371],[-52.390532,2.942714],[-52.39339,2.944625],[-52.392299,2.947762],[-52.385113,2.949398],[-52.383115,2.950549],[-52.380837,2.956271],[-52.37756,2.962904],[-52.374187,2.968245],[-52.373262,2.971142],[-52.370603,2.975955],[-52.368468,2.981772],[-52.368446,2.983758],[-52.371142,2.988541],[-52.371192,2.99091],[-52.366437,2.99532],[-52.366206,3.000226],[-52.363357,3.006738],[-52.363222,3.012744],[-52.362108,3.017125],[-52.360396,3.018252],[-52.356589,3.019597],[-52.352475,3.022976],[-52.352598,3.025896],[-52.351531,3.029343],[-52.349692,3.031689],[-52.348696,3.034371],[-52.345916,3.039017],[-52.34554,3.042416],[-52.344709,3.044307],[-52.341905,3.048402],[-52.341171,3.051227],[-52.338484,3.053527],[-52.336298,3.056905],[-52.335277,3.059682],[-52.331976,3.066052],[-52.327698,3.071322],[-52.326087,3.077067],[-52.326876,3.080464],[-52.331451,3.084726],[-52.335239,3.087424],[-52.338216,3.088737],[-52.340029,3.091798],[-52.342697,3.092895],[-52.344318,3.094904],[-52.345464,3.097726],[-52.345817,3.105211],[-52.34505,3.108433],[-52.342681,3.110905],[-52.338225,3.117484],[-52.3382,3.119894],[-52.339252,3.120884],[-52.342227,3.12125],[-52.345412,3.120088],[-52.349299,3.121512],[-52.351363,3.123031],[-52.352856,3.126532],[-52.351927,3.130075],[-52.349503,3.133207],[-52.349268,3.135126],[-52.346633,3.136513],[-52.343831,3.134548],[-52.340736,3.1351],[-52.334362,3.134546],[-52.332218,3.136008],[-52.331414,3.138496],[-52.333971,3.141504],[-52.336864,3.139699],[-52.337689,3.14268],[-52.340776,3.144422],[-52.34034,3.147089],[-52.337864,3.148519],[-52.335419,3.151276],[-52.333202,3.155611],[-52.332675,3.158474],[-52.332845,3.161348],[-52.33142,3.161116],[-52.329547,3.165583],[-52.329505,3.167045],[-52.331622,3.169649],[-52.330494,3.17173],[-52.327166,3.171072],[-52.321052,3.170419],[-52.318225,3.17107],[-52.314856,3.174067],[-52.312471,3.175225],[-52.307103,3.174471],[-52.303254,3.173023],[-52.301326,3.173052],[-52.300237,3.174349],[-52.299358,3.178219],[-52.301245,3.184365],[-52.301234,3.189126],[-52.302845,3.195033],[-52.302726,3.199957],[-52.299809,3.205563],[-52.295424,3.212249],[-52.293358,3.217206],[-52.292513,3.226421],[-52.289896,3.227932],[-52.287301,3.228294],[-52.285285,3.230559],[-52.283376,3.230812],[-52.281022,3.233591],[-52.275976,3.234913],[-52.273907,3.236423],[-52.272362,3.23913],[-52.270222,3.240998],[-52.268579,3.241503],[-52.264583,3.244332],[-52.263537,3.245626],[-52.263946,3.248952],[-52.263234,3.251107],[-52.260451,3.253001],[-52.253687,3.25186],[-52.250068,3.25086],[-52.246992,3.247729],[-52.247019,3.244831],[-52.246294,3.242592],[-52.247036,3.241633],[-52.245719,3.238996],[-52.242694,3.237371],[-52.239267,3.23929],[-52.23534,3.239702],[-52.233602,3.240686],[-52.230418,3.245189],[-52.228324,3.247321],[-52.225877,3.251512],[-52.223237,3.254004],[-52.223193,3.257307],[-52.216537,3.266026],[-52.215612,3.268588],[-52.213045,3.272516],[-52.210503,3.2774],[-52.206649,3.27999],[-52.203535,3.285067],[-52.203087,3.287509],[-52.200018,3.29083],[-52.194095,3.295561],[-52.190834,3.296737],[-52.189385,3.299372],[-52.189079,3.302052],[-52.189938,3.303751],[-52.192298,3.306069],[-52.192633,3.307648],[-52.190088,3.309996],[-52.187954,3.31749],[-52.186671,3.320052],[-52.182342,3.323957],[-52.177345,3.32674],[-52.17423,3.330501],[-52.173731,3.332033],[-52.173953,3.337513],[-52.171647,3.340962],[-52.170127,3.344051],[-52.166607,3.34798],[-52.162467,3.350929],[-52.157191,3.360364],[-52.155479,3.362712],[-52.150894,3.371165],[-52.150113,3.375642],[-52.147903,3.379689],[-52.145334,3.381941],[-52.142957,3.385606],[-52.142388,3.38764],[-52.13837,3.393748],[-52.136328,3.398657],[-52.13305,3.405529],[-52.131195,3.408331],[-52.129319,3.412785],[-52.12675,3.415923],[-52.124017,3.42112],[-52.121806,3.423707],[-52.119622,3.429596],[-52.117164,3.433198],[-52.113983,3.434342],[-52.113224,3.436784],[-52.112778,3.441762],[-52.111328,3.444516],[-52.108668,3.451053],[-52.106694,3.453424],[-52.103029,3.455822],[-52.099961,3.459487],[-52.095226,3.461761],[-52.094405,3.463029],[-52.094278,3.467392],[-52.092971,3.470145],[-52.093977,3.47505],[-52.092815,3.479049],[-52.091422,3.480791],[-52.086826,3.489576],[-52.080152,3.492303],[-52.078537,3.495713],[-52.073558,3.499778],[-52.071966,3.502604],[-52.070493,3.506531],[-52.070448,3.508325],[-52.073452,3.511242],[-52.073599,3.514712],[-52.071054,3.517587],[-52.069126,3.518164],[-52.0641,3.518122],[-52.061076,3.519082],[-52.059815,3.520543],[-52.057296,3.524998],[-52.054635,3.53163],[-52.051236,3.537665],[-52.047907,3.542503],[-52.042464,3.552992],[-52.039445,3.557351],[-52.036593,3.563601],[-52.034167,3.567265],[-52.03298,3.570785],[-52.030031,3.574378],[-52.027268,3.578801],[-52.024695,3.584986],[-52.021888,3.588531],[-52.019202,3.593752],[-52.012325,3.599791],[-52.006067,3.606595],[-52.002617,3.609207],[-51.999644,3.613998],[-51.998249,3.614833],[-51.99548,3.618166],[-51.99215,3.6231],[-51.98882,3.626862],[-51.988132,3.629543],[-51.989136,3.633036],[-51.98909,3.63507],[-51.990737,3.637007],[-51.991364,3.640767],[-51.993467,3.642901],[-51.992604,3.64622],[-51.989867,3.648209],[-51.987774,3.651753],[-51.98692,3.654124],[-51.987233,3.657354],[-51.988547,3.660655],[-51.988218,3.664365],[-51.986958,3.667957],[-51.986534,3.672145],[-51.984538,3.67648],[-51.981843,3.677957],[-51.978799,3.682436],[-51.977729,3.685285],[-51.977166,3.692466],[-51.975285,3.69364],[-51.973695,3.699051],[-51.973461,3.702977],[-51.972606,3.705467],[-51.96894,3.707792],[-51.966012,3.710692],[-51.962085,3.713161],[-51.958392,3.71295],[-51.956488,3.715058],[-51.957134,3.71824],[-51.955779,3.720443],[-51.951969,3.722291],[-51.9493,3.722509],[-51.946084,3.721268],[-51.942605,3.720793],[-51.93977,3.721227],[-51.935574,3.719388],[-51.934075,3.720299],[-51.932461,3.723259],[-51.927981,3.722259],[-51.924955,3.722237],[-51.921694,3.724275],[-51.919839,3.728226],[-51.918937,3.731602],[-51.92023,3.737321],[-51.918423,3.741726],[-51.916093,3.745654],[-51.920173,3.751154],[-51.920392,3.75551],[-51.921039,3.759315],[-51.923593,3.764195],[-51.925405,3.765438],[-51.926599,3.767327],[-51.925411,3.770296],[-51.922148,3.772071],[-51.920697,3.774322],[-51.921103,3.77925],[-51.919947,3.780821],[-51.917924,3.781874],[-51.916226,3.781769],[-51.912507,3.779596],[-51.910386,3.779382],[-51.908402,3.780822],[-51.904645,3.780968],[-51.903063,3.783906],[-51.898096,3.783847],[-51.896002,3.785907],[-51.895957,3.788852],[-51.897794,3.791315],[-51.900539,3.791383],[-51.903366,3.792826],[-51.90442,3.79418],[-51.904711,3.798344],[-51.902937,3.800222],[-51.90081,3.800171],[-51.897782,3.798157],[-51.891141,3.796163],[-51.888976,3.794924],[-51.885987,3.794673],[-51.884944,3.79741],[-51.884345,3.80141],[-51.88089,3.803059],[-51.876866,3.802535],[-51.873996,3.803168],[-51.870719,3.806493],[-51.869554,3.808337],[-51.867464,3.815925],[-51.864039,3.821937],[-51.85842,3.826538],[-51.856899,3.830201],[-51.856401,3.832667],[-51.845568,3.841031],[-51.843711,3.842923],[-51.84007,3.847762],[-51.836894,3.850602],[-51.831115,3.852727],[-51.823448,3.858572],[-51.822415,3.861537],[-51.822726,3.864903],[-51.822263,3.867803],[-51.819862,3.870943],[-51.815064,3.872053],[-51.813085,3.873217],[-51.805626,3.879879],[-51.803217,3.883005],[-51.798641,3.886954],[-51.796273,3.891308],[-51.794394,3.896279],[-51.790858,3.902291],[-51.786245,3.912194],[-51.782581,3.920751],[-51.781327,3.925223],[-51.781278,3.935494],[-51.780384,3.940013],[-51.780681,3.94241],[-51.78317,3.946462],[-51.782154,3.955035],[-51.782334,3.96409],[-51.781004,3.968878],[-51.777625,3.974554],[-51.775768,3.976471],[-51.764511,3.984139],[-51.760058,3.989097],[-51.758322,3.992211],[-51.75378,3.99498],[-51.745737,4.001488],[-51.739763,4.004411],[-51.735947,4.005414],[-51.729476,4.008087],[-51.725163,4.011425],[-51.71662,4.015933],[-51.713467,4.017019],[-51.708737,4.018023],[-51.706083,4.019776],[-51.702186,4.024363],[-51.6953,4.027786],[-51.692977,4.028371],[-51.685097,4.032878],[-51.68128,4.034549],[-51.675721,4.036053],[-51.672569,4.03839],[-51.669501,4.042393],[-51.659547,4.049819],[-51.656065,4.053905],[-51.654575,4.059324],[-51.653915,4.063492],[-51.652507,4.067827],[-51.649275,4.073414],[-51.647702,4.079499],[-51.643706,4.102951],[-51.642187,4.116265],[-51.637553,4.133263],[-51.636856,4.157258],[-51.636209,4.167551],[-51.634964,4.176348],[-51.630974,4.18696],[-51.628594,4.19163],[-51.626332,4.195102],[-51.619066,4.201092],[-51.634798,4.200722],[-51.638135,4.208742],[-51.641802,4.214047],[-51.644466,4.21616],[-51.645183,4.21776],[-51.651085,4.223583],[-51.655648,4.226251],[-51.659628,4.225889],[-51.660892,4.223948],[-51.662208,4.220343],[-51.662636,4.216888],[-51.662518,4.21051],[-51.663493,4.205491],[-51.668896,4.195512],[-51.668589,4.198036],[-51.664955,4.205237],[-51.663636,4.21119],[-51.663883,4.217334],[-51.663247,4.220877],[-51.660889,4.2267],[-51.657384,4.233101],[-51.657533,4.234814],[-51.659705,4.237289],[-51.659093,4.238539],[-51.661074,4.243879],[-51.662206,4.244045],[-51.664208,4.246978],[-51.66758,4.247128],[-51.676057,4.255701],[-51.678147,4.259976],[-51.679739,4.261823],[-51.679406,4.265884],[-51.677887,4.26735],[-51.680713,4.26886],[-51.685466,4.272445],[-51.688979,4.276444],[-51.691997,4.282124],[-51.696179,4.288216],[-51.698488,4.290022],[-51.700054,4.29293],[-51.703098,4.297082],[-51.707255,4.305022],[-51.708513,4.310095],[-51.710501,4.31243],[-51.713933,4.322686],[-51.715626,4.329813],[-51.716432,4.331247],[-51.718235,4.337571],[-51.718636,4.340796],[-51.718069,4.346091],[-51.719216,4.348894],[-51.71867,4.351],[-51.719027,4.353878],[-51.717846,4.354877],[-51.717737,4.357583],[-51.716642,4.359948],[-51.711439,4.36431],[-51.708904,4.371149],[-51.707301,4.376464],[-51.705324,4.378704],[-51.702515,4.380352],[-51.700536,4.382431],[-51.696265,4.383563],[-51.694071,4.382312],[-51.692414,4.382267],[-51.692883,4.386552],[-51.691211,4.389779],[-51.691047,4.393012],[-51.692243,4.395236],[-51.696062,4.39534],[-51.699581,4.396164],[-51.701319,4.393513],[-51.702769,4.389871],[-51.704524,4.38995],[-51.708972,4.388083],[-51.711729,4.387938],[-51.712804,4.390024],[-51.715035,4.392583],[-51.722916,4.395435],[-51.72319,4.396414],[-51.726918,4.396331],[-51.729147,4.397467],[-51.73472,4.401686],[-51.735492,4.401572],[-51.741543,4.406394],[-51.740522,4.407762],[-51.742139,4.411519],[-51.744661,4.413437],[-51.745727,4.415764],[-51.747826,4.415465],[-51.747578,4.419792],[-51.752799,4.41897],[-51.753464,4.421599],[-51.755537,4.425351],[-51.753121,4.428655],[-51.75327,4.434371],[-51.752103,4.437712],[-51.747419,4.43897],[-51.747279,4.441265],[-51.748522,4.443327],[-51.748501,4.445191],[-51.75369,4.4483],[-51.762852,4.458731],[-51.765387,4.46328],[-51.769378,4.468558],[-51.774258,4.482563],[-51.775801,4.484943],[-51.777871,4.489654],[-51.778206,4.492454],[-51.777468,4.494867],[-51.775966,4.497121],[-51.775972,4.503355],[-51.778675,4.507693],[-51.779992,4.511124],[-51.779349,4.512927],[-51.779442,4.518104],[-51.778965,4.518719],[-51.781552,4.526147],[-51.780976,4.53107],[-51.781577,4.534207],[-51.781772,4.538532],[-51.782401,4.538962],[-51.784963,4.54546],[-51.785443,4.547481],[-51.783518,4.549436],[-51.783203,4.552088],[-51.78444,4.554617],[-51.785671,4.560093],[-51.787124,4.56464],[-51.786517,4.569723],[-51.786675,4.575638],[-51.789388,4.5824],[-51.789494,4.584612],[-51.791703,4.588872],[-51.792614,4.591856],[-51.791255,4.595629],[-51.793452,4.601103],[-51.795445,4.604565],[-51.795902,4.607111],[-51.797289,4.609306],[-51.797674,4.611973],[-51.801108,4.615744],[-51.803792,4.616989],[-51.804183,4.618025],[-51.809694,4.621406],[-51.810675,4.622856],[-51.810184,4.624599],[-51.811205,4.626471],[-51.813299,4.627685],[-51.813907,4.630299],[-51.818049,4.633045],[-51.819609,4.633075],[-51.821744,4.635066],[-51.821556,4.63796],[-51.823851,4.639887],[-51.825429,4.639409],[-51.829219,4.643508],[-51.828679,4.644928],[-51.833107,4.646604],[-51.833714,4.64823],[-51.836485,4.649869],[-51.837411,4.652085],[-51.838703,4.652808],[-51.840002,4.655745],[-51.842663,4.656356],[-51.84387,4.657517],[-51.850102,4.659764],[-51.854108,4.662982],[-51.85429,4.664348],[-51.861502,4.667459],[-51.863892,4.669461],[-51.867942,4.671596],[-51.872582,4.672536],[-51.880383,4.675032],[-51.882706,4.676964],[-51.882639,4.678559],[-51.888484,4.67911],[-51.890665,4.678036],[-51.892575,4.678535],[-51.894123,4.680104],[-51.895988,4.680739],[-51.904492,4.67984],[-51.907835,4.680748],[-51.913043,4.681389],[-51.917141,4.68628],[-51.920481,4.683635],[-51.922456,4.681218],[-51.923883,4.677333],[-51.9252,4.676021],[-51.928035,4.670301],[-51.930414,4.664138],[-51.931632,4.657052],[-51.931757,4.648546],[-51.929931,4.625181],[-51.929649,4.618839],[-51.928194,4.600335],[-51.927519,4.588573],[-51.927064,4.583596],[-51.92736,4.570864],[-51.927221,4.559888],[-51.92839,4.544175],[-51.929507,4.536272],[-51.928939,4.532384],[-51.928544,4.517928],[-51.928404,4.505823],[-51.927953,4.4956],[-51.924422,4.476381],[-51.923471,4.466033],[-51.923139,4.451578],[-51.924121,4.435144],[-51.92686,4.423695],[-51.929294,4.41767],[-51.931103,4.412337],[-51.932538,4.40945],[-51.933316,4.406599],[-51.949259,4.411304],[-51.947217,4.418271],[-51.946577,4.421598],[-51.946182,4.430095],[-51.946285,4.435575],[-51.94819,4.452063],[-51.948717,4.453833],[-51.949969,4.463166],[-51.952201,4.474243],[-51.9545,4.482138],[-51.955702,4.489461],[-51.955998,4.497454],[-51.953947,4.51464],[-51.953764,4.520648],[-51.95465,4.523446],[-51.954847,4.528065],[-51.955809,4.534215],[-51.956934,4.538162],[-51.95947,4.543827],[-51.961789,4.547839],[-51.967317,4.554992],[-51.96911,4.555804],[-51.971123,4.560574],[-51.974136,4.562978],[-51.974604,4.5647],[-51.973675,4.566015],[-51.977364,4.570392],[-51.977485,4.573811],[-51.983226,4.580478],[-51.984124,4.584603],[-51.987366,4.591082],[-51.98766,4.592818],[-51.990312,4.596327],[-51.990252,4.598419],[-51.992217,4.603646],[-51.9946,4.607952],[-51.995685,4.608557],[-51.995627,4.612071],[-51.998011,4.617535],[-51.998172,4.619741],[-51.99971,4.620511],[-52.001528,4.623634],[-52.001463,4.62831],[-52.003534,4.633668],[-52.004677,4.637867],[-52.007382,4.641173],[-52.009294,4.642293],[-52.010474,4.644943],[-52.010322,4.646414],[-52.011695,4.649858],[-52.011643,4.654057],[-52.014407,4.658003],[-52.014949,4.659918],[-52.01713,4.660921],[-52.018232,4.662739],[-52.017116,4.664521],[-52.017332,4.668121],[-52.022467,4.670688],[-52.023528,4.671867],[-52.026771,4.673218],[-52.027933,4.675925],[-52.031771,4.675339],[-52.034508,4.674115],[-52.033028,4.67797],[-52.035848,4.680907],[-52.040036,4.68185],[-52.040925,4.683319],[-52.043723,4.683683],[-52.048567,4.685283],[-52.049745,4.686191],[-52.050214,4.690003],[-52.051508,4.691394],[-52.053279,4.688914],[-52.053978,4.691662],[-52.05548,4.690285],[-52.056218,4.693362],[-52.057719,4.691424],[-52.058196,4.687784],[-52.056207,4.686278],[-52.055355,4.684595],[-52.056181,4.682426],[-52.05732,4.682173],[-52.060632,4.679304],[-52.063409,4.678197],[-52.062633,4.675352],[-52.06512,4.674903],[-52.065558,4.671961],[-52.06453,4.66815],[-52.064682,4.666602],[-52.067704,4.663326],[-52.068104,4.659145],[-52.066943,4.657734],[-52.066282,4.654502],[-52.066395,4.652082],[-52.067312,4.650298],[-52.071631,4.654571],[-52.072847,4.658925],[-52.07303,4.66628],[-52.070401,4.671958],[-52.069929,4.675214],[-52.070702,4.681243],[-52.072225,4.68199],[-52.073831,4.684923],[-52.077858,4.686325],[-52.080511,4.68903],[-52.080183,4.690651],[-52.081169,4.6945],[-52.082079,4.69538],[-52.081655,4.697784],[-52.08474,4.700956],[-52.086901,4.701059],[-52.087395,4.702583],[-52.091291,4.704186],[-52.094734,4.703816],[-52.095425,4.707892],[-52.098038,4.709926],[-52.096202,4.711967],[-52.097192,4.715979],[-52.099229,4.718271],[-52.102995,4.719231],[-52.104103,4.717298],[-52.105666,4.717789],[-52.105884,4.719848],[-52.104131,4.721032],[-52.103557,4.723221],[-52.104842,4.72455],[-52.10429,4.727212],[-52.108552,4.730295],[-52.11406,4.736702],[-52.115591,4.742099],[-52.115081,4.744474],[-52.117915,4.750758],[-52.12046,4.75101],[-52.123802,4.753773],[-52.125367,4.755766],[-52.129692,4.757669],[-52.128752,4.758936],[-52.130082,4.761037],[-52.133355,4.761333],[-52.137209,4.762892],[-52.138583,4.76583],[-52.144062,4.767366],[-52.147613,4.767017],[-52.148578,4.768517],[-52.147618,4.770299],[-52.149107,4.777486],[-52.152273,4.77806],[-52.153475,4.780075],[-52.155058,4.779729],[-52.157541,4.78127],[-52.159142,4.779078],[-52.162246,4.780145],[-52.165152,4.778144],[-52.168031,4.776795]]],[[[-51.936905,4.466485],[-51.938251,4.474166],[-51.940434,4.484454],[-51.941721,4.484165],[-51.944599,4.478034],[-51.945048,4.475761],[-51.943586,4.468941],[-51.94291,4.462265],[-51.942954,4.4598],[-51.940888,4.448267],[-51.940786,4.443337],[-51.939705,4.436565],[-51.939364,4.430798],[-51.939549,4.426393],[-51.940542,4.419835],[-51.942915,4.410569],[-51.941556,4.410571],[-51.93989,4.413206],[-51.938894,4.417348],[-51.936596,4.429365],[-51.935273,4.439634],[-51.934853,4.446862],[-51.935246,4.455047],[-51.936113,4.462154],[-51.936905,4.466485]]],[[[-51.942614,4.503153],[-51.943014,4.506277],[-51.946666,4.509361],[-51.948644,4.508114],[-51.949831,4.503828],[-51.950824,4.497747],[-51.951149,4.490927],[-51.950832,4.485446],[-51.950113,4.482599],[-51.94808,4.477791],[-51.946672,4.477051],[-51.944439,4.483731],[-51.943397,4.489285],[-51.942313,4.499506],[-51.942614,4.503153]]],[[[-52.189495,4.895001],[-52.189652,4.892372],[-52.185034,4.889484],[-52.181415,4.889592],[-52.179641,4.890639],[-52.179746,4.893032],[-52.181623,4.894442],[-52.185159,4.893829],[-52.188787,4.895376],[-52.189495,4.895001]]],[[[-52.201148,4.926132],[-52.201051,4.931191],[-52.204937,4.93196],[-52.206888,4.931515],[-52.203741,4.925607],[-52.201148,4.926132]]],[[[-52.578819,5.281693],[-52.579208,5.282631],[-52.582017,5.282472],[-52.584464,5.283003],[-52.584271,5.279455],[-52.582085,5.279202],[-52.58108,5.280935],[-52.578819,5.281693]]],[[[-52.585367,5.287221],[-52.58677,5.288906],[-52.588065,5.287983],[-52.590161,5.289485],[-52.592846,5.289011],[-52.593575,5.286322],[-52.591741,5.285591],[-52.587507,5.286256],[-52.586462,5.284851],[-52.584886,5.285451],[-52.585367,5.287221]]],[[[-52.580045,5.295651],[-52.58092,5.297322],[-52.583106,5.296381],[-52.582882,5.293333],[-52.580045,5.295651]]],[[[-53.06739,5.496379],[-53.064294,5.494636],[-53.062254,5.49442],[-53.054707,5.495307],[-53.055444,5.496834],[-53.060362,5.500036],[-53.063393,5.501237],[-53.064409,5.500341],[-53.066964,5.501957],[-53.067947,5.500711],[-53.065869,5.498647],[-53.069786,5.498059],[-53.069652,5.496275],[-53.06739,5.496379]]],[[[-53.048519,5.493432],[-53.050935,5.491798],[-53.050644,5.490747],[-53.046663,5.490888],[-53.045141,5.493029],[-53.048519,5.493432]]]]},"properties":{"code":"03","nom":"Guyane"}},
{"type":"Feature","geometry":{"type":"Polygon","coordinates":[[[55.322281,-21.252865],[55.325693,-21.254806],[55.330588,-21.258782],[55.331836,-21.261869],[55.331669,-21.265389],[55.334073,-21.268255],[55.334433,-21.270253],[55.332192,-21.272456],[55.333495,-21.275534],[55.335456,-21.277921],[55.338266,-21.278861],[55.339167,-21.280704],[55.341224,-21.28163],[55.342644,-21.281158],[55.350876,-21.282459],[55.351814,-21.282187],[55.356013,-21.283338],[55.363891,-21.284154],[55.370283,-21.285794],[55.379254,-21.287569],[55.38271,-21.28907],[55.388201,-21.290829],[55.396908,-21.295683],[55.399039,-21.298654],[55.403036,-21.302875],[55.408536,-21.307511],[55.410328,-21.31071],[55.411459,-21.31439],[55.415182,-21.318199],[55.419232,-21.321166],[55.425657,-21.32473],[55.429843,-21.326249],[55.435999,-21.326702],[55.440931,-21.32786],[55.449175,-21.328302],[55.454979,-21.331787],[55.454109,-21.334836],[55.456044,-21.336543],[55.456182,-21.338128],[55.459818,-21.341375],[55.46362,-21.342073],[55.470441,-21.344672],[55.474951,-21.344602],[55.475633,-21.343952],[55.478985,-21.344216],[55.480326,-21.345731],[55.480186,-21.347321],[55.482856,-21.348943],[55.48382,-21.351785],[55.487743,-21.350496],[55.491255,-21.350684],[55.492801,-21.349956],[55.496471,-21.350852],[55.501243,-21.350656],[55.505837,-21.353726],[55.50797,-21.353905],[55.516126,-21.358142],[55.518652,-21.357982],[55.521132,-21.359061],[55.523967,-21.36114],[55.524672,-21.360634],[55.528745,-21.362485],[55.533181,-21.36349],[55.537421,-21.363549],[55.539075,-21.365243],[55.543835,-21.36795],[55.544958,-21.367486],[55.5517,-21.373247],[55.554971,-21.371168],[55.556278,-21.372218],[55.559137,-21.372885],[55.562632,-21.372297],[55.566812,-21.373744],[55.56938,-21.375545],[55.571761,-21.376351],[55.575445,-21.37562],[55.582714,-21.372271],[55.586382,-21.371419],[55.589637,-21.374553],[55.589596,-21.376307],[55.594044,-21.377226],[55.595721,-21.378622],[55.598277,-21.378559],[55.599648,-21.379542],[55.602083,-21.383258],[55.607305,-21.385525],[55.609568,-21.387036],[55.615582,-21.386291],[55.619313,-21.38531],[55.622913,-21.383541],[55.627679,-21.382586],[55.631558,-21.382403],[55.638042,-21.382849],[55.642205,-21.384532],[55.643456,-21.385589],[55.643317,-21.387647],[55.646852,-21.389074],[55.649099,-21.388829],[55.650638,-21.386434],[55.659111,-21.382691],[55.663863,-21.382333],[55.668823,-21.383762],[55.671712,-21.383017],[55.67485,-21.380981],[55.675649,-21.37869],[55.679562,-21.375011],[55.681325,-21.374565],[55.686974,-21.374725],[55.693706,-21.375913],[55.695932,-21.375363],[55.699242,-21.375713],[55.70275,-21.37682],[55.70632,-21.376414],[55.711272,-21.374919],[55.715505,-21.375084],[55.719766,-21.373688],[55.729335,-21.369411],[55.731632,-21.369893],[55.734045,-21.368746],[55.73906,-21.369239],[55.743167,-21.369088],[55.750456,-21.367702],[55.752815,-21.366414],[55.754088,-21.364146],[55.756053,-21.363064],[55.759787,-21.364244],[55.763337,-21.363536],[55.768106,-21.365527],[55.772621,-21.36481],[55.77465,-21.36541],[55.776154,-21.363761],[55.780972,-21.361692],[55.783135,-21.359345],[55.786487,-21.3573],[55.789118,-21.354422],[55.791349,-21.354015],[55.792708,-21.35211],[55.797141,-21.349688],[55.799432,-21.347514],[55.804606,-21.339292],[55.806894,-21.336758],[55.80905,-21.331083],[55.80641,-21.327297],[55.804893,-21.319606],[55.805586,-21.317794],[55.804708,-21.31653],[55.804691,-21.313798],[55.803767,-21.309407],[55.80475,-21.307642],[55.804514,-21.302512],[55.805528,-21.297701],[55.805486,-21.292929],[55.807126,-21.291451],[55.808113,-21.28752],[55.806628,-21.28579],[55.803318,-21.278303],[55.803092,-21.275268],[55.804007,-21.272055],[55.803322,-21.266943],[55.801604,-21.262246],[55.801922,-21.257839],[55.804572,-21.251514],[55.804824,-21.245831],[55.805923,-21.241858],[55.807904,-21.23874],[55.808621,-21.235518],[55.807887,-21.233771],[55.808518,-21.22724],[55.812699,-21.221561],[55.814065,-21.214211],[55.817657,-21.209487],[55.822301,-21.206942],[55.824749,-21.203108],[55.825495,-21.200463],[55.824549,-21.196338],[55.824775,-21.189466],[55.825793,-21.186088],[55.831724,-21.186408],[55.836613,-21.182605],[55.833708,-21.176285],[55.833936,-21.173804],[55.833065,-21.172112],[55.8334,-21.170145],[55.832584,-21.165456],[55.834993,-21.164313],[55.834777,-21.161571],[55.831628,-21.158187],[55.828773,-21.152404],[55.82754,-21.152349],[55.82758,-21.149133],[55.82577,-21.146797],[55.826751,-21.145003],[55.825388,-21.143466],[55.822442,-21.142618],[55.81829,-21.139373],[55.816031,-21.139657],[55.811047,-21.138218],[55.807309,-21.135078],[55.807373,-21.133644],[55.802747,-21.130243],[55.799452,-21.127067],[55.796931,-21.125836],[55.79122,-21.12456],[55.785961,-21.125776],[55.783073,-21.124668],[55.780029,-21.121844],[55.778421,-21.119335],[55.772063,-21.107732],[55.768339,-21.104005],[55.766471,-21.10329],[55.762151,-21.099997],[55.757737,-21.091319],[55.755166,-21.087972],[55.749901,-21.0827],[55.747184,-21.081025],[55.74265,-21.0763],[55.740924,-21.073731],[55.73729,-21.069915],[55.735455,-21.066334],[55.732618,-21.062795],[55.731479,-21.0606],[55.730822,-21.05722],[55.731237,-21.052847],[55.732239,-21.050549],[55.730943,-21.048296],[55.726487,-21.045268],[55.723881,-21.038932],[55.722625,-21.038796],[55.72081,-21.03543],[55.717559,-21.031677],[55.715156,-21.030144],[55.707615,-21.027741],[55.706269,-21.025718],[55.704444,-21.021083],[55.705151,-21.019658],[55.702871,-21.017735],[55.702251,-21.015765],[55.700657,-21.002594],[55.700604,-20.993259],[55.700118,-20.986234],[55.70069,-20.981082],[55.700503,-20.977179],[55.69944,-20.975067],[55.697903,-20.968048],[55.696388,-20.964701],[55.69457,-20.962801],[55.689923,-20.956021],[55.687458,-20.950769],[55.682295,-20.943606],[55.675862,-20.938301],[55.670862,-20.93329],[55.668188,-20.930187],[55.665916,-20.926051],[55.656216,-20.920402],[55.649923,-20.916465],[55.646887,-20.915171],[55.639999,-20.912892],[55.635112,-20.912593],[55.629317,-20.910671],[55.622415,-20.910893],[55.614299,-20.907487],[55.607792,-20.90435],[55.60255,-20.901396],[55.600208,-20.899363],[55.597125,-20.898486],[55.592043,-20.895936],[55.588985,-20.895967],[55.583624,-20.897665],[55.579886,-20.897091],[55.573649,-20.893589],[55.570162,-20.892824],[55.567448,-20.893115],[55.564851,-20.892122],[55.561408,-20.892365],[55.557512,-20.89161],[55.555055,-20.892609],[55.551335,-20.895308],[55.546621,-20.895304],[55.541689,-20.894546],[55.538352,-20.893218],[55.535449,-20.892794],[55.536136,-20.891296],[55.519052,-20.887891],[55.516408,-20.886956],[55.51127,-20.884014],[55.504049,-20.882278],[55.497532,-20.883392],[55.492,-20.885314],[55.488874,-20.885908],[55.482405,-20.885621],[55.480157,-20.88478],[55.477832,-20.885163],[55.470845,-20.88455],[55.467546,-20.88342],[55.463752,-20.88093],[55.460634,-20.879491],[55.457102,-20.876996],[55.453905,-20.873654],[55.450775,-20.871876],[55.447781,-20.87213],[55.445025,-20.875223],[55.439706,-20.876337],[55.43346,-20.874196],[55.428296,-20.873459],[55.42629,-20.874268],[55.421507,-20.874353],[55.415003,-20.876303],[55.410253,-20.87819],[55.400797,-20.879994],[55.395638,-20.881522],[55.389953,-20.887125],[55.384525,-20.890632],[55.380982,-20.891858],[55.37683,-20.89442],[55.37718,-20.895029],[55.371032,-20.897153],[55.367493,-20.899594],[55.367277,-20.901407],[55.362729,-20.906097],[55.358908,-20.908573],[55.352318,-20.911404],[55.350677,-20.914262],[55.349793,-20.914077],[55.347951,-20.917073],[55.344286,-20.921676],[55.3406,-20.923747],[55.336452,-20.925515],[55.332747,-20.926446],[55.331332,-20.927552],[55.325321,-20.928576],[55.325059,-20.935026],[55.322356,-20.935333],[55.319505,-20.932751],[55.314533,-20.933146],[55.312997,-20.931737],[55.319373,-20.931221],[55.319461,-20.929018],[55.318003,-20.928316],[55.307849,-20.929383],[55.304192,-20.929055],[55.2998,-20.927958],[55.295017,-20.926112],[55.288989,-20.922976],[55.284267,-20.925505],[55.28356,-20.926811],[55.284415,-20.935592],[55.286549,-20.932475],[55.288056,-20.933347],[55.286906,-20.935803],[55.28809,-20.936755],[55.287805,-20.940537],[55.283344,-20.940952],[55.283806,-20.944176],[55.280747,-20.944951],[55.280341,-20.949262],[55.277926,-20.95266],[55.277225,-20.956158],[55.27757,-20.959164],[55.28059,-20.965682],[55.282135,-20.970436],[55.282642,-20.978166],[55.281016,-20.985881],[55.280242,-20.99185],[55.278355,-20.997654],[55.276322,-21.000751],[55.272409,-21.005235],[55.269261,-21.007983],[55.263997,-21.011779],[55.255711,-21.01647],[55.247525,-21.019932],[55.238866,-21.018857],[55.235385,-21.017982],[55.233777,-21.019254],[55.232948,-21.021334],[55.229556,-21.023476],[55.225137,-21.029124],[55.221411,-21.032349],[55.21906,-21.035338],[55.216905,-21.03712],[55.21655,-21.039176],[55.217897,-21.043779],[55.221251,-21.050013],[55.223996,-21.053421],[55.221867,-21.057933],[55.221556,-21.063517],[55.220316,-21.071394],[55.220605,-21.07644],[55.221232,-21.078356],[55.223491,-21.081446],[55.226819,-21.084698],[55.228019,-21.087269],[55.231047,-21.091434],[55.234838,-21.094751],[55.24356,-21.101225],[55.246077,-21.102653],[55.248023,-21.106157],[55.254284,-21.110097],[55.254305,-21.111821],[55.252949,-21.113153],[55.256172,-21.116039],[55.257257,-21.118263],[55.259731,-21.120491],[55.260709,-21.122932],[55.263266,-21.125145],[55.264062,-21.126835],[55.265782,-21.126546],[55.26776,-21.127831],[55.267978,-21.130388],[55.271062,-21.13172],[55.270787,-21.133789],[55.27158,-21.135497],[55.271066,-21.141648],[55.271271,-21.145535],[55.272293,-21.146589],[55.272065,-21.149477],[55.273959,-21.150656],[55.275461,-21.150421],[55.278796,-21.152732],[55.281471,-21.15342],[55.282544,-21.155441],[55.286834,-21.160692],[55.28746,-21.163217],[55.285953,-21.165499],[55.286047,-21.170194],[55.286831,-21.174934],[55.286696,-21.179588],[55.287322,-21.18265],[55.286772,-21.186306],[55.284913,-21.19257],[55.284725,-21.195057],[55.282821,-21.197567],[55.282707,-21.200986],[55.280771,-21.201923],[55.281908,-21.20382],[55.285764,-21.207917],[55.28584,-21.211572],[55.287988,-21.21607],[55.288968,-21.219334],[55.292432,-21.224061],[55.292153,-21.227177],[55.29393,-21.230528],[55.29695,-21.232353],[55.297411,-21.233408],[55.301457,-21.235564],[55.301834,-21.236341],[55.306663,-21.23701],[55.308156,-21.239149],[55.310903,-21.24029],[55.313066,-21.24469],[55.315665,-21.245202],[55.31989,-21.248092],[55.321053,-21.24994],[55.320759,-21.252388],[55.322281,-21.252865]]]},"properties":{"code":"04","nom":"La Réunion"}},
{"type":"Feature","geometry":{"type":"MultiPolygon","coordinates":[[[[45.043199,-12.748148],[45.046952,-12.751428],[45.049004,-12.751093],[45.051707,-12.756217],[45.054273,-12.753986],[45.054262,-12.752145],[45.060223,-12.751079],[45.062737,-12.752329],[45.064614,-12.755295],[45.064659,-12.757053],[45.067767,-12.758298],[45.071276,-12.761442],[45.072818,-12.761646],[45.074606,-12.765201],[45.076968,-12.766587],[45.079086,-12.766907],[45.080707,-12.763976],[45.087089,-12.765237],[45.088574,-12.767098],[45.091671,-12.769692],[45.091857,-12.771226],[45.094884,-12.770321],[45.095396,-12.76793],[45.097713,-12.765577],[45.099767,-12.764915],[45.101923,-12.766208],[45.10204,-12.769549],[45.103362,-12.772265],[45.101382,-12.773967],[45.101871,-12.779729],[45.099824,-12.780866],[45.096695,-12.784734],[45.096751,-12.791719],[45.09768,-12.792396],[45.105348,-12.792915],[45.106851,-12.791215],[45.109666,-12.791327],[45.112626,-12.793953],[45.112233,-12.796122],[45.107803,-12.795446],[45.104298,-12.796594],[45.101972,-12.796654],[45.10046,-12.797599],[45.099259,-12.803537],[45.10038,-12.805869],[45.099628,-12.807418],[45.103197,-12.810661],[45.105649,-12.813692],[45.106249,-12.817035],[45.106031,-12.819468],[45.103256,-12.821431],[45.103826,-12.824891],[45.102935,-12.825753],[45.102252,-12.829629],[45.101434,-12.830515],[45.100787,-12.833818],[45.102933,-12.835556],[45.106299,-12.836168],[45.112094,-12.836594],[45.115851,-12.838781],[45.11983,-12.839347],[45.119042,-12.840928],[45.11726,-12.841767],[45.115428,-12.844105],[45.110205,-12.844266],[45.108246,-12.843665],[45.10634,-12.844731],[45.102529,-12.843523],[45.101833,-12.845369],[45.098706,-12.849532],[45.096178,-12.851368],[45.093943,-12.850475],[45.092526,-12.851582],[45.09294,-12.853098],[45.095047,-12.853694],[45.099223,-12.858166],[45.100523,-12.860715],[45.1031,-12.861368],[45.104301,-12.863167],[45.108189,-12.8631],[45.111203,-12.863639],[45.113756,-12.866624],[45.116501,-12.872897],[45.118772,-12.876766],[45.1202,-12.877032],[45.121558,-12.87955],[45.124256,-12.882004],[45.126534,-12.881876],[45.130096,-12.884728],[45.132097,-12.888824],[45.136523,-12.889637],[45.137943,-12.890607],[45.139302,-12.893786],[45.141456,-12.895391],[45.143977,-12.898634],[45.145441,-12.901836],[45.144074,-12.904442],[45.145825,-12.906948],[45.148753,-12.907484],[45.148471,-12.910028],[45.150241,-12.913934],[45.153312,-12.916714],[45.153558,-12.920586],[45.155021,-12.922368],[45.154386,-12.92503],[45.151745,-12.926989],[45.151532,-12.930622],[45.149147,-12.933184],[45.144583,-12.935707],[45.14106,-12.93632],[45.136558,-12.936372],[45.130965,-12.936004],[45.127062,-12.933696],[45.125219,-12.933416],[45.123675,-12.92909],[45.12083,-12.929073],[45.116639,-12.927248],[45.115422,-12.926214],[45.110296,-12.924636],[45.107353,-12.92417],[45.105684,-12.923206],[45.102474,-12.918133],[45.102257,-12.912443],[45.101582,-12.909654],[45.102682,-12.906194],[45.102249,-12.903062],[45.100086,-12.90148],[45.099212,-12.898701],[45.094783,-12.89863],[45.092041,-12.897934],[45.087958,-12.898434],[45.08483,-12.897804],[45.081282,-12.898908],[45.078444,-12.89819],[45.074763,-12.899145],[45.071368,-12.899219],[45.071833,-12.900899],[45.075614,-12.903207],[45.077363,-12.905339],[45.079343,-12.912307],[45.080985,-12.915372],[45.080692,-12.916797],[45.082176,-12.91816],[45.083438,-12.922078],[45.086656,-12.922038],[45.089101,-12.925634],[45.08916,-12.927968],[45.09089,-12.928263],[45.094011,-12.92719],[45.096001,-12.924976],[45.098607,-12.925172],[45.101171,-12.926851],[45.103755,-12.930802],[45.104298,-12.93282],[45.103677,-12.935107],[45.101885,-12.936637],[45.101358,-12.941281],[45.101557,-12.943537],[45.10024,-12.947104],[45.098221,-12.948884],[45.095048,-12.953201],[45.093452,-12.954687],[45.088162,-12.956269],[45.085521,-12.957516],[45.083564,-12.959185],[45.078947,-12.962007],[45.080106,-12.962891],[45.082826,-12.961233],[45.085468,-12.962222],[45.092394,-12.966524],[45.097601,-12.964288],[45.099702,-12.964475],[45.100809,-12.961677],[45.105059,-12.957604],[45.110792,-12.960403],[45.110516,-12.962453],[45.110734,-12.967749],[45.109525,-12.969293],[45.109007,-12.971715],[45.10653,-12.974647],[45.107638,-12.977107],[45.107351,-12.979357],[45.108269,-12.981949],[45.107786,-12.983658],[45.105652,-12.986736],[45.105976,-12.989191],[45.109319,-12.992772],[45.10995,-12.988821],[45.111168,-12.98551],[45.113617,-12.982397],[45.115708,-12.98101],[45.119604,-12.980257],[45.125048,-12.982486],[45.125217,-12.984569],[45.126462,-12.9864],[45.125033,-12.990905],[45.126341,-12.994188],[45.129686,-12.994789],[45.13144,-12.993437],[45.132152,-12.991557],[45.134014,-12.990226],[45.139398,-12.992199],[45.139486,-12.994714],[45.141261,-12.998803],[45.14814,-13.000103],[45.150186,-12.999307],[45.152959,-12.996822],[45.153573,-12.994278],[45.155622,-12.992374],[45.155631,-12.991276],[45.157855,-12.988704],[45.156824,-12.982736],[45.155985,-12.980302],[45.158424,-12.976251],[45.160875,-12.974365],[45.16316,-12.975526],[45.16651,-12.974945],[45.168082,-12.9763],[45.170258,-12.976895],[45.172164,-12.978915],[45.171987,-12.98035],[45.17433,-12.984312],[45.174481,-12.989509],[45.175535,-12.992336],[45.175401,-12.994586],[45.178111,-12.994865],[45.177526,-12.990677],[45.180191,-12.985226],[45.183442,-12.983964],[45.189396,-12.985637],[45.192242,-12.987392],[45.193684,-12.987147],[45.194704,-12.984504],[45.197831,-12.981504],[45.200904,-12.980635],[45.200806,-12.978974],[45.204268,-12.975072],[45.203808,-12.974231],[45.198808,-12.97437],[45.196609,-12.97595],[45.191851,-12.973682],[45.19049,-12.97123],[45.184735,-12.970061],[45.182786,-12.968407],[45.178102,-12.965908],[45.176848,-12.963673],[45.175985,-12.960415],[45.176239,-12.958779],[45.175132,-12.95631],[45.172534,-12.953939],[45.170748,-12.953275],[45.16882,-12.949547],[45.16958,-12.943241],[45.172693,-12.941632],[45.174855,-12.941528],[45.175795,-12.942617],[45.179372,-12.943343],[45.179675,-12.939205],[45.17823,-12.93718],[45.175739,-12.935037],[45.175906,-12.932799],[45.177109,-12.929422],[45.179611,-12.92584],[45.183746,-12.924363],[45.184797,-12.922712],[45.184295,-12.919851],[45.18645,-12.917028],[45.187696,-12.916421],[45.191681,-12.916779],[45.195402,-12.917725],[45.196534,-12.918982],[45.20042,-12.920241],[45.203695,-12.919573],[45.200908,-12.915824],[45.1971,-12.914233],[45.196549,-12.910308],[45.195638,-12.907927],[45.193273,-12.907105],[45.196001,-12.901163],[45.197409,-12.899115],[45.198415,-12.896074],[45.202841,-12.894565],[45.210829,-12.891385],[45.211671,-12.8895],[45.214916,-12.886842],[45.216699,-12.886178],[45.217896,-12.884467],[45.216091,-12.8838],[45.215858,-12.881818],[45.217312,-12.877692],[45.218559,-12.876061],[45.221745,-12.873522],[45.221863,-12.871367],[45.218668,-12.871327],[45.213908,-12.873492],[45.212125,-12.872001],[45.210017,-12.868879],[45.212419,-12.862982],[45.210092,-12.862355],[45.208729,-12.863593],[45.206582,-12.863622],[45.201498,-12.862478],[45.202414,-12.858901],[45.202052,-12.856794],[45.200663,-12.854121],[45.197172,-12.854768],[45.196568,-12.851483],[45.194892,-12.849669],[45.19424,-12.844369],[45.192631,-12.842769],[45.190189,-12.842139],[45.187297,-12.843706],[45.186211,-12.842742],[45.185486,-12.838296],[45.189307,-12.8386],[45.190347,-12.837146],[45.192308,-12.836706],[45.193618,-12.83462],[45.196386,-12.833156],[45.195407,-12.831129],[45.193111,-12.830225],[45.193089,-12.827489],[45.194565,-12.824355],[45.195849,-12.823034],[45.203438,-12.819921],[45.203827,-12.812537],[45.203089,-12.810151],[45.203941,-12.808643],[45.209112,-12.806376],[45.213854,-12.803024],[45.216018,-12.800196],[45.215886,-12.79825],[45.21679,-12.794656],[45.218201,-12.794741],[45.22289,-12.791203],[45.226046,-12.787164],[45.227476,-12.785938],[45.22958,-12.785873],[45.230674,-12.784541],[45.234688,-12.783329],[45.236279,-12.786269],[45.237881,-12.784831],[45.238283,-12.782046],[45.235177,-12.781763],[45.232505,-12.778861],[45.233734,-12.776158],[45.227389,-12.774073],[45.227623,-12.770925],[45.229076,-12.770215],[45.230203,-12.767245],[45.230133,-12.764216],[45.231745,-12.763238],[45.233691,-12.767132],[45.232971,-12.769091],[45.230848,-12.771184],[45.230549,-12.773649],[45.234271,-12.772859],[45.234794,-12.769678],[45.236173,-12.767107],[45.235775,-12.765221],[45.237795,-12.763168],[45.239925,-12.762521],[45.239791,-12.761228],[45.236576,-12.759607],[45.235157,-12.756],[45.236896,-12.754288],[45.23549,-12.751773],[45.233141,-12.752784],[45.231723,-12.752503],[45.227908,-12.748838],[45.228265,-12.747698],[45.22434,-12.74436],[45.221064,-12.744447],[45.218993,-12.743208],[45.218483,-12.741861],[45.215947,-12.742184],[45.213541,-12.741052],[45.211874,-12.738723],[45.21187,-12.737304],[45.213728,-12.735906],[45.214507,-12.733454],[45.213357,-12.732189],[45.21127,-12.735641],[45.206457,-12.734139],[45.206866,-12.732625],[45.203922,-12.730216],[45.198751,-12.731016],[45.193756,-12.730698],[45.190365,-12.728906],[45.186337,-12.729618],[45.185064,-12.727265],[45.183216,-12.726919],[45.179311,-12.730446],[45.176791,-12.73014],[45.17328,-12.727269],[45.172263,-12.727319],[45.169715,-12.725123],[45.170141,-12.723243],[45.166283,-12.717588],[45.163616,-12.719911],[45.164207,-12.720928],[45.167214,-12.721914],[45.165527,-12.723444],[45.163474,-12.72414],[45.164531,-12.726442],[45.161505,-12.72787],[45.162138,-12.730172],[45.161267,-12.732142],[45.159868,-12.732739],[45.158149,-12.735103],[45.15483,-12.736676],[45.15066,-12.734593],[45.149917,-12.732314],[45.150732,-12.729213],[45.146542,-12.72798],[45.143175,-12.729108],[45.143977,-12.732038],[45.141284,-12.733106],[45.138102,-12.73199],[45.137692,-12.73087],[45.133965,-12.731478],[45.132477,-12.729739],[45.130975,-12.730946],[45.129575,-12.727468],[45.125444,-12.72734],[45.126047,-12.724393],[45.127955,-12.72279],[45.130494,-12.722182],[45.129411,-12.720033],[45.130145,-12.718025],[45.12936,-12.715157],[45.126745,-12.712621],[45.124263,-12.711543],[45.123688,-12.710177],[45.12342,-12.705241],[45.125937,-12.702173],[45.130698,-12.704087],[45.130527,-12.700448],[45.128266,-12.701376],[45.126408,-12.701153],[45.120476,-12.698514],[45.116917,-12.696184],[45.114562,-12.695769],[45.112302,-12.693312],[45.111226,-12.691235],[45.111458,-12.688744],[45.113685,-12.688494],[45.111961,-12.686162],[45.108956,-12.68572],[45.108062,-12.682993],[45.102649,-12.683586],[45.100979,-12.680062],[45.103104,-12.678961],[45.101258,-12.675571],[45.098022,-12.675287],[45.097483,-12.673217],[45.0928,-12.672151],[45.090298,-12.67238],[45.088781,-12.671284],[45.088322,-12.669478],[45.090096,-12.667437],[45.091984,-12.666996],[45.094915,-12.665043],[45.101604,-12.662521],[45.10542,-12.662294],[45.102404,-12.660314],[45.102561,-12.656606],[45.103556,-12.654644],[45.107099,-12.652748],[45.10509,-12.651091],[45.100988,-12.656387],[45.099024,-12.657058],[45.096827,-12.65879],[45.093673,-12.658287],[45.093515,-12.662401],[45.090762,-12.665361],[45.087685,-12.666491],[45.086007,-12.666375],[45.085574,-12.669966],[45.08228,-12.671833],[45.082071,-12.673967],[45.083257,-12.679144],[45.079019,-12.682875],[45.076065,-12.683677],[45.070666,-12.683522],[45.072861,-12.685296],[45.07352,-12.687563],[45.073401,-12.690145],[45.069239,-12.69665],[45.066011,-12.700142],[45.064159,-12.700223],[45.062276,-12.701835],[45.059666,-12.700786],[45.05784,-12.70145],[45.054905,-12.701366],[45.053488,-12.699894],[45.050022,-12.702736],[45.051506,-12.707415],[45.050001,-12.712156],[45.048522,-12.713425],[45.047155,-12.716703],[45.044505,-12.718935],[45.042462,-12.721684],[45.040321,-12.721634],[45.040131,-12.723241],[45.042133,-12.723569],[45.04459,-12.722583],[45.049701,-12.722339],[45.052014,-12.723683],[45.055252,-12.723277],[45.056468,-12.724639],[45.057984,-12.728054],[45.056534,-12.730132],[45.054063,-12.735005],[45.050963,-12.73833],[45.045986,-12.739991],[45.045916,-12.740973],[45.04258,-12.744023],[45.042329,-12.745823],[45.043199,-12.748148]]],[[[45.118122,-12.675114],[45.115916,-12.67501],[45.113588,-12.673217],[45.111046,-12.67523],[45.112834,-12.676404],[45.11476,-12.675552],[45.118328,-12.676493],[45.118122,-12.675114]]],[[[45.234159,-12.898673],[45.23398,-12.89649],[45.23138,-12.895158],[45.230257,-12.896172],[45.229513,-12.899082],[45.232085,-12.901649],[45.234159,-12.898673]]],[[[45.143641,-12.919994],[45.142783,-12.917927],[45.140816,-12.919174],[45.139065,-12.921404],[45.142065,-12.921683],[45.143641,-12.919994]]],[[[45.271346,-12.793308],[45.272066,-12.79414],[45.273604,-12.799333],[45.276653,-12.801412],[45.278686,-12.804941],[45.279318,-12.811514],[45.281282,-12.813402],[45.283824,-12.813686],[45.286113,-12.817563],[45.28778,-12.816997],[45.284518,-12.81155],[45.284226,-12.809378],[45.284479,-12.804705],[45.286803,-12.799966],[45.287965,-12.799175],[45.292333,-12.799538],[45.296893,-12.795274],[45.297063,-12.793884],[45.295092,-12.79331],[45.294177,-12.787646],[45.29704,-12.783607],[45.299985,-12.784234],[45.299171,-12.781943],[45.297509,-12.78315],[45.29577,-12.78233],[45.296081,-12.780068],[45.297951,-12.779225],[45.296823,-12.777039],[45.29385,-12.775368],[45.293855,-12.771255],[45.292876,-12.768],[45.289471,-12.76554],[45.287618,-12.763393],[45.285998,-12.759828],[45.284619,-12.758826],[45.281022,-12.764897],[45.275363,-12.771352],[45.277001,-12.773483],[45.274835,-12.775453],[45.274501,-12.777932],[45.272507,-12.78192],[45.271111,-12.783207],[45.270379,-12.785962],[45.268092,-12.786983],[45.268149,-12.789282],[45.266012,-12.788873],[45.258573,-12.784062],[45.258077,-12.782064],[45.256559,-12.780407],[45.254985,-12.780626],[45.254217,-12.782931],[45.255583,-12.783773],[45.258383,-12.784058],[45.260567,-12.785673],[45.260227,-12.787794],[45.262929,-12.786942],[45.265369,-12.788862],[45.267748,-12.789877],[45.26833,-12.791392],[45.271346,-12.793308]]],[[[45.237837,-12.810091],[45.237608,-12.808125],[45.236236,-12.80507],[45.23387,-12.804906],[45.230971,-12.80771],[45.232096,-12.811329],[45.230662,-12.813298],[45.232276,-12.814001],[45.234073,-12.81676],[45.236591,-12.81572],[45.240268,-12.812027],[45.239918,-12.810654],[45.237837,-12.810091]]],[[[45.02876,-12.655091],[45.03313,-12.655462],[45.036359,-12.650617],[45.040782,-12.649337],[45.041998,-12.648104],[45.031584,-12.638875],[45.026601,-12.63659],[45.025239,-12.63799],[45.024734,-12.639996],[45.020335,-12.643075],[45.018477,-12.643274],[45.019158,-12.645636],[45.01866,-12.646893],[45.021161,-12.647728],[45.023545,-12.646348],[45.02782,-12.64862],[45.03023,-12.650971],[45.030366,-12.652091],[45.02876,-12.655091]]]]},"properties":{"code":"06","nom":"Mayotte"}},
{"type":"Feature","geometry":{"type":"MultiPolygon","coordinates":[[[[-56.349363,46.782803],[-56.344358,46.784682],[-56.339002,46.789302],[-56.337,46.789956],[-56.333953,46.792446],[-56.332431,46.790663],[-56.32817,46.792104],[-56.326412,46.796387],[-56.32343,46.799444],[-56.315254,46.804726],[-56.309813,46.807132],[-56.304405,46.808657],[-56.302576,46.810623],[-56.295748,46.813679],[-56.294035,46.815916],[-56.291832,46.816968],[-56.291616,46.818535],[-56.288303,46.818842],[-56.281905,46.821034],[-56.277088,46.821964],[-56.272798,46.825482],[-56.266851,46.829226],[-56.263361,46.830645],[-56.261962,46.832171],[-56.256397,46.834093],[-56.251718,46.838435],[-56.243661,46.84347],[-56.241146,46.847844],[-56.241372,46.84929],[-56.238194,46.852521],[-56.240547,46.857407],[-56.238948,46.860553],[-56.237648,46.865186],[-56.239486,46.86575],[-56.240056,46.868214],[-56.238548,46.870448],[-56.240842,46.871345],[-56.242535,46.874578],[-56.246705,46.876522],[-56.247086,46.882773],[-56.248297,46.883856],[-56.24608,46.886558],[-56.248485,46.887289],[-56.251683,46.886506],[-56.254501,46.884869],[-56.256858,46.885306],[-56.262609,46.888282],[-56.26283,46.889313],[-56.267094,46.891373],[-56.270418,46.894941],[-56.275604,46.893355],[-56.277931,46.89438],[-56.280973,46.89393],[-56.284528,46.891774],[-56.286989,46.891726],[-56.289529,46.890433],[-56.293115,46.891733],[-56.300193,46.897435],[-56.300348,46.898316],[-56.306436,46.90044],[-56.31524,46.901012],[-56.318668,46.904363],[-56.322145,46.910404],[-56.323837,46.91561],[-56.325807,46.926298],[-56.324338,46.938855],[-56.321161,46.948806],[-56.319744,46.954234],[-56.316847,46.961512],[-56.313259,46.967104],[-56.304386,46.977048],[-56.305336,46.979502],[-56.307529,46.979853],[-56.309593,46.978315],[-56.312161,46.978929],[-56.312827,46.982111],[-56.31396,46.982812],[-56.319619,46.979464],[-56.327131,46.972914],[-56.332535,46.971744],[-56.337777,46.97364],[-56.340712,46.976161],[-56.344504,46.981508],[-56.345672,46.985841],[-56.347631,46.990123],[-56.349958,46.992645],[-56.356715,47.00342],[-56.357373,47.005752],[-56.351573,47.003667],[-56.349032,47.003549],[-56.342465,47.002053],[-56.338222,47.001976],[-56.329553,47.00033],[-56.324167,46.998143],[-56.318606,46.998123],[-56.315636,46.997588],[-56.313128,46.998949],[-56.312494,47.001196],[-56.304409,47.00223],[-56.301373,47.002025],[-56.299407,47.00033],[-56.299606,46.997418],[-56.297011,46.996379],[-56.294282,46.992451],[-56.293893,46.989513],[-56.295779,46.987567],[-56.298824,46.98757],[-56.30099,46.9854],[-56.307042,46.981506],[-56.3023,46.979366],[-56.29442,46.984828],[-56.288642,46.988014],[-56.281376,46.990555],[-56.278133,46.990583],[-56.276404,46.993742],[-56.270767,46.998605],[-56.268338,47.003764],[-56.265291,47.011875],[-56.26386,47.014798],[-56.259093,47.022207],[-56.258281,47.025108],[-56.255442,47.030162],[-56.253037,47.032938],[-56.253028,47.03499],[-56.251491,47.03756],[-56.249921,47.038242],[-56.252497,47.042235],[-56.251931,47.045105],[-56.252587,47.048279],[-56.25209,47.050493],[-56.253037,47.053818],[-56.253404,47.058306],[-56.256021,47.060384],[-56.260081,47.062514],[-56.271359,47.067174],[-56.283065,47.06867],[-56.298142,47.072422],[-56.311619,47.077527],[-56.320238,47.082102],[-56.325706,47.086189],[-56.33082,47.090768],[-56.332753,47.090954],[-56.338335,47.093132],[-56.343525,47.096815],[-56.347777,47.098343],[-56.352096,47.098797],[-56.35338,47.097518],[-56.357952,47.09667],[-56.363885,47.094024],[-56.365734,47.091225],[-56.367521,47.086437],[-56.372826,47.080799],[-56.375243,47.079441],[-56.378037,47.075838],[-56.376855,47.074007],[-56.378756,47.070095],[-56.381152,47.068706],[-56.381426,47.076709],[-56.382683,47.083024],[-56.384902,47.087142],[-56.385824,47.092782],[-56.384212,47.094125],[-56.380745,47.094669],[-56.36947,47.093253],[-56.367392,47.095328],[-56.372588,47.098201],[-56.375472,47.101064],[-56.377886,47.102496],[-56.38052,47.106982],[-56.381616,47.11335],[-56.37968,47.117085],[-56.373264,47.118305],[-56.370583,47.118215],[-56.362205,47.122062],[-56.361073,47.12435],[-56.355256,47.129163],[-56.352731,47.129189],[-56.350298,47.13064],[-56.343436,47.132972],[-56.342713,47.136947],[-56.343933,47.138897],[-56.343392,47.142371],[-56.344213,47.144202],[-56.350161,47.142361],[-56.353282,47.139082],[-56.361886,47.136876],[-56.362538,47.134412],[-56.366106,47.134164],[-56.366725,47.133035],[-56.372059,47.131445],[-56.376402,47.132693],[-56.384869,47.130547],[-56.384842,47.128577],[-56.389385,47.128258],[-56.391117,47.126911],[-56.391314,47.122728],[-56.394363,47.12015],[-56.394587,47.116711],[-56.39921,47.112159],[-56.400973,47.111961],[-56.399681,47.106004],[-56.401316,47.104715],[-56.399695,47.102975],[-56.393584,47.102374],[-56.391062,47.100679],[-56.388923,47.097441],[-56.386738,47.088154],[-56.384599,47.081236],[-56.383241,47.070287],[-56.383359,47.065718],[-56.385629,47.063],[-56.386726,47.059371],[-56.389378,47.055563],[-56.387855,47.048355],[-56.385973,47.044827],[-56.384354,47.039819],[-56.38488,47.035252],[-56.385959,47.033008],[-56.384368,47.025687],[-56.382534,47.022225],[-56.383297,47.020945],[-56.377619,47.013868],[-56.374624,47.012976],[-56.370871,47.009576],[-56.368023,47.010016],[-56.364011,47.007722],[-56.362368,47.007608],[-56.359046,47.004975],[-56.355585,47.000126],[-56.349589,46.989444],[-56.344672,46.980039],[-56.339075,46.968528],[-56.335667,46.960093],[-56.330903,46.944006],[-56.328887,46.934714],[-56.327659,46.925861],[-56.327327,46.920728],[-56.327725,46.909758],[-56.32901,46.901506],[-56.330703,46.89668],[-56.33395,46.894409],[-56.337644,46.894599],[-56.341433,46.890046],[-56.342019,46.888256],[-56.341474,46.884961],[-56.341936,46.878608],[-56.342627,46.876134],[-56.346143,46.871855],[-56.348093,46.868486],[-56.354053,46.865833],[-56.357276,46.862988],[-56.361073,46.863525],[-56.365938,46.861579],[-56.374019,46.859165],[-56.378064,46.858568],[-56.383427,46.855103],[-56.384815,46.851666],[-56.386621,46.851028],[-56.389269,46.848486],[-56.394497,46.844931],[-56.395651,46.842597],[-56.399424,46.83927],[-56.402507,46.839056],[-56.404411,46.837558],[-56.405463,46.834401],[-56.403174,46.8313],[-56.401566,46.830638],[-56.399579,46.826138],[-56.394892,46.826702],[-56.390275,46.828599],[-56.386785,46.828112],[-56.384253,46.828788],[-56.3786,46.8284],[-56.374052,46.826416],[-56.370305,46.8239],[-56.369855,46.820366],[-56.371517,46.816],[-56.37052,46.814285],[-56.372816,46.811919],[-56.373489,46.807389],[-56.372816,46.804838],[-56.375841,46.803364],[-56.372794,46.799263],[-56.373563,46.797702],[-56.372316,46.793319],[-56.366258,46.799481],[-56.362396,46.799631],[-56.35921,46.79553],[-56.355528,46.796477],[-56.350363,46.794414],[-56.351561,46.792115],[-56.348906,46.790287],[-56.349446,46.787275],[-56.349363,46.782803]]],[[[-56.208052,46.796884],[-56.212153,46.795608],[-56.213777,46.794264],[-56.212826,46.792779],[-56.215394,46.791996],[-56.218781,46.787595],[-56.221996,46.785028],[-56.222183,46.781303],[-56.227717,46.776288],[-56.232208,46.769325],[-56.234269,46.768719],[-56.234479,46.766427],[-56.241204,46.765892],[-56.239549,46.762444],[-56.235741,46.761744],[-56.231669,46.763389],[-56.227965,46.762382],[-56.225594,46.758497],[-56.227557,46.757566],[-56.227418,46.754601],[-56.220736,46.752495],[-56.217026,46.754332],[-56.217748,46.758226],[-56.216756,46.760258],[-56.213917,46.761892],[-56.204908,46.761003],[-56.202748,46.76047],[-56.201098,46.762563],[-56.195744,46.766859],[-56.191815,46.766978],[-56.190483,46.766108],[-56.190728,46.763622],[-56.193066,46.762138],[-56.191384,46.760551],[-56.191627,46.757715],[-56.187813,46.756188],[-56.184345,46.757868],[-56.17952,46.758681],[-56.17673,46.758524],[-56.175115,46.759815],[-56.174983,46.761774],[-56.172754,46.762531],[-56.164658,46.760451],[-56.160987,46.761306],[-56.159692,46.762421],[-56.155414,46.762147],[-56.151155,46.76468],[-56.15082,46.768204],[-56.155641,46.768627],[-56.159765,46.77017],[-56.159718,46.773487],[-56.16296,46.776047],[-56.16619,46.774905],[-56.172133,46.774559],[-56.176581,46.774819],[-56.176251,46.776857],[-56.17188,46.778412],[-56.168527,46.781657],[-56.169696,46.786184],[-56.164715,46.791218],[-56.160842,46.793114],[-56.154151,46.797205],[-56.154733,46.800049],[-56.154139,46.803992],[-56.155757,46.806213],[-56.155066,46.807904],[-56.158908,46.811992],[-56.164555,46.814976],[-56.166989,46.815062],[-56.169534,46.813794],[-56.177627,46.813932],[-56.184769,46.811958],[-56.192328,46.810586],[-56.195881,46.808363],[-56.196208,46.804899],[-56.199986,46.802125],[-56.205371,46.800653],[-56.208052,46.796884]]],[[[-56.172174,46.820842],[-56.169434,46.820292],[-56.162542,46.820823],[-56.158127,46.824156],[-56.160739,46.825175],[-56.165861,46.824394],[-56.168848,46.825056],[-56.174117,46.821443],[-56.172174,46.820842]]],[[[-56.149653,46.786729],[-56.156047,46.783599],[-56.155029,46.781641],[-56.151332,46.781769],[-56.148907,46.780837],[-56.148018,46.783032],[-56.147978,46.786728],[-56.143793,46.788674],[-56.142588,46.79023],[-56.139562,46.790605],[-56.139082,46.79234],[-56.148384,46.790815],[-56.147991,46.788385],[-56.149653,46.786729]]],[[[-56.129844,46.792882],[-56.128752,46.788754],[-56.126286,46.790775],[-56.127513,46.793154],[-56.129844,46.792882]]]]},"properties":{"code":"975","nom":"Saint-Pierre-et-Miquelon"}},
{"type":"Feature","geometry":{"type":"MultiPolygon","coordinates":[[[[-62.904555,17.951757],[-62.902621,17.951032],[-62.902592,17.953739],[-62.901479,17.954863],[-62.89926,17.954928],[-62.897831,17.95707],[-62.902831,17.959728],[-62.905798,17.960707],[-62.909622,17.960068],[-62.910432,17.957364],[-62.907185,17.957257],[-62.906123,17.95801],[-62.903338,17.957249],[-62.904555,17.951757]]],[[[-62.823769,17.906646],[-62.826777,17.906891],[-62.828892,17.90957],[-62.83343,17.906186],[-62.833135,17.90348],[-62.834958,17.902583],[-62.837834,17.903085],[-62.840531,17.904834],[-62.841092,17.90666],[-62.839865,17.907887],[-62.840052,17.91021],[-62.843296,17.910361],[-62.845049,17.913729],[-62.84368,17.914925],[-62.844809,17.917173],[-62.847448,17.916491],[-62.848772,17.917312],[-62.849293,17.92063],[-62.850619,17.922266],[-62.854163,17.921157],[-62.854392,17.91973],[-62.856834,17.919014],[-62.860085,17.919541],[-62.860875,17.921546],[-62.86339,17.919653],[-62.865357,17.92187],[-62.865512,17.923957],[-62.867348,17.92454],[-62.866518,17.926624],[-62.86856,17.929048],[-62.87101,17.928409],[-62.868128,17.92471],[-62.868761,17.922158],[-62.874057,17.920842],[-62.870616,17.919635],[-62.869751,17.915744],[-62.867018,17.914633],[-62.860795,17.907879],[-62.856971,17.908385],[-62.855112,17.905661],[-62.853167,17.904705],[-62.85281,17.901166],[-62.851192,17.89978],[-62.848694,17.896163],[-62.849741,17.895044],[-62.851396,17.897043],[-62.854162,17.897584],[-62.853283,17.895458],[-62.850112,17.892694],[-62.8485,17.89278],[-62.847897,17.890536],[-62.845388,17.887078],[-62.842965,17.885614],[-62.842095,17.883608],[-62.840142,17.881975],[-62.840348,17.880086],[-62.838105,17.878405],[-62.836212,17.880066],[-62.834127,17.884029],[-62.831946,17.885025],[-62.830152,17.883789],[-62.827966,17.880183],[-62.82675,17.883551],[-62.824451,17.882855],[-62.823578,17.886644],[-62.820696,17.887881],[-62.818148,17.887726],[-62.817347,17.885646],[-62.812999,17.882185],[-62.810501,17.88349],[-62.809284,17.891364],[-62.806022,17.893158],[-62.802897,17.893864],[-62.799634,17.896467],[-62.795506,17.897468],[-62.794027,17.895685],[-62.791665,17.895225],[-62.792256,17.901321],[-62.790478,17.902331],[-62.78933,17.904895],[-62.790113,17.906405],[-62.789107,17.908131],[-62.790761,17.909233],[-62.794335,17.907109],[-62.795966,17.905388],[-62.797246,17.90658],[-62.796232,17.909755],[-62.796965,17.911826],[-62.7994,17.911445],[-62.799295,17.909608],[-62.800783,17.908315],[-62.803334,17.909697],[-62.803163,17.913054],[-62.805404,17.912868],[-62.806943,17.910253],[-62.808887,17.91025],[-62.80885,17.912322],[-62.807094,17.914881],[-62.810095,17.916358],[-62.811562,17.915196],[-62.813962,17.916503],[-62.813926,17.91848],[-62.817423,17.917309],[-62.817241,17.913851],[-62.820235,17.910229],[-62.821452,17.907753],[-62.823769,17.906646]]],[[[-62.85209,17.930178],[-62.849466,17.931503],[-62.847916,17.933052],[-62.846931,17.93668],[-62.849357,17.937008],[-62.852571,17.935484],[-62.85477,17.933799],[-62.854728,17.930362],[-62.85209,17.930178]]],[[[-62.833377,17.939059],[-62.830681,17.939882],[-62.830197,17.941593],[-62.833324,17.941659],[-62.834824,17.94027],[-62.836451,17.940395],[-62.837729,17.938353],[-62.833377,17.939059]]]]},"properties":{"code":"977","nom":"Saint-Barthélemy"}},
{"type":"Feature","geometry":{"type":"MultiPolygon","coordinates":[[[[-62.978558,18.124148],[-62.980076,18.124303],[-62.981578,18.12109],[-62.984835,18.119874],[-62.98742,18.11962],[-62.988064,18.114898],[-62.986627,18.114388],[-62.984194,18.115798],[-62.981671,18.115791],[-62.97322,18.118147],[-62.971894,18.119453],[-62.974219,18.122769],[-62.973731,18.125123],[-62.978558,18.124148]]],[[[-63.016656,18.067033],[-63.01679,18.068501],[-63.019453,18.071041],[-63.020109,18.072968],[-63.018382,18.076857],[-63.016317,18.078325],[-63.013709,18.078747],[-63.012006,18.081461],[-63.019051,18.086568],[-63.022192,18.090561],[-63.023665,18.094014],[-63.023862,18.096023],[-63.022298,18.102223],[-63.024784,18.103969],[-63.025168,18.106169],[-63.023444,18.108244],[-63.022027,18.108769],[-63.019023,18.107227],[-63.017181,18.10933],[-63.017478,18.11102],[-63.019849,18.111899],[-63.020563,18.11416],[-63.020704,18.120316],[-63.022523,18.122916],[-63.026301,18.124456],[-63.030591,18.1228],[-63.03299,18.123499],[-63.034957,18.122948],[-63.038197,18.123251],[-63.040396,18.118905],[-63.038794,18.115591],[-63.039825,18.114397],[-63.042464,18.114061],[-63.044119,18.116724],[-63.045573,18.116111],[-63.050206,18.118702],[-63.052341,18.1182],[-63.052929,18.115929],[-63.052618,18.113083],[-63.052954,18.107516],[-63.053567,18.105803],[-63.058141,18.100944],[-63.060129,18.099873],[-63.064071,18.099591],[-63.066804,18.100053],[-63.069425,18.102297],[-63.071662,18.102056],[-63.071812,18.100018],[-63.074556,18.099614],[-63.073909,18.096842],[-63.07421,18.094891],[-63.076136,18.092991],[-63.080593,18.090746],[-63.081144,18.088728],[-63.085329,18.086827],[-63.084647,18.083586],[-63.08331,18.081589],[-63.081214,18.080255],[-63.08123,18.077177],[-63.083987,18.073374],[-63.087075,18.07055],[-63.085967,18.069157],[-63.088121,18.065894],[-63.090853,18.064233],[-63.096218,18.062639],[-63.097551,18.060478],[-63.100473,18.059871],[-63.104371,18.059999],[-63.106525,18.060573],[-63.111921,18.06291],[-63.114267,18.064459],[-63.116159,18.066669],[-63.116258,18.069745],[-63.113633,18.071164],[-63.11486,18.074349],[-63.113048,18.076179],[-63.114715,18.07701],[-63.115217,18.074649],[-63.118327,18.072703],[-63.120151,18.07269],[-63.122964,18.069288],[-63.125891,18.06817],[-63.129197,18.068558],[-63.131853,18.06961],[-63.135996,18.072011],[-63.139478,18.07343],[-63.142266,18.07368],[-63.147347,18.072539],[-63.148309,18.071279],[-63.146901,18.069374],[-63.149533,18.066102],[-63.151785,18.064682],[-63.15332,18.062462],[-63.152721,18.061509],[-63.146747,18.060213],[-63.141837,18.058013],[-63.139568,18.056032],[-63.139203,18.052904],[-63.135046,18.054159],[-63.13323,18.053839],[-63.126117,18.053993],[-63.112113,18.053405],[-63.101883,18.04796],[-63.098509,18.046539],[-63.09285,18.045903],[-63.088499,18.046288],[-63.077991,18.049371],[-63.075288,18.051284],[-63.074039,18.055039],[-63.072329,18.056496],[-63.068658,18.056615],[-63.066712,18.057259],[-63.063263,18.063671],[-63.059059,18.062866],[-63.055789,18.062973],[-63.052126,18.063781],[-63.047889,18.061267],[-63.040117,18.055771],[-63.037131,18.057942],[-63.030251,18.054727],[-63.026654,18.054859],[-63.023915,18.057212],[-63.015265,18.054572],[-63.013748,18.054749],[-63.011423,18.053498],[-63.010043,18.055117],[-63.010707,18.057244],[-63.013037,18.059739],[-63.01361,18.062516],[-63.01214,18.063463],[-63.011624,18.065313],[-63.012519,18.066848],[-63.016656,18.067033]]],[[[-63.013616,18.107485],[-63.016769,18.107444],[-63.016553,18.105746],[-63.014134,18.10421],[-63.013616,18.107485]]]]},"properties":{"code":"978","nom":"Saint-Martin"}},
{"type":"Feature","geometry":{"type":"MultiPolygon","coordinates":[[[[-178.05012,-14.353293],[-178.048529,-14.354533],[-178.048382,-14.359204],[-178.047526,-14.360544],[-178.041211,-14.360877],[-178.039133,-14.359701],[-178.037461,-14.357199],[-178.03203,-14.353621],[-178.027238,-14.34992],[-178.020344,-14.345252],[-178.018239,-14.344195],[-178.006595,-14.339482],[-178.005726,-14.339522],[-178.001234,-14.33652],[-178.001058,-14.335674],[-178.008177,-14.332122],[-178.01456,-14.33272],[-178.018591,-14.332207],[-178.020178,-14.332507],[-178.023866,-14.331908],[-178.026074,-14.330834],[-178.028246,-14.328412],[-178.03045,-14.323587],[-178.033687,-14.323445],[-178.042251,-14.322233],[-178.045298,-14.322824],[-178.058114,-14.32662],[-178.062925,-14.330197],[-178.067441,-14.332805],[-178.070097,-14.336203],[-178.070039,-14.340323],[-178.072136,-14.342785],[-178.07323,-14.345626],[-178.072097,-14.34812],[-178.069241,-14.348876],[-178.067689,-14.350789],[-178.062792,-14.349353],[-178.058943,-14.349501],[-178.05463,-14.350574],[-178.05012,-14.353293]]],[[[-178.155222,-14.246191],[-178.155916,-14.24719],[-178.159781,-14.247179],[-178.160756,-14.248654],[-178.163877,-14.248],[-178.168288,-14.245124],[-178.171097,-14.242573],[-178.17631,-14.240721],[-178.178612,-14.241972],[-178.180347,-14.245819],[-178.179946,-14.248681],[-178.181553,-14.25156],[-178.181632,-14.254483],[-178.179748,-14.256659],[-178.176788,-14.263871],[-178.176603,-14.266064],[-178.174372,-14.27101],[-178.171596,-14.275829],[-178.171227,-14.278199],[-178.168384,-14.287739],[-178.168912,-14.289178],[-178.166657,-14.29016],[-178.163383,-14.292702],[-178.15999,-14.292212],[-178.158195,-14.297823],[-178.159013,-14.298983],[-178.158043,-14.300872],[-178.154959,-14.303599],[-178.150404,-14.304792],[-178.148855,-14.30653],[-178.141694,-14.308106],[-178.140661,-14.30993],[-178.138507,-14.311096],[-178.135215,-14.310781],[-178.131617,-14.311501],[-178.129599,-14.309429],[-178.128191,-14.309132],[-178.124345,-14.30986],[-178.120328,-14.30956],[-178.116459,-14.310088],[-178.110665,-14.311568],[-178.107094,-14.311428],[-178.097011,-14.308586],[-178.094634,-14.308726],[-178.088797,-14.311336],[-178.084746,-14.312259],[-178.06866,-14.312322],[-178.066127,-14.312652],[-178.060094,-14.311239],[-178.058863,-14.309658],[-178.054072,-14.308008],[-178.053932,-14.306462],[-178.056778,-14.306675],[-178.059218,-14.306092],[-178.063437,-14.306356],[-178.067616,-14.303931],[-178.070838,-14.301033],[-178.073123,-14.299584],[-178.076204,-14.299577],[-178.078417,-14.298699],[-178.080053,-14.299163],[-178.083285,-14.297612],[-178.087907,-14.297326],[-178.090748,-14.294958],[-178.097711,-14.290795],[-178.101133,-14.288134],[-178.103736,-14.284089],[-178.105192,-14.282584],[-178.110514,-14.278377],[-178.116168,-14.275268],[-178.11991,-14.270608],[-178.124634,-14.266575],[-178.124597,-14.263621],[-178.128037,-14.263513],[-178.131805,-14.259207],[-178.135611,-14.258124],[-178.13799,-14.259014],[-178.140025,-14.256904],[-178.146533,-14.254206],[-178.149483,-14.254719],[-178.153275,-14.253699],[-178.154714,-14.250858],[-178.155222,-14.246191]]],[[[-176.171295,-13.283044],[-176.170542,-13.280685],[-176.167055,-13.274185],[-176.164005,-13.270107],[-176.162261,-13.265731],[-176.163103,-13.26387],[-176.164662,-13.263214],[-176.166358,-13.255379],[-176.1683,-13.253013],[-176.170218,-13.252318],[-176.17425,-13.252049],[-176.176243,-13.249638],[-176.177739,-13.246538],[-176.179409,-13.244877],[-176.180337,-13.23774],[-176.182759,-13.234648],[-176.184538,-13.233161],[-176.185427,-13.227901],[-176.187836,-13.224679],[-176.19019,-13.22478],[-176.19857,-13.218848],[-176.203848,-13.219948],[-176.210459,-13.223036],[-176.212908,-13.223324],[-176.212925,-13.226012],[-176.216815,-13.230364],[-176.217777,-13.230408],[-176.221039,-13.234932],[-176.22003,-13.235932],[-176.2205,-13.238598],[-176.221546,-13.240226],[-176.221677,-13.24279],[-176.2233,-13.246284],[-176.223232,-13.249305],[-176.224867,-13.252048],[-176.225896,-13.25246],[-176.226144,-13.255106],[-176.225636,-13.258967],[-176.226501,-13.261778],[-176.224115,-13.263927],[-176.22391,-13.268318],[-176.224839,-13.271561],[-176.224081,-13.27475],[-176.224677,-13.277947],[-176.226113,-13.278868],[-176.227112,-13.28164],[-176.230958,-13.283845],[-176.233676,-13.284437],[-176.236271,-13.284158],[-176.242929,-13.287567],[-176.24411,-13.287126],[-176.248474,-13.289023],[-176.250846,-13.290588],[-176.249872,-13.293026],[-176.249711,-13.296784],[-176.24808,-13.300199],[-176.249872,-13.303665],[-176.250194,-13.306244],[-176.248445,-13.309689],[-176.247485,-13.313095],[-176.243969,-13.314917],[-176.240431,-13.314275],[-176.239001,-13.315588],[-176.235243,-13.314213],[-176.234811,-13.318689],[-176.231029,-13.319508],[-176.229818,-13.320804],[-176.224822,-13.32047],[-176.224483,-13.321604],[-176.225098,-13.327193],[-176.22002,-13.329376],[-176.218723,-13.332389],[-176.218629,-13.33426],[-176.216941,-13.337199],[-176.216792,-13.33878],[-176.218318,-13.341214],[-176.218872,-13.348016],[-176.217353,-13.346754],[-176.215602,-13.347979],[-176.215378,-13.350003],[-176.212063,-13.348594],[-176.208441,-13.351493],[-176.204988,-13.352147],[-176.203517,-13.349122],[-176.200847,-13.346126],[-176.199596,-13.343983],[-176.1961,-13.343079],[-176.195434,-13.344503],[-176.190642,-13.344637],[-176.187893,-13.347958],[-176.184795,-13.349304],[-176.182998,-13.349194],[-176.18092,-13.346966],[-176.176169,-13.345213],[-176.175282,-13.341672],[-176.179797,-13.338483],[-176.182392,-13.338322],[-176.184531,-13.339388],[-176.186826,-13.337852],[-176.187762,-13.333634],[-176.186651,-13.33114],[-176.188906,-13.330301],[-176.189833,-13.326958],[-176.186509,-13.323451],[-176.188757,-13.320873],[-176.18862,-13.318754],[-176.186212,-13.312628],[-176.184467,-13.311167],[-176.187191,-13.309129],[-176.187532,-13.30743],[-176.18497,-13.305035],[-176.182157,-13.306709],[-176.179772,-13.305285],[-176.180498,-13.299654],[-176.183171,-13.297783],[-176.182572,-13.294857],[-176.180468,-13.290829],[-176.179195,-13.289602],[-176.176349,-13.285049],[-176.173787,-13.284471],[-176.171295,-13.283044]]]]},"properties":{"code":"986","nom":"Wallis et Futuna"}},
{"type":"Feature","geometry":{"type":"MultiPolygon","coordinates":[[[[-145.557198,-17.369976],[-145.559444,-17.370233],[-145.559674,-17.371486],[-145.557431,-17.374946],[-145.555453,-17.376951],[-145.552901,-17.378211],[-145.553573,-17.374672],[-145.555139,-17.372279],[-145.554931,-17.371014],[-145.557198,-17.369976]]],[[[-145.596099,-17.336302],[-145.600167,-17.336139],[-145.60343,-17.341672],[-145.605401,-17.343696],[-145.608323,-17.348208],[-145.608545,-17.351017],[-145.606843,-17.358407],[-145.605453,-17.360874],[-145.602748,-17.364276],[-145.596097,-17.377618],[-145.592427,-17.383343],[-145.58654,-17.391548],[-145.584866,-17.39341],[-145.57897,-17.395173],[-145.575145,-17.39419],[-145.57555,-17.390161],[-145.574392,-17.38876],[-145.576869,-17.384536],[-145.577954,-17.381852],[-145.579856,-17.383111],[-145.579349,-17.386768],[-145.582186,-17.388202],[-145.580688,-17.383802],[-145.583276,-17.382236],[-145.581857,-17.378927],[-145.580578,-17.377453],[-145.581638,-17.374524],[-145.58366,-17.376015],[-145.586894,-17.376595],[-145.588318,-17.375148],[-145.5861,-17.372286],[-145.587181,-17.371333],[-145.591011,-17.373234],[-145.595047,-17.370585],[-145.595058,-17.367034],[-145.594206,-17.364307],[-145.596021,-17.361279],[-145.595763,-17.359132],[-145.597881,-17.356718],[-145.598382,-17.346909],[-145.596319,-17.344786],[-145.595914,-17.341825],[-145.59353,-17.339921],[-145.593737,-17.33839],[-145.596099,-17.336302]]],[[[-145.590725,-17.331686],[-145.594479,-17.331975],[-145.595111,-17.334731],[-145.591307,-17.336836],[-145.589159,-17.334724],[-145.590725,-17.331686]]],[[[-145.572273,-17.324576],[-145.577722,-17.324129],[-145.582292,-17.324538],[-145.587991,-17.325839],[-145.589945,-17.329535],[-145.588111,-17.332363],[-145.584546,-17.3351],[-145.582448,-17.334221],[-145.579984,-17.334642],[-145.577172,-17.336338],[-145.576062,-17.338361],[-145.572721,-17.340346],[-145.570539,-17.340807],[-145.568587,-17.343481],[-145.566899,-17.344012],[-145.565354,-17.342685],[-145.563768,-17.343123],[-145.560746,-17.340332],[-145.559402,-17.341323],[-145.555967,-17.340889],[-145.553621,-17.341154],[-145.553163,-17.339254],[-145.550447,-17.338847],[-145.550817,-17.337262],[-145.554913,-17.334232],[-145.557905,-17.330634],[-145.560808,-17.32798],[-145.563352,-17.326629],[-145.570404,-17.324778],[-145.572273,-17.324576]]],[[[-145.454386,-17.490226],[-145.454957,-17.485476],[-145.454478,-17.482199],[-145.456468,-17.482586],[-145.456065,-17.485958],[-145.457657,-17.489149],[-145.454386,-17.490226]]],[[[-145.466041,-17.47441],[-145.467188,-17.47357],[-145.468953,-17.475773],[-145.471115,-17.47731],[-145.469659,-17.482634],[-145.466546,-17.487437],[-145.464181,-17.489133],[-145.461794,-17.489599],[-145.461278,-17.48679],[-145.462156,-17.48579],[-145.462773,-17.482485],[-145.462015,-17.480459],[-145.465258,-17.477487],[-145.466041,-17.47441]]],[[[-145.47656,-17.454834],[-145.477832,-17.455914],[-145.477996,-17.458284],[-145.48133,-17.461629],[-145.481545,-17.464871],[-145.478565,-17.467612],[-145.476172,-17.468667],[-145.473977,-17.468693],[-145.47254,-17.466949],[-145.472118,-17.464874],[-145.475146,-17.461832],[-145.476584,-17.458567],[-145.47656,-17.454834]]],[[[-145.477332,-17.452155],[-145.482942,-17.452365],[-145.483945,-17.453146],[-145.483515,-17.455733],[-145.481532,-17.460537],[-145.480122,-17.459577],[-145.480354,-17.457881],[-145.477185,-17.453173],[-145.477332,-17.452155]]],[[[-145.489144,-17.44064],[-145.49564,-17.437645],[-145.498931,-17.434682],[-145.499735,-17.431805],[-145.502524,-17.433974],[-145.505742,-17.435703],[-145.504361,-17.438451],[-145.497554,-17.444158],[-145.493763,-17.446419],[-145.491846,-17.446689],[-145.48916,-17.448172],[-145.488475,-17.446969],[-145.489457,-17.444478],[-145.488134,-17.441543],[-145.489144,-17.44064]]],[[[-145.507037,-17.425172],[-145.509026,-17.423411],[-145.509841,-17.425384],[-145.509643,-17.429319],[-145.510735,-17.431291],[-145.506793,-17.433586],[-145.503722,-17.430147],[-145.503161,-17.428011],[-145.506108,-17.426562],[-145.507037,-17.425172]]],[[[-145.510191,-17.421151],[-145.512295,-17.421366],[-145.512515,-17.423833],[-145.510955,-17.426137],[-145.50965,-17.423969],[-145.510191,-17.421151]]],[[[-145.525112,-17.403474],[-145.529259,-17.40409],[-145.532803,-17.406594],[-145.531557,-17.412395],[-145.529419,-17.416975],[-145.526495,-17.42023],[-145.52211,-17.42369],[-145.52132,-17.424798],[-145.517499,-17.426157],[-145.516279,-17.427628],[-145.5137,-17.42889],[-145.512574,-17.428576],[-145.512113,-17.425364],[-145.512995,-17.424183],[-145.512642,-17.421864],[-145.512033,-17.420808],[-145.514856,-17.419332],[-145.51678,-17.417517],[-145.51984,-17.418953],[-145.52086,-17.417514],[-145.519974,-17.415221],[-145.524508,-17.409308],[-145.525906,-17.405793],[-145.525112,-17.403474]]],[[[-145.475201,-17.397847],[-145.476592,-17.397359],[-145.479332,-17.399485],[-145.476652,-17.400999],[-145.473223,-17.401503],[-145.465924,-17.407159],[-145.463046,-17.410752],[-145.460755,-17.412468],[-145.457391,-17.41687],[-145.454612,-17.415632],[-145.460668,-17.410668],[-145.46218,-17.408545],[-145.466438,-17.404473],[-145.475201,-17.397847]]],[[[-145.527904,-17.394184],[-145.529762,-17.394556],[-145.533419,-17.397478],[-145.535951,-17.398677],[-145.53621,-17.400552],[-145.533762,-17.403023],[-145.531329,-17.401838],[-145.531265,-17.400157],[-145.528115,-17.396927],[-145.527904,-17.394184]]],[[[-145.478946,-17.394506],[-145.481097,-17.394463],[-145.47806,-17.397841],[-145.476629,-17.39688],[-145.478946,-17.394506]]],[[[-145.540559,-17.391414],[-145.542875,-17.39048],[-145.544211,-17.392621],[-145.541353,-17.394017],[-145.540559,-17.391414]]],[[[-145.534805,-17.391732],[-145.532027,-17.389652],[-145.533391,-17.387882],[-145.534805,-17.391732]]],[[[-145.53299,-17.386028],[-145.53473,-17.38236],[-145.537846,-17.384351],[-145.538289,-17.387136],[-145.536073,-17.389358],[-145.533807,-17.38799],[-145.53299,-17.386028]]],[[[-145.539435,-17.377228],[-145.540874,-17.377347],[-145.54044,-17.379844],[-145.536981,-17.381375],[-145.535414,-17.378685],[-145.53655,-17.37741],[-145.539435,-17.377228]]],[[[-145.505808,-17.359757],[-145.50964,-17.359565],[-145.511868,-17.360251],[-145.508062,-17.362845],[-145.506392,-17.366558],[-145.504786,-17.367656],[-145.501984,-17.37158],[-145.498257,-17.375595],[-145.496354,-17.378781],[-145.49321,-17.381778],[-145.487984,-17.388206],[-145.48331,-17.391671],[-145.481694,-17.390688],[-145.486037,-17.385969],[-145.491558,-17.381],[-145.495619,-17.37548],[-145.503095,-17.364105],[-145.504831,-17.360445],[-145.505808,-17.359757]]],[[[-145.551969,-17.372982],[-145.552959,-17.373785],[-145.552057,-17.3775],[-145.549104,-17.379664],[-145.548191,-17.37912],[-145.547632,-17.375652],[-145.550511,-17.373156],[-145.551969,-17.372982]]],[[[-145.523031,-17.338371],[-145.525475,-17.340478],[-145.52769,-17.341413],[-145.529109,-17.343164],[-145.528376,-17.34593],[-145.522879,-17.344382],[-145.520644,-17.344568],[-145.51866,-17.346205],[-145.515943,-17.351014],[-145.514997,-17.355275],[-145.512002,-17.359738],[-145.505957,-17.358601],[-145.507507,-17.355016],[-145.511875,-17.348105],[-145.516486,-17.337392],[-145.519676,-17.337505],[-145.523031,-17.338371]]],[[[-145.547819,-17.338907],[-145.549698,-17.338143],[-145.55022,-17.341586],[-145.549509,-17.342713],[-145.547311,-17.341213],[-145.547819,-17.338907]]],[[[-145.408321,-17.494452],[-145.409415,-17.49245],[-145.410981,-17.495265],[-145.411838,-17.498267],[-145.409492,-17.499931],[-145.406941,-17.498287],[-145.408321,-17.494452]]],[[[-145.427857,-17.496931],[-145.426526,-17.492535],[-145.42814,-17.491893],[-145.43054,-17.497087],[-145.427857,-17.496931]]],[[[-145.430354,-17.494973],[-145.429734,-17.492319],[-145.430728,-17.49184],[-145.433426,-17.495889],[-145.43178,-17.49699],[-145.430354,-17.494973]]],[[[-145.43067,-17.488669],[-145.432333,-17.489153],[-145.433,-17.491647],[-145.435104,-17.494237],[-145.433712,-17.495299],[-145.431386,-17.490973],[-145.43067,-17.488669]]],[[[-145.441964,-17.489222],[-145.441504,-17.486006],[-145.442154,-17.484164],[-145.44458,-17.485003],[-145.446194,-17.48825],[-145.446051,-17.490011],[-145.443426,-17.490871],[-145.441964,-17.489222]]],[[[-145.391055,-17.477203],[-145.39512,-17.477633],[-145.394687,-17.480093],[-145.396223,-17.483938],[-145.399956,-17.486841],[-145.400097,-17.489762],[-145.398174,-17.493442],[-145.396281,-17.494848],[-145.392919,-17.493871],[-145.390232,-17.491879],[-145.387931,-17.488413],[-145.387934,-17.484508],[-145.389469,-17.479392],[-145.391055,-17.477203]]],[[[-145.396077,-17.469639],[-145.398577,-17.470364],[-145.39689,-17.473598],[-145.396091,-17.476855],[-145.39157,-17.476022],[-145.392151,-17.474683],[-145.396077,-17.469639]]],[[[-145.404693,-17.46077],[-145.405997,-17.460175],[-145.40896,-17.461444],[-145.404186,-17.463361],[-145.400706,-17.466807],[-145.399366,-17.470267],[-145.396655,-17.468783],[-145.398609,-17.465934],[-145.404693,-17.46077]]],[[[-145.428075,-17.42847],[-145.431766,-17.42559],[-145.434092,-17.428217],[-145.430873,-17.429021],[-145.428636,-17.431029],[-145.425371,-17.435835],[-145.425319,-17.437222],[-145.423563,-17.443591],[-145.420709,-17.449204],[-145.420667,-17.450652],[-145.415171,-17.454002],[-145.413451,-17.456702],[-145.410688,-17.458883],[-145.409332,-17.46074],[-145.406266,-17.459283],[-145.413239,-17.452496],[-145.418569,-17.444904],[-145.422815,-17.43653],[-145.426249,-17.430551],[-145.428075,-17.42847]]],[[[-145.444122,-17.419335],[-145.445959,-17.419218],[-145.447682,-17.421583],[-145.442807,-17.421071],[-145.438337,-17.423606],[-145.435777,-17.422646],[-145.440885,-17.420143],[-145.444122,-17.419335]]],[[[-145.353997,-16.7022],[-145.355146,-16.70152],[-145.357268,-16.702827],[-145.358642,-16.707928],[-145.358994,-16.710964],[-145.357221,-16.711502],[-145.355271,-16.709856],[-145.356078,-16.70728],[-145.355331,-16.703228],[-145.353997,-16.7022]]],[[[-145.351741,-16.697532],[-145.350577,-16.694901],[-145.352399,-16.694675],[-145.354289,-16.697492],[-145.351741,-16.697532]]],[[[-145.34529,-16.691446],[-145.346085,-16.689549],[-145.349755,-16.691762],[-145.348454,-16.69371],[-145.346819,-16.69171],[-145.34529,-16.691446]]],[[[-145.337254,-16.688714],[-145.338638,-16.68711],[-145.341699,-16.687867],[-145.340481,-16.689532],[-145.337254,-16.688714]]],[[[-145.324502,-16.685462],[-145.334279,-16.685781],[-145.336995,-16.686773],[-145.33622,-16.68838],[-145.333877,-16.687393],[-145.332444,-16.687717],[-145.328083,-16.686883],[-145.323659,-16.687545],[-145.324502,-16.685462]]],[[[-145.308881,-16.685055],[-145.315687,-16.685195],[-145.316419,-16.687037],[-145.308493,-16.686783],[-145.308881,-16.685055]]],[[[-144.959372,-16.791629],[-144.959835,-16.790224],[-144.969776,-16.787059],[-144.972948,-16.786722],[-144.976316,-16.787185],[-144.978306,-16.789286],[-144.979045,-16.793966],[-144.978666,-16.795419],[-144.975969,-16.795297],[-144.974695,-16.793077],[-144.975287,-16.790804],[-144.973115,-16.790857],[-144.971353,-16.789612],[-144.962041,-16.791988],[-144.959372,-16.791629]]],[[[-145.117802,-16.754972],[-145.119606,-16.754718],[-145.119256,-16.757845],[-145.119985,-16.761772],[-145.11755,-16.76284],[-145.116374,-16.759969],[-145.11723,-16.755217],[-145.117802,-16.754972]]],[[[-145.14497,-16.724343],[-145.147591,-16.724971],[-145.145889,-16.727074],[-145.139241,-16.730404],[-145.13541,-16.732927],[-145.132011,-16.733934],[-145.127708,-16.737565],[-145.1229,-16.742496],[-145.120515,-16.74748],[-145.119949,-16.752844],[-145.118375,-16.75389],[-145.116784,-16.751874],[-145.119598,-16.743896],[-145.121528,-16.740791],[-145.124521,-16.737168],[-145.130149,-16.731926],[-145.132307,-16.730586],[-145.138371,-16.728657],[-145.140697,-16.726526],[-145.14497,-16.724343]]],[[[-145.147319,-16.723568],[-145.150948,-16.721373],[-145.15128,-16.722682],[-145.149481,-16.724898],[-145.147319,-16.723568]]],[[[-145.154969,-16.721826],[-145.154104,-16.720265],[-145.155813,-16.719134],[-145.157188,-16.720728],[-145.154969,-16.721826]]],[[[-145.15776,-16.718367],[-145.162647,-16.716822],[-145.161667,-16.71929],[-145.159653,-16.720103],[-145.15776,-16.718367]]],[[[-145.163868,-16.715812],[-145.166994,-16.714489],[-145.166526,-16.717495],[-145.163868,-16.715812]]],[[[-145.191298,-16.71346],[-145.193068,-16.713485],[-145.193683,-16.715537],[-145.188949,-16.715408],[-145.191298,-16.71346]]],[[[-145.177176,-16.712009],[-145.178906,-16.711924],[-145.180103,-16.713931],[-145.178305,-16.714479],[-145.175025,-16.714306],[-145.174643,-16.712641],[-145.177176,-16.712009]]],[[[-145.205048,-16.712027],[-145.207423,-16.712947],[-145.202995,-16.714638],[-145.202016,-16.712411],[-145.205048,-16.712027]]],[[[-145.228485,-16.699878],[-145.230298,-16.70171],[-145.226194,-16.703444],[-145.223698,-16.706543],[-145.219636,-16.70856],[-145.218507,-16.710127],[-145.216001,-16.711043],[-145.215035,-16.709437],[-145.216334,-16.707999],[-145.219986,-16.705652],[-145.224083,-16.70237],[-145.228485,-16.699878]]],[[[-145.234967,-16.696776],[-145.237859,-16.695537],[-145.241046,-16.695396],[-145.240722,-16.697964],[-145.235912,-16.698965],[-145.23387,-16.700453],[-145.23176,-16.699266],[-145.234967,-16.696776]]],[[[-145.245593,-16.69522],[-145.246237,-16.693575],[-145.24805,-16.693412],[-145.249456,-16.695112],[-145.247393,-16.695766],[-145.245593,-16.69522]]],[[[-145.265967,-16.690633],[-145.267758,-16.690557],[-145.268044,-16.692575],[-145.263781,-16.693136],[-145.261871,-16.691046],[-145.265967,-16.690633]]],[[[-145.274505,-16.689187],[-145.277776,-16.689736],[-145.277056,-16.691182],[-145.273341,-16.691724],[-145.271696,-16.690449],[-145.274505,-16.689187]]],[[[-144.679203,-16.986742],[-144.67787,-16.988229],[-144.676815,-16.983768],[-144.678693,-16.98282],[-144.679203,-16.986742]]],[[[-144.650323,-16.859618],[-144.651607,-16.858545],[-144.657089,-16.858557],[-144.657643,-16.860253],[-144.65174,-16.860711],[-144.650323,-16.859618]]],[[[-144.666,-16.857487],[-144.668054,-16.857281],[-144.669139,-16.85871],[-144.666976,-16.859673],[-144.659234,-16.861126],[-144.662065,-16.858261],[-144.666,-16.857487]]],[[[-144.695189,-16.840261],[-144.696669,-16.840961],[-144.694652,-16.844453],[-144.692394,-16.845057],[-144.695189,-16.840261]]],[[[-144.739963,-16.799012],[-144.742325,-16.798687],[-144.738416,-16.802788],[-144.738488,-16.800548],[-144.739963,-16.799012]]],[[[-144.953408,-16.790254],[-144.957892,-16.790342],[-144.95858,-16.792419],[-144.955967,-16.791976],[-144.953173,-16.792672],[-144.953408,-16.790254]]],[[[-144.933768,-16.789009],[-144.937232,-16.788632],[-144.935677,-16.791202],[-144.927653,-16.791831],[-144.923999,-16.792909],[-144.915593,-16.794001],[-144.915354,-16.792604],[-144.918188,-16.791571],[-144.925752,-16.790122],[-144.933768,-16.789009]]],[[[-144.946381,-16.791736],[-144.946544,-16.790133],[-144.949885,-16.790157],[-144.950171,-16.792056],[-144.946381,-16.791736]]],[[[-144.88677,-16.790207],[-144.890892,-16.789662],[-144.891703,-16.791302],[-144.887937,-16.791719],[-144.883545,-16.792823],[-144.883562,-16.790543],[-144.88677,-16.790207]]],[[[-144.747906,-16.789046],[-144.749319,-16.790022],[-144.7467,-16.793633],[-144.746367,-16.791051],[-144.747906,-16.789046]]],[[[-144.75631,-16.782998],[-144.756059,-16.780887],[-144.759526,-16.779506],[-144.761869,-16.78043],[-144.75631,-16.782998]]],[[[-144.767664,-16.777912],[-144.76694,-16.776703],[-144.770166,-16.775677],[-144.770601,-16.777409],[-144.767664,-16.777912]]],[[[-144.805412,-16.776855],[-144.803797,-16.775302],[-144.808085,-16.774549],[-144.809042,-16.777141],[-144.805412,-16.776855]]],[[[-144.414811,-17.066644],[-144.415182,-17.065596],[-144.42062,-17.066922],[-144.42413,-17.068191],[-144.427825,-17.070134],[-144.430392,-17.072583],[-144.429007,-17.074695],[-144.426225,-17.073572],[-144.424724,-17.075341],[-144.422737,-17.071358],[-144.419441,-17.06789],[-144.418146,-17.068105],[-144.414811,-17.066644]]],[[[-144.406536,-17.065126],[-144.407965,-17.063308],[-144.411439,-17.064808],[-144.410271,-17.066191],[-144.406536,-17.065126]]],[[[-144.324254,-17.049071],[-144.326483,-17.050152],[-144.320974,-17.051946],[-144.314842,-17.054949],[-144.312432,-17.056479],[-144.307585,-17.061138],[-144.306499,-17.063005],[-144.304735,-17.067913],[-144.303441,-17.066714],[-144.303852,-17.064559],[-144.306122,-17.060555],[-144.308474,-17.057445],[-144.31468,-17.052966],[-144.320584,-17.050019],[-144.324254,-17.049071]]],[[[-144.364359,-17.047663],[-144.365192,-17.046842],[-144.368723,-17.047672],[-144.368147,-17.049022],[-144.364359,-17.047663]]],[[[-144.652165,-16.993251],[-144.650572,-16.992722],[-144.650692,-16.988792],[-144.653307,-16.987772],[-144.653703,-16.989433],[-144.652165,-16.993251]]],[[[-144.596429,-16.973065],[-144.594067,-16.973525],[-144.594908,-16.970541],[-144.597346,-16.971797],[-144.596429,-16.973065]]],[[[-144.592957,-16.970909],[-144.59086,-16.971024],[-144.591113,-16.968453],[-144.593545,-16.969712],[-144.592957,-16.970909]]],[[[-144.585725,-16.96697],[-144.583938,-16.965585],[-144.584816,-16.963188],[-144.58736,-16.965109],[-144.585725,-16.96697]]],[[[-144.575848,-16.953737],[-144.577741,-16.95339],[-144.582464,-16.960093],[-144.578553,-16.959698],[-144.576873,-16.957965],[-144.575264,-16.958264],[-144.575848,-16.953737]]],[[[-144.573184,-16.905175],[-144.572186,-16.90172],[-144.573338,-16.895805],[-144.576881,-16.886866],[-144.580854,-16.881758],[-144.580727,-16.884092],[-144.57777,-16.889016],[-144.575585,-16.89375],[-144.574423,-16.898195],[-144.573184,-16.905175]]],[[[-144.590374,-16.874806],[-144.602595,-16.872012],[-144.60313,-16.873191],[-144.599884,-16.874654],[-144.590383,-16.877269],[-144.586446,-16.879106],[-144.584327,-16.880888],[-144.583658,-16.879454],[-144.587185,-16.876473],[-144.590374,-16.874806]]],[[[-144.610443,-16.86998],[-144.610218,-16.868574],[-144.612908,-16.867212],[-144.613202,-16.869127],[-144.610443,-16.86998]]],[[[-144.627575,-16.867982],[-144.629379,-16.865531],[-144.630221,-16.867333],[-144.627575,-16.867982]]],[[[-144.643219,-16.861988],[-144.642752,-16.859866],[-144.646688,-16.858275],[-144.648061,-16.858475],[-144.648546,-16.860523],[-144.643219,-16.861988]]],[[[-149.549683,-17.028357],[-149.549204,-17.030177],[-149.54681,-17.029706],[-149.547153,-17.028385],[-149.549683,-17.028357]]],[[[-149.554245,-17.030058],[-149.55234,-17.028206],[-149.553182,-17.026188],[-149.555362,-17.025764],[-149.557978,-17.027064],[-149.559319,-17.023663],[-149.561113,-17.017113],[-149.562981,-17.019186],[-149.560181,-17.025058],[-149.560444,-17.031872],[-149.559539,-17.033605],[-149.556256,-17.033008],[-149.554245,-17.030058]]],[[[-149.593809,-17.016856],[-149.596507,-17.020176],[-149.59622,-17.023928],[-149.593454,-17.022342],[-149.590685,-17.023593],[-149.588886,-17.02115],[-149.587408,-17.016383],[-149.585669,-17.014702],[-149.587917,-17.013374],[-149.591445,-17.014451],[-149.593809,-17.016856]]],[[[-149.58703,-17.011014],[-149.586008,-17.011529],[-149.581833,-17.01142],[-149.581722,-17.008854],[-149.583749,-17.007324],[-149.587017,-17.007316],[-149.587911,-17.00849],[-149.58703,-17.011014]]],[[[-149.567787,-16.984195],[-149.572461,-16.984128],[-149.57711,-16.984879],[-149.58187,-16.988096],[-149.584629,-16.991872],[-149.586097,-16.995868],[-149.58484,-17.001617],[-149.583641,-17.003344],[-149.58148,-17.003037],[-149.580447,-16.99833],[-149.577058,-16.991265],[-149.57436,-16.988078],[-149.571033,-16.987513],[-149.566244,-16.988461],[-149.566711,-16.984342],[-149.567787,-16.984195]]],[[[-149.552331,-16.9889],[-149.552458,-16.986847],[-149.558283,-16.98532],[-149.560457,-16.988236],[-149.560044,-16.989345],[-149.557265,-16.988632],[-149.552677,-16.990765],[-149.552331,-16.9889]]],[[[-149.325955,-17.73437],[-149.320019,-17.735252],[-149.318553,-17.737964],[-149.321432,-17.739395],[-149.323624,-17.739061],[-149.32924,-17.741081],[-149.329876,-17.742853],[-149.328116,-17.744862],[-149.327435,-17.749298],[-149.323912,-17.750296],[-149.322906,-17.747678],[-149.317001,-17.747604],[-149.319036,-17.749236],[-149.322693,-17.751095],[-149.321262,-17.752291],[-149.317831,-17.757019],[-149.317862,-17.75863],[-149.319802,-17.75995],[-149.316496,-17.762859],[-149.314794,-17.764954],[-149.311248,-17.767248],[-149.309622,-17.770173],[-149.30884,-17.772837],[-149.309188,-17.77805],[-149.3088,-17.780118],[-149.307014,-17.783187],[-149.305494,-17.783177],[-149.301958,-17.786004],[-149.29928,-17.788909],[-149.298756,-17.79123],[-149.297036,-17.795055],[-149.29748,-17.800787],[-149.296206,-17.801769],[-149.294997,-17.805772],[-149.292623,-17.806499],[-149.292315,-17.808166],[-149.293245,-17.813344],[-149.295685,-17.81588],[-149.297035,-17.819661],[-149.293608,-17.825325],[-149.290168,-17.825872],[-149.287253,-17.825301],[-149.285378,-17.828585],[-149.283077,-17.831322],[-149.283212,-17.832324],[-149.280474,-17.834426],[-149.280382,-17.835554],[-149.276818,-17.839038],[-149.272239,-17.84209],[-149.270197,-17.844842],[-149.271319,-17.847289],[-149.269393,-17.848768],[-149.265837,-17.850031],[-149.263521,-17.848567],[-149.261059,-17.84944],[-149.257859,-17.854932],[-149.253997,-17.856851],[-149.252208,-17.856689],[-149.250065,-17.858541],[-149.249442,-17.861244],[-149.247852,-17.86195],[-149.244834,-17.861911],[-149.242884,-17.862558],[-149.23643,-17.860893],[-149.23326,-17.862623],[-149.228169,-17.864543],[-149.225156,-17.866158],[-149.221956,-17.865873],[-149.219337,-17.863727],[-149.21642,-17.864165],[-149.213546,-17.866529],[-149.210676,-17.867741],[-149.205729,-17.868435],[-149.205143,-17.869309],[-149.201772,-17.86991],[-149.199416,-17.872737],[-149.196912,-17.874527],[-149.193747,-17.874446],[-149.192276,-17.872372],[-149.185569,-17.878337],[-149.182996,-17.878946],[-149.179189,-17.877515],[-149.175194,-17.87805],[-149.171481,-17.879681],[-149.163079,-17.880359],[-149.158875,-17.879383],[-149.156285,-17.877267],[-149.154522,-17.876752],[-149.151962,-17.873631],[-149.148418,-17.873306],[-149.146628,-17.872434],[-149.143949,-17.869564],[-149.144009,-17.868445],[-149.141837,-17.864533],[-149.142111,-17.862372],[-149.140412,-17.861569],[-149.139975,-17.859307],[-149.133426,-17.852838],[-149.134163,-17.851243],[-149.13159,-17.844726],[-149.129334,-17.841034],[-149.1306,-17.836577],[-149.129129,-17.835296],[-149.129579,-17.831762],[-149.12908,-17.829385],[-149.126489,-17.827869],[-149.127157,-17.825583],[-149.125419,-17.823905],[-149.125906,-17.820294],[-149.125368,-17.81831],[-149.126883,-17.817317],[-149.128919,-17.814334],[-149.130243,-17.810681],[-149.129605,-17.808054],[-149.128423,-17.807969],[-149.125706,-17.80472],[-149.128055,-17.802536],[-149.12878,-17.800636],[-149.127439,-17.797584],[-149.129167,-17.794744],[-149.129905,-17.792412],[-149.129313,-17.790503],[-149.130066,-17.786573],[-149.128405,-17.784673],[-149.12764,-17.782055],[-149.129128,-17.779615],[-149.133778,-17.776882],[-149.135422,-17.773215],[-149.137711,-17.771294],[-149.138708,-17.768924],[-149.143881,-17.764705],[-149.14682,-17.763021],[-149.148259,-17.762906],[-149.149189,-17.759539],[-149.151215,-17.757654],[-149.156972,-17.755847],[-149.158896,-17.75173],[-149.158114,-17.747083],[-149.15872,-17.745577],[-149.161042,-17.744426],[-149.163807,-17.745327],[-149.163252,-17.749164],[-149.165602,-17.752061],[-149.168689,-17.753889],[-149.172962,-17.753932],[-149.177447,-17.752058],[-149.181014,-17.752635],[-149.181438,-17.751867],[-149.185509,-17.751166],[-149.187239,-17.751496],[-149.190704,-17.750101],[-149.192681,-17.750017],[-149.196993,-17.747537],[-149.200659,-17.74733],[-149.2025,-17.745411],[-149.203579,-17.743065],[-149.207333,-17.744804],[-149.209297,-17.744377],[-149.212946,-17.744787],[-149.217607,-17.742599],[-149.219365,-17.7392],[-149.219187,-17.736704],[-149.222372,-17.736424],[-149.224245,-17.737808],[-149.230293,-17.73502],[-149.233532,-17.734655],[-149.237704,-17.734911],[-149.243536,-17.736781],[-149.24581,-17.734656],[-149.251235,-17.73755],[-149.253224,-17.737596],[-149.257621,-17.739145],[-149.26097,-17.738311],[-149.266615,-17.738196],[-149.269331,-17.737254],[-149.27443,-17.736531],[-149.275601,-17.735005],[-149.286181,-17.729906],[-149.28929,-17.72938],[-149.293685,-17.72964],[-149.299165,-17.727784],[-149.300919,-17.725643],[-149.301402,-17.723656],[-149.306038,-17.71992],[-149.30554,-17.713878],[-149.304502,-17.711679],[-149.302819,-17.705986],[-149.302553,-17.703156],[-149.304093,-17.698563],[-149.304199,-17.695071],[-149.303501,-17.689409],[-149.304543,-17.686479],[-149.30457,-17.683266],[-149.303588,-17.678714],[-149.305986,-17.676691],[-149.306624,-17.674659],[-149.306439,-17.669932],[-149.310616,-17.663706],[-149.311538,-17.660761],[-149.310335,-17.659655],[-149.311723,-17.655007],[-149.312085,-17.651525],[-149.310186,-17.649681],[-149.309468,-17.642496],[-149.310463,-17.639],[-149.307297,-17.637423],[-149.304528,-17.63461],[-149.302801,-17.626502],[-149.303191,-17.622976],[-149.302557,-17.618454],[-149.301458,-17.615759],[-149.301233,-17.612626],[-149.29999,-17.611229],[-149.299678,-17.608097],[-149.300956,-17.607181],[-149.300827,-17.605119],[-149.302548,-17.600044],[-149.305327,-17.5965],[-149.306383,-17.594133],[-149.307551,-17.589027],[-149.305146,-17.587676],[-149.309514,-17.586666],[-149.309819,-17.583622],[-149.308326,-17.581296],[-149.309185,-17.577829],[-149.313742,-17.572544],[-149.317496,-17.569733],[-149.321114,-17.568525],[-149.322845,-17.566864],[-149.325214,-17.562391],[-149.327091,-17.560364],[-149.32838,-17.557565],[-149.330986,-17.554055],[-149.331479,-17.550977],[-149.333633,-17.550807],[-149.337176,-17.547146],[-149.341305,-17.543734],[-149.344395,-17.54315],[-149.347132,-17.541695],[-149.349826,-17.541595],[-149.352987,-17.54018],[-149.35598,-17.539563],[-149.359669,-17.539975],[-149.362076,-17.540837],[-149.368395,-17.539273],[-149.371869,-17.538733],[-149.377399,-17.537049],[-149.381,-17.532258],[-149.384627,-17.530484],[-149.38594,-17.528032],[-149.388657,-17.526256],[-149.39051,-17.5266],[-149.390317,-17.524126],[-149.392332,-17.523277],[-149.394962,-17.520976],[-149.401955,-17.517758],[-149.405207,-17.515625],[-149.408135,-17.516515],[-149.412021,-17.515818],[-149.41558,-17.514414],[-149.419718,-17.511531],[-149.423886,-17.51041],[-149.428117,-17.508315],[-149.432274,-17.509032],[-149.438313,-17.508221],[-149.455783,-17.507662],[-149.45874,-17.506498],[-149.461833,-17.507874],[-149.466603,-17.507364],[-149.468864,-17.50648],[-149.472781,-17.506065],[-149.476621,-17.504171],[-149.480421,-17.499565],[-149.486202,-17.499291],[-149.488442,-17.498097],[-149.49028,-17.495325],[-149.49415,-17.494179],[-149.495523,-17.495599],[-149.494233,-17.497084],[-149.493713,-17.500991],[-149.49496,-17.504237],[-149.500036,-17.5107],[-149.502704,-17.510347],[-149.506373,-17.513496],[-149.505365,-17.516361],[-149.507462,-17.518199],[-149.51003,-17.518274],[-149.511266,-17.521402],[-149.515298,-17.522937],[-149.517132,-17.522035],[-149.519856,-17.524257],[-149.523384,-17.523834],[-149.525851,-17.522327],[-149.52618,-17.520421],[-149.529426,-17.523487],[-149.531587,-17.524485],[-149.533562,-17.524076],[-149.535612,-17.525721],[-149.5375,-17.523269],[-149.543343,-17.5208],[-149.544981,-17.523802],[-149.549087,-17.526089],[-149.553912,-17.52454],[-149.557099,-17.524418],[-149.558869,-17.525522],[-149.561556,-17.525674],[-149.562184,-17.527736],[-149.566566,-17.528756],[-149.567161,-17.526331],[-149.570169,-17.528491],[-149.571325,-17.530283],[-149.573981,-17.529367],[-149.573778,-17.532768],[-149.572732,-17.533535],[-149.569725,-17.533164],[-149.568889,-17.536299],[-149.569229,-17.539882],[-149.572261,-17.54042],[-149.57438,-17.542039],[-149.579253,-17.543178],[-149.582517,-17.545353],[-149.585836,-17.544851],[-149.589167,-17.545609],[-149.595564,-17.544737],[-149.609002,-17.55409],[-149.609309,-17.551939],[-149.611622,-17.5526],[-149.614828,-17.552244],[-149.614516,-17.553803],[-149.616037,-17.558872],[-149.620898,-17.562393],[-149.618624,-17.564366],[-149.619415,-17.565691],[-149.617259,-17.566794],[-149.617362,-17.569706],[-149.619401,-17.569449],[-149.619466,-17.571828],[-149.62037,-17.574143],[-149.617414,-17.574426],[-149.616573,-17.58215],[-149.614832,-17.588083],[-149.613787,-17.590363],[-149.612508,-17.598779],[-149.614333,-17.602041],[-149.613747,-17.60584],[-149.614633,-17.609322],[-149.614189,-17.612258],[-149.615042,-17.613937],[-149.616938,-17.614968],[-149.616082,-17.616655],[-149.615144,-17.621578],[-149.613067,-17.625612],[-149.614043,-17.630551],[-149.616195,-17.634186],[-149.613232,-17.636683],[-149.610344,-17.640036],[-149.605933,-17.643895],[-149.603959,-17.646283],[-149.603423,-17.64891],[-149.601937,-17.651106],[-149.598482,-17.658382],[-149.596884,-17.662522],[-149.595019,-17.66859],[-149.593519,-17.67242],[-149.590414,-17.67648],[-149.586796,-17.683758],[-149.586248,-17.685978],[-149.586865,-17.688403],[-149.585884,-17.689259],[-149.585852,-17.692836],[-149.584685,-17.695698],[-149.584984,-17.697917],[-149.58444,-17.703195],[-149.585088,-17.706636],[-149.584771,-17.710822],[-149.583616,-17.712712],[-149.582097,-17.718471],[-149.580807,-17.726801],[-149.580894,-17.730471],[-149.577877,-17.735169],[-149.578382,-17.740286],[-149.57507,-17.741687],[-149.573693,-17.74131],[-149.570468,-17.742558],[-149.569455,-17.74389],[-149.565092,-17.746377],[-149.56297,-17.748763],[-149.559397,-17.74875],[-149.555246,-17.752625],[-149.553417,-17.753174],[-149.549659,-17.75099],[-149.54729,-17.751137],[-149.543957,-17.752701],[-149.543289,-17.753693],[-149.539032,-17.752532],[-149.534174,-17.752888],[-149.532137,-17.754699],[-149.529506,-17.7548],[-149.524923,-17.754219],[-149.520377,-17.757613],[-149.52122,-17.759588],[-149.517252,-17.761526],[-149.509866,-17.763099],[-149.504399,-17.763458],[-149.498237,-17.764528],[-149.495944,-17.766098],[-149.49326,-17.766476],[-149.491218,-17.767789],[-149.484357,-17.768485],[-149.480933,-17.770892],[-149.47778,-17.774009],[-149.477113,-17.778257],[-149.472401,-17.778917],[-149.469526,-17.7774],[-149.465906,-17.777139],[-149.462134,-17.778738],[-149.460436,-17.780132],[-149.456778,-17.780175],[-149.453516,-17.778922],[-149.452198,-17.780135],[-149.450614,-17.778723],[-149.446838,-17.777004],[-149.445664,-17.774569],[-149.438704,-17.772803],[-149.436868,-17.771087],[-149.435044,-17.770729],[-149.432795,-17.772909],[-149.429656,-17.771676],[-149.427424,-17.772681],[-149.424689,-17.771375],[-149.418937,-17.772612],[-149.416679,-17.772507],[-149.415181,-17.773732],[-149.4127,-17.773675],[-149.410376,-17.774862],[-149.410268,-17.77287],[-149.408204,-17.770546],[-149.404147,-17.76872],[-149.401862,-17.768634],[-149.397833,-17.77093],[-149.395347,-17.769087],[-149.39388,-17.769076],[-149.394197,-17.766567],[-149.392872,-17.762124],[-149.390737,-17.761772],[-149.388108,-17.760401],[-149.381636,-17.759813],[-149.378735,-17.761621],[-149.375431,-17.758874],[-149.3719,-17.758701],[-149.369175,-17.759287],[-149.369995,-17.761359],[-149.362358,-17.760418],[-149.361235,-17.760965],[-149.355835,-17.759284],[-149.352503,-17.757305],[-149.350903,-17.754964],[-149.345568,-17.755374],[-149.342866,-17.754387],[-149.341631,-17.752001],[-149.33894,-17.750164],[-149.337935,-17.745339],[-149.339136,-17.743994],[-149.339309,-17.740209],[-149.3413,-17.740717],[-149.34241,-17.73928],[-149.338853,-17.738689],[-149.335855,-17.739768],[-149.334443,-17.738721],[-149.336703,-17.734905],[-149.334737,-17.734116],[-149.333128,-17.735595],[-149.33151,-17.734989],[-149.332001,-17.73173],[-149.328847,-17.730304],[-149.327434,-17.728597],[-149.324909,-17.728185],[-149.323382,-17.729337],[-149.323146,-17.731358],[-149.325955,-17.73437]]],[[[-149.54694,-17.049484],[-149.544141,-17.048526],[-149.544243,-17.045526],[-149.545403,-17.042907],[-149.54753,-17.044936],[-149.547798,-17.048529],[-149.54694,-17.049484]]],[[[-149.543115,-16.995769],[-149.542449,-16.99796],[-149.538076,-16.998179],[-149.536296,-16.994833],[-149.537873,-16.991259],[-149.54323,-16.98886],[-149.54808,-16.987671],[-149.551775,-16.987718],[-149.552153,-16.990446],[-149.546127,-16.990749],[-149.543489,-16.991608],[-149.5415,-16.994547],[-149.543115,-16.995769]]],[[[-146.864216,-15.705053],[-146.865278,-15.705005],[-146.866479,-15.708629],[-146.8686,-15.709399],[-146.86977,-15.711724],[-146.871463,-15.712593],[-146.871979,-15.714205],[-146.869141,-15.715304],[-146.865557,-15.710222],[-146.862541,-15.708854],[-146.864216,-15.705053]]],[[[-146.871124,-15.690008],[-146.873938,-15.691245],[-146.875516,-15.690074],[-146.876713,-15.691639],[-146.874561,-15.69473],[-146.872588,-15.69526],[-146.872139,-15.698231],[-146.869403,-15.701929],[-146.86783,-15.702649],[-146.866762,-15.699639],[-146.869151,-15.693957],[-146.870096,-15.690845],[-146.871124,-15.690008]]],[[[-146.877807,-15.686845],[-146.880412,-15.687787],[-146.87713,-15.689299],[-146.877807,-15.686845]]],[[[-146.883101,-15.685981],[-146.881017,-15.687532],[-146.880039,-15.685595],[-146.882809,-15.68475],[-146.883101,-15.685981]]],[[[-146.876628,-15.685243],[-146.87349,-15.687262],[-146.874303,-15.683128],[-146.876628,-15.685243]]],[[[-146.881964,-15.683286],[-146.879491,-15.681293],[-146.880177,-15.678829],[-146.879411,-15.677754],[-146.875387,-15.676357],[-146.872719,-15.673346],[-146.874104,-15.669405],[-146.875915,-15.66882],[-146.877454,-15.665328],[-146.876035,-15.6626],[-146.876473,-15.659917],[-146.874897,-15.657902],[-146.873121,-15.658151],[-146.871393,-15.657105],[-146.869574,-15.657603],[-146.869408,-15.655421],[-146.870771,-15.654889],[-146.873307,-15.655434],[-146.8749,-15.65473],[-146.879189,-15.655862],[-146.882997,-15.658709],[-146.885302,-15.662025],[-146.887544,-15.667174],[-146.887733,-15.677364],[-146.887402,-15.682914],[-146.886709,-15.68592],[-146.884158,-15.686997],[-146.883971,-15.68455],[-146.881964,-15.683286]]],[[[-146.832667,-15.640046],[-146.834605,-15.638719],[-146.837684,-15.639687],[-146.840738,-15.639956],[-146.842619,-15.64141],[-146.849557,-15.645072],[-146.851472,-15.647068],[-146.8509,-15.64866],[-146.847909,-15.649131],[-146.846929,-15.647593],[-146.841833,-15.644796],[-146.838841,-15.642663],[-146.836885,-15.641969],[-146.832782,-15.642271],[-146.832667,-15.640046]]],[[[-146.886989,-15.295102],[-146.888575,-15.294035],[-146.891789,-15.294645],[-146.893704,-15.302925],[-146.89196,-15.306721],[-146.88983,-15.30701],[-146.888628,-15.305917],[-146.889241,-15.303246],[-146.887845,-15.300619],[-146.88684,-15.300537],[-146.887323,-15.297116],[-146.886989,-15.295102]]],[[[-146.889972,-15.291389],[-146.890082,-15.293004],[-146.887422,-15.293783],[-146.886745,-15.292665],[-146.889972,-15.291389]]],[[[-146.889119,-15.285309],[-146.889679,-15.286763],[-146.888423,-15.288644],[-146.885375,-15.288462],[-146.88502,-15.286547],[-146.887568,-15.285022],[-146.889119,-15.285309]]],[[[-146.887839,-15.281799],[-146.888154,-15.284243],[-146.884768,-15.285368],[-146.883961,-15.283995],[-146.886207,-15.281711],[-146.887839,-15.281799]]],[[[-146.882211,-15.276343],[-146.884902,-15.276213],[-146.884017,-15.278244],[-146.881836,-15.278955],[-146.882211,-15.276343]]],[[[-146.866162,-15.265735],[-146.867584,-15.266365],[-146.866509,-15.269228],[-146.864094,-15.270018],[-146.864562,-15.267405],[-146.866162,-15.265735]]],[[[-146.850806,-15.256019],[-146.853802,-15.25676],[-146.857577,-15.259848],[-146.859038,-15.262542],[-146.859459,-15.265121],[-146.8582,-15.266439],[-146.855341,-15.263482],[-146.852642,-15.259932],[-146.849032,-15.257446],[-146.850806,-15.256019]]],[[[-146.84815,-15.256968],[-146.848123,-15.254179],[-146.850309,-15.255429],[-146.84815,-15.256968]]],[[[-146.844451,-15.251852],[-146.846093,-15.25403],[-146.845408,-15.256572],[-146.841175,-15.25444],[-146.842044,-15.252543],[-146.844451,-15.251852]]],[[[-146.831909,-15.240013],[-146.833177,-15.240986],[-146.830582,-15.243218],[-146.829455,-15.241804],[-146.831909,-15.240013]]],[[[-146.815058,-15.757958],[-146.816707,-15.756075],[-146.81872,-15.757781],[-146.815058,-15.757958]]],[[[-146.734743,-15.669691],[-146.735614,-15.670698],[-146.733748,-15.672665],[-146.732492,-15.67096],[-146.734743,-15.669691]]],[[[-146.762053,-15.665515],[-146.76144,-15.66423],[-146.763984,-15.662065],[-146.768007,-15.66349],[-146.767366,-15.664795],[-146.762053,-15.665515]]],[[[-146.774861,-15.664242],[-146.770446,-15.663294],[-146.768919,-15.660695],[-146.774259,-15.662345],[-146.774861,-15.664242]]],[[[-146.77725,-15.658424],[-146.77857,-15.660231],[-146.776105,-15.66114],[-146.775519,-15.659399],[-146.77725,-15.658424]]],[[[-146.781917,-15.656383],[-146.782904,-15.656664],[-146.783596,-15.659579],[-146.78043,-15.659424],[-146.780266,-15.657744],[-146.781917,-15.656383]]],[[[-146.79484,-15.650499],[-146.796901,-15.650658],[-146.796252,-15.652622],[-146.791126,-15.653831],[-146.785249,-15.65793],[-146.78352,-15.657649],[-146.783175,-15.655882],[-146.788372,-15.653684],[-146.792353,-15.650925],[-146.79484,-15.650499]]],[[[-146.800221,-15.64707],[-146.802626,-15.646353],[-146.803199,-15.64764],[-146.799869,-15.650543],[-146.798998,-15.649853],[-146.800221,-15.64707]]],[[[-146.82282,-15.226564],[-146.823052,-15.228008],[-146.820871,-15.229817],[-146.818861,-15.228339],[-146.82077,-15.226785],[-146.82282,-15.226564]]],[[[-146.752982,-15.213952],[-146.753364,-15.215863],[-146.746933,-15.219304],[-146.739517,-15.221053],[-146.737793,-15.220938],[-146.734891,-15.221881],[-146.733259,-15.220282],[-146.733665,-15.218839],[-146.742838,-15.216898],[-146.745278,-15.217575],[-146.747077,-15.215757],[-146.751296,-15.213777],[-146.752982,-15.213952]]],[[[-146.815596,-15.210565],[-146.816472,-15.211674],[-146.814338,-15.214142],[-146.813222,-15.211977],[-146.815596,-15.210565]]],[[[-146.762257,-15.208928],[-146.765195,-15.208669],[-146.76449,-15.211933],[-146.759705,-15.213451],[-146.759919,-15.210386],[-146.762257,-15.208928]]],[[[-146.784515,-15.203605],[-146.785368,-15.205125],[-146.784109,-15.207607],[-146.781328,-15.209043],[-146.775293,-15.210087],[-146.770129,-15.212367],[-146.769243,-15.208068],[-146.770566,-15.207313],[-146.779842,-15.204073],[-146.782579,-15.203373],[-146.784515,-15.203605]]],[[[-146.786997,-15.207071],[-146.785615,-15.204164],[-146.787107,-15.203709],[-146.788013,-15.206775],[-146.786997,-15.207071]]],[[[-146.808121,-15.197254],[-146.811679,-15.200069],[-146.814311,-15.205103],[-146.813797,-15.208018],[-146.812427,-15.208887],[-146.809109,-15.209022],[-146.806157,-15.206067],[-146.802382,-15.203232],[-146.796078,-15.204578],[-146.79224,-15.205724],[-146.790355,-15.2028],[-146.791959,-15.201117],[-146.803639,-15.19743],[-146.808121,-15.197254]]],[[[-146.621734,-15.843769],[-146.618606,-15.841268],[-146.617461,-15.836329],[-146.619162,-15.836033],[-146.619067,-15.839985],[-146.62187,-15.842715],[-146.621734,-15.843769]]],[[[-146.622068,-15.711459],[-146.624432,-15.712647],[-146.621125,-15.713685],[-146.622068,-15.711459]]],[[[-146.636793,-15.710477],[-146.638444,-15.712434],[-146.635944,-15.712816],[-146.636793,-15.710477]]],[[[-146.656833,-15.709854],[-146.66053,-15.709855],[-146.660457,-15.71302],[-146.658842,-15.713648],[-146.656833,-15.709854]]],[[[-146.713113,-15.683598],[-146.715423,-15.682584],[-146.715732,-15.684782],[-146.712386,-15.687026],[-146.706885,-15.690066],[-146.701116,-15.694036],[-146.70089,-15.692115],[-146.702312,-15.690744],[-146.709857,-15.686072],[-146.713113,-15.683598]]],[[[-146.622541,-15.362292],[-146.622048,-15.363281],[-146.619342,-15.363638],[-146.618135,-15.361409],[-146.619143,-15.35908],[-146.622212,-15.359584],[-146.622541,-15.362292]]],[[[-146.623008,-15.247739],[-146.620011,-15.248379],[-146.617652,-15.250234],[-146.611615,-15.253599],[-146.60807,-15.257412],[-146.60585,-15.261726],[-146.604327,-15.268468],[-146.603643,-15.277016],[-146.603929,-15.282523],[-146.605015,-15.289912],[-146.604918,-15.292617],[-146.605944,-15.304161],[-146.605862,-15.308105],[-146.60673,-15.315321],[-146.607249,-15.31726],[-146.607453,-15.322975],[-146.608299,-15.330401],[-146.610396,-15.338529],[-146.611414,-15.341029],[-146.61028,-15.342434],[-146.607567,-15.335283],[-146.607426,-15.333323],[-146.605712,-15.325989],[-146.606028,-15.32126],[-146.607058,-15.31785],[-146.605693,-15.317355],[-146.604788,-15.314938],[-146.603332,-15.302149],[-146.603841,-15.300254],[-146.602898,-15.292455],[-146.60474,-15.293137],[-146.604915,-15.290143],[-146.603364,-15.288719],[-146.602139,-15.285938],[-146.601303,-15.282481],[-146.601235,-15.276491],[-146.601501,-15.267916],[-146.60295,-15.260534],[-146.604476,-15.257053],[-146.606799,-15.253776],[-146.610199,-15.250618],[-146.613341,-15.248577],[-146.619109,-15.246294],[-146.628097,-15.241789],[-146.635662,-15.23857],[-146.638713,-15.236948],[-146.644659,-15.234648],[-146.646912,-15.234746],[-146.6478,-15.236282],[-146.647182,-15.238496],[-146.644744,-15.239489],[-146.641516,-15.239763],[-146.637542,-15.241294],[-146.62763,-15.246292],[-146.623008,-15.247739]]],[[[-146.670355,-15.235086],[-146.670455,-15.237503],[-146.667424,-15.238282],[-146.666537,-15.236058],[-146.667968,-15.23497],[-146.670355,-15.235086]]],[[[-146.649891,-15.239332],[-146.649254,-15.236508],[-146.650114,-15.234888],[-146.654935,-15.233731],[-146.657042,-15.234001],[-146.657834,-15.235631],[-146.65726,-15.237839],[-146.654194,-15.237265],[-146.649891,-15.239332]]],[[[-146.697601,-15.231284],[-146.695817,-15.230219],[-146.698264,-15.228342],[-146.700841,-15.228264],[-146.700104,-15.230567],[-146.697601,-15.231284]]],[[[-146.721586,-15.218641],[-146.721787,-15.221963],[-146.718942,-15.222099],[-146.7161,-15.223639],[-146.713434,-15.223797],[-146.706918,-15.22783],[-146.706293,-15.224995],[-146.708622,-15.222566],[-146.711836,-15.22059],[-146.718216,-15.218518],[-146.721586,-15.218641]]],[[[-146.4946,-15.801451],[-146.49707,-15.802108],[-146.492926,-15.805184],[-146.492,-15.807425],[-146.48968,-15.808759],[-146.487779,-15.812857],[-146.486519,-15.813694],[-146.485766,-15.817554],[-146.484698,-15.819816],[-146.484956,-15.82307],[-146.486736,-15.825982],[-146.489135,-15.827939],[-146.493379,-15.82967],[-146.492315,-15.831707],[-146.490163,-15.832575],[-146.486926,-15.835024],[-146.483184,-15.835219],[-146.482031,-15.836695],[-146.480459,-15.836099],[-146.478948,-15.83255],[-146.47916,-15.828935],[-146.480336,-15.82425],[-146.485274,-15.812857],[-146.488176,-15.808012],[-146.4946,-15.801451]]],[[[-146.50761,-15.787723],[-146.509904,-15.785924],[-146.511205,-15.787396],[-146.506443,-15.790845],[-146.505088,-15.793036],[-146.503145,-15.794495],[-146.501404,-15.797083],[-146.496252,-15.800547],[-146.496804,-15.798327],[-146.500684,-15.793812],[-146.50761,-15.787723]]],[[[-146.512068,-15.784857],[-146.513964,-15.782267],[-146.51564,-15.783997],[-146.514651,-15.785492],[-146.512068,-15.784857]]],[[[-146.540707,-15.761254],[-146.539628,-15.76007],[-146.540999,-15.758722],[-146.542154,-15.760314],[-146.540707,-15.761254]]],[[[-146.549684,-15.749847],[-146.551586,-15.751284],[-146.550009,-15.752689],[-146.548626,-15.750935],[-146.549684,-15.749847]]],[[[-146.446888,-15.461715],[-146.449965,-15.462347],[-146.45052,-15.464673],[-146.449305,-15.467543],[-146.447187,-15.468382],[-146.445241,-15.465281],[-146.446666,-15.464539],[-146.446888,-15.461715]]],[[[-146.438358,-15.376313],[-146.44293,-15.376421],[-146.443137,-15.378908],[-146.441574,-15.379792],[-146.439088,-15.379325],[-146.438358,-15.376313]]],[[[-146.435847,-15.358389],[-146.443005,-15.359836],[-146.441795,-15.363318],[-146.440179,-15.364038],[-146.437529,-15.363847],[-146.436422,-15.362337],[-146.435847,-15.358389]]],[[[-146.411428,-15.568137],[-146.413829,-15.568886],[-146.413877,-15.572186],[-146.414753,-15.573172],[-146.411469,-15.575767],[-146.410145,-15.573734],[-146.411177,-15.571149],[-146.411428,-15.568137]]],[[[-146.420464,-15.556739],[-146.423203,-15.557744],[-146.42261,-15.561123],[-146.421063,-15.566603],[-146.41971,-15.567671],[-146.416514,-15.567292],[-146.417657,-15.565324],[-146.415464,-15.562059],[-146.418014,-15.557565],[-146.420464,-15.556739]]],[[[-146.424872,-15.535104],[-146.426397,-15.53583],[-146.428306,-15.538298],[-146.428064,-15.540838],[-146.424372,-15.545092],[-146.421356,-15.545664],[-146.423913,-15.539913],[-146.424872,-15.535104]]],[[[-146.427156,-15.516546],[-146.428392,-15.515299],[-146.430622,-15.516217],[-146.430125,-15.518121],[-146.428196,-15.518275],[-146.427156,-15.516546]]],[[[-146.411904,-15.315363],[-146.413257,-15.31541],[-146.419553,-15.320674],[-146.422178,-15.324498],[-146.423821,-15.326044],[-146.423639,-15.327742],[-146.426596,-15.328544],[-146.429588,-15.33112],[-146.431836,-15.334192],[-146.434905,-15.335761],[-146.438418,-15.339257],[-146.441464,-15.344608],[-146.44359,-15.353629],[-146.443279,-15.356457],[-146.441978,-15.35896],[-146.439502,-15.35874],[-146.436825,-15.35699],[-146.435979,-15.355577],[-146.43664,-15.351644],[-146.435751,-15.346773],[-146.433394,-15.343211],[-146.430785,-15.338409],[-146.427707,-15.335804],[-146.425216,-15.334463],[-146.424606,-15.332032],[-146.422135,-15.330728],[-146.417897,-15.325345],[-146.415077,-15.323637],[-146.411779,-15.320632],[-146.409566,-15.320035],[-146.408342,-15.316945],[-146.411904,-15.315363]]],[[[-146.402952,-15.309501],[-146.406698,-15.309699],[-146.409342,-15.312008],[-146.408499,-15.314005],[-146.406226,-15.314918],[-146.4044,-15.31421],[-146.402042,-15.311234],[-146.402952,-15.309501]]],[[[-146.395881,-15.302782],[-146.398494,-15.303506],[-146.398544,-15.304878],[-146.396985,-15.307074],[-146.39441,-15.305781],[-146.394628,-15.303706],[-146.395881,-15.302782]]],[[[-146.220426,-15.451448],[-146.222025,-15.453239],[-146.222195,-15.457207],[-146.2239,-15.461801],[-146.223577,-15.463919],[-146.224059,-15.467512],[-146.225188,-15.471169],[-146.226336,-15.476876],[-146.226605,-15.487876],[-146.226032,-15.489324],[-146.225223,-15.51513],[-146.226959,-15.525028],[-146.22829,-15.53143],[-146.2301,-15.536998],[-146.230734,-15.54109],[-146.232986,-15.549179],[-146.236103,-15.55636],[-146.239453,-15.558943],[-146.242672,-15.56071],[-146.243089,-15.562812],[-146.241804,-15.56599],[-146.239745,-15.56722],[-146.237197,-15.563703],[-146.233455,-15.555205],[-146.230307,-15.545891],[-146.225661,-15.527855],[-146.22479,-15.522951],[-146.224962,-15.521299],[-146.223788,-15.51736],[-146.223753,-15.512376],[-146.223036,-15.510086],[-146.222912,-15.50563],[-146.223364,-15.500685],[-146.224261,-15.497298],[-146.223708,-15.496168],[-146.224389,-15.491344],[-146.223747,-15.490428],[-146.224519,-15.486502],[-146.22433,-15.483835],[-146.22483,-15.480421],[-146.223727,-15.471806],[-146.220571,-15.460559],[-146.219859,-15.456744],[-146.220426,-15.451448]]],[[[-146.209367,-15.40723],[-146.211099,-15.408572],[-146.211719,-15.412942],[-146.21285,-15.416018],[-146.213317,-15.421864],[-146.21451,-15.425518],[-146.215632,-15.431954],[-146.21712,-15.435367],[-146.217973,-15.438983],[-146.221629,-15.447583],[-146.219291,-15.44746],[-146.213371,-15.432597],[-146.212313,-15.426234],[-146.208907,-15.413257],[-146.208744,-15.410009],[-146.209367,-15.40723]]],[[[-146.205034,-15.332333],[-146.207164,-15.331954],[-146.211584,-15.332368],[-146.212213,-15.334438],[-146.20569,-15.335178],[-146.199479,-15.33695],[-146.196585,-15.338531],[-146.193084,-15.342496],[-146.191965,-15.346121],[-146.191785,-15.349297],[-146.192687,-15.354037],[-146.194237,-15.359968],[-146.195766,-15.368167],[-146.198367,-15.37518],[-146.198293,-15.380153],[-146.200881,-15.387049],[-146.204622,-15.391989],[-146.207699,-15.396814],[-146.21046,-15.402722],[-146.211145,-15.406743],[-146.209279,-15.406502],[-146.207525,-15.400975],[-146.203747,-15.394956],[-146.201969,-15.392748],[-146.197798,-15.389774],[-146.195374,-15.386182],[-146.194598,-15.382284],[-146.19539,-15.37696],[-146.19536,-15.374466],[-146.19286,-15.368863],[-146.1917,-15.364387],[-146.190969,-15.359336],[-146.187661,-15.343761],[-146.187534,-15.338261],[-146.188387,-15.336593],[-146.190842,-15.334851],[-146.195117,-15.333337],[-146.205034,-15.332333]]],[[[-146.222383,-15.329922],[-146.230522,-15.327632],[-146.232699,-15.327843],[-146.231628,-15.329923],[-146.223634,-15.331964],[-146.222218,-15.332631],[-146.21507,-15.334109],[-146.215454,-15.332295],[-146.217014,-15.331305],[-146.220182,-15.331145],[-146.222383,-15.329922]]],[[[-146.244195,-15.326023],[-146.246337,-15.325347],[-146.247207,-15.327469],[-146.240384,-15.328798],[-146.241444,-15.326591],[-146.244195,-15.326023]]],[[[-146.25383,-15.323908],[-146.254615,-15.326031],[-146.247998,-15.327394],[-146.248397,-15.324863],[-146.25383,-15.323908]]],[[[-146.268795,-15.321103],[-146.270231,-15.323131],[-146.267179,-15.323741],[-146.266492,-15.32249],[-146.268795,-15.321103]]],[[[-146.349969,-15.314975],[-146.355631,-15.3148],[-146.35626,-15.316767],[-146.35082,-15.317608],[-146.34673,-15.318917],[-146.339992,-15.318896],[-146.338509,-15.319182],[-146.329957,-15.31896],[-146.330122,-15.317065],[-146.331646,-15.315974],[-146.338076,-15.316284],[-146.340811,-15.315836],[-146.344372,-15.31599],[-146.345763,-15.316834],[-146.347672,-15.31543],[-146.349969,-15.314975]]],[[[-146.318757,-15.31456],[-146.328567,-15.315681],[-146.329879,-15.316641],[-146.329052,-15.318838],[-146.324805,-15.319117],[-146.322424,-15.317916],[-146.318206,-15.316678],[-146.318757,-15.31456]]],[[[-146.29827,-15.311402],[-146.300768,-15.309788],[-146.304196,-15.309174],[-146.308988,-15.311104],[-146.309838,-15.313559],[-146.307596,-15.314182],[-146.303174,-15.313781],[-146.298354,-15.314499],[-146.294834,-15.316382],[-146.289818,-15.317758],[-146.287218,-15.319181],[-146.283248,-15.32002],[-146.283322,-15.318403],[-146.284862,-15.317163],[-146.286403,-15.31734],[-146.29827,-15.311402]]],[[[-146.357974,-15.316439],[-146.358646,-15.31333],[-146.361236,-15.312936],[-146.368272,-15.309423],[-146.373666,-15.304925],[-146.377683,-15.300889],[-146.380848,-15.299861],[-146.384596,-15.29997],[-146.386023,-15.30157],[-146.3861,-15.303504],[-146.384265,-15.304933],[-146.380655,-15.304772],[-146.378421,-15.306264],[-146.376549,-15.306128],[-146.372921,-15.309477],[-146.365089,-15.313756],[-146.357974,-15.316439]]],[[[-151.775663,-16.486622],[-151.776111,-16.489523],[-151.774516,-16.489362],[-151.775663,-16.486622]]],[[[-151.777149,-16.460019],[-151.781024,-16.465679],[-151.783726,-16.468333],[-151.784615,-16.469998],[-151.784021,-16.472728],[-151.781103,-16.476261],[-151.777774,-16.479229],[-151.775415,-16.480495],[-151.772562,-16.477604],[-151.769325,-16.47021],[-151.769548,-16.466952],[-151.770721,-16.464178],[-151.774429,-16.460707],[-151.777149,-16.460019]]],[[[-151.771878,-16.452432],[-151.771187,-16.455334],[-151.768775,-16.456364],[-151.769,-16.454047],[-151.771878,-16.452432]]],[[[-151.819362,-16.289468],[-151.822287,-16.287137],[-151.823146,-16.282636],[-151.822594,-16.281264],[-151.822372,-16.27708],[-151.82285,-16.274472],[-151.822153,-16.271317],[-151.822446,-16.266568],[-151.824679,-16.267108],[-151.824835,-16.270162],[-151.826431,-16.278429],[-151.827524,-16.282671],[-151.827517,-16.286439],[-151.826147,-16.290669],[-151.824362,-16.294621],[-151.821988,-16.298352],[-151.818166,-16.30174],[-151.816453,-16.30268],[-151.813101,-16.302177],[-151.810377,-16.298342],[-151.808711,-16.284792],[-151.807618,-16.279019],[-151.807352,-16.270951],[-151.810078,-16.271404],[-151.81042,-16.277939],[-151.811307,-16.281876],[-151.81223,-16.28278],[-151.812876,-16.286818],[-151.813849,-16.28907],[-151.819362,-16.289468]]],[[[-151.807322,-16.263841],[-151.809584,-16.264723],[-151.809144,-16.26712],[-151.810639,-16.268558],[-151.80826,-16.269579],[-151.807121,-16.269003],[-151.805965,-16.265505],[-151.807322,-16.263841]]],[[[-151.804183,-16.261831],[-151.804263,-16.25944],[-151.806838,-16.26096],[-151.804183,-16.261831]]],[[[-151.808046,-16.236091],[-151.818817,-16.233097],[-151.825657,-16.230959],[-151.828289,-16.230825],[-151.830305,-16.23183],[-151.837259,-16.239652],[-151.838828,-16.242835],[-151.839419,-16.246111],[-151.837752,-16.251997],[-151.835922,-16.260511],[-151.832947,-16.264454],[-151.829377,-16.266649],[-151.826156,-16.264531],[-151.828475,-16.262902],[-151.829227,-16.260138],[-151.831078,-16.257515],[-151.832103,-16.252468],[-151.832099,-16.250029],[-151.831062,-16.245884],[-151.829057,-16.24163],[-151.826616,-16.237941],[-151.824782,-16.236559],[-151.821687,-16.235685],[-151.81764,-16.236564],[-151.815619,-16.238299],[-151.810401,-16.239389],[-151.806662,-16.240904],[-151.803891,-16.242602],[-151.801821,-16.244662],[-151.801015,-16.246907],[-151.800881,-16.250547],[-151.802867,-16.256165],[-151.801564,-16.257354],[-151.798263,-16.254756],[-151.79567,-16.253768],[-151.79208,-16.254149],[-151.786245,-16.256879],[-151.783401,-16.255962],[-151.783456,-16.254124],[-151.78653,-16.25051],[-151.795186,-16.244153],[-151.796832,-16.242584],[-151.802085,-16.239087],[-151.808046,-16.236091]]],[[[-151.767837,-16.505999],[-151.769204,-16.506595],[-151.768004,-16.509796],[-151.767785,-16.513324],[-151.77023,-16.516201],[-151.771789,-16.519923],[-151.771614,-16.522368],[-151.769412,-16.525137],[-151.770165,-16.528475],[-151.765264,-16.530148],[-151.762964,-16.528374],[-151.76447,-16.520431],[-151.765093,-16.519092],[-151.765402,-16.513277],[-151.764937,-16.510962],[-151.764979,-16.50648],[-151.767837,-16.505999]]],[[[-151.757144,-16.486987],[-151.759828,-16.487197],[-151.758579,-16.490909],[-151.75958,-16.492778],[-151.761638,-16.494373],[-151.760199,-16.497961],[-151.758595,-16.49873],[-151.753679,-16.499415],[-151.751839,-16.500557],[-151.752947,-16.502844],[-151.752959,-16.506499],[-151.751011,-16.507737],[-151.750688,-16.510041],[-151.748347,-16.511381],[-151.743351,-16.516049],[-151.741419,-16.516227],[-151.738315,-16.514567],[-151.734369,-16.516149],[-151.735012,-16.518374],[-151.732765,-16.518795],[-151.732878,-16.521426],[-151.735918,-16.523726],[-151.740392,-16.528152],[-151.742916,-16.529337],[-151.744968,-16.529375],[-151.746251,-16.530555],[-151.747131,-16.537046],[-151.743746,-16.535475],[-151.741004,-16.535756],[-151.738596,-16.539054],[-151.738356,-16.540696],[-151.736258,-16.542989],[-151.73587,-16.536794],[-151.734859,-16.533838],[-151.733125,-16.532063],[-151.72997,-16.532106],[-151.728392,-16.528424],[-151.72471,-16.527308],[-151.725399,-16.525087],[-151.725212,-16.522798],[-151.723958,-16.520742],[-151.720556,-16.518774],[-151.720329,-16.51754],[-151.720943,-16.512241],[-151.722136,-16.511127],[-151.722798,-16.508809],[-151.72194,-16.505933],[-151.720586,-16.504367],[-151.721284,-16.499284],[-151.720845,-16.497438],[-151.72241,-16.493737],[-151.724739,-16.492244],[-151.724139,-16.490086],[-151.722708,-16.48972],[-151.718742,-16.490847],[-151.71435,-16.491087],[-151.714448,-16.489559],[-151.719269,-16.487914],[-151.719896,-16.485582],[-151.717846,-16.483389],[-151.722774,-16.478903],[-151.727807,-16.480125],[-151.732577,-16.480101],[-151.734838,-16.474472],[-151.737137,-16.476402],[-151.739365,-16.475718],[-151.740569,-16.4734],[-151.743912,-16.473201],[-151.745473,-16.469419],[-151.7439,-16.463645],[-151.746742,-16.465304],[-151.750049,-16.46551],[-151.753873,-16.466865],[-151.755541,-16.47021],[-151.759106,-16.469741],[-151.760933,-16.470261],[-151.763393,-16.472712],[-151.763598,-16.473964],[-151.761336,-16.475896],[-151.756252,-16.477656],[-151.750966,-16.480407],[-151.746511,-16.485524],[-151.74414,-16.485866],[-151.743776,-16.488034],[-151.747998,-16.490468],[-151.750247,-16.492444],[-151.75255,-16.491236],[-151.755143,-16.488066],[-151.757144,-16.486987]]],[[[-151.757773,-16.437806],[-151.759419,-16.43788],[-151.762131,-16.439812],[-151.761208,-16.444526],[-151.758422,-16.44711],[-151.755651,-16.447098],[-151.752497,-16.446125],[-151.7471,-16.448868],[-151.743297,-16.450209],[-151.741405,-16.449822],[-151.739049,-16.450772],[-151.737868,-16.450235],[-151.734354,-16.45054],[-151.73256,-16.451256],[-151.7211,-16.46205],[-151.716082,-16.465354],[-151.714469,-16.463404],[-151.719277,-16.459856],[-151.72619,-16.453696],[-151.730736,-16.449042],[-151.733014,-16.44754],[-151.736463,-16.446802],[-151.740102,-16.447335],[-151.744103,-16.447145],[-151.748965,-16.44492],[-151.752348,-16.441626],[-151.757773,-16.437806]]],[[[-151.768936,-16.447692],[-151.770763,-16.450029],[-151.768561,-16.45238],[-151.766248,-16.452864],[-151.764749,-16.450392],[-151.767375,-16.449182],[-151.768936,-16.447692]]],[[[-151.765191,-16.443094],[-151.765675,-16.444127],[-151.764386,-16.446266],[-151.763191,-16.445696],[-151.765191,-16.443094]]],[[[-151.700797,-16.497131],[-151.702693,-16.499453],[-151.701993,-16.500406],[-151.703022,-16.506971],[-151.70332,-16.516072],[-151.705253,-16.521169],[-151.70441,-16.524463],[-151.701192,-16.528874],[-151.699198,-16.534373],[-151.699556,-16.537186],[-151.702149,-16.539545],[-151.705946,-16.540859],[-151.707756,-16.542758],[-151.70622,-16.544631],[-151.703138,-16.544611],[-151.699915,-16.543884],[-151.698667,-16.545118],[-151.69536,-16.544431],[-151.694365,-16.541268],[-151.695287,-16.539044],[-151.697156,-16.531723],[-151.700266,-16.522428],[-151.701233,-16.517452],[-151.701285,-16.509812],[-151.700699,-16.504923],[-151.699761,-16.500809],[-151.698585,-16.497919],[-151.700797,-16.497131]]],[[[-151.69629,-16.487726],[-151.697785,-16.49137],[-151.700122,-16.492876],[-151.70025,-16.493907],[-151.697427,-16.495614],[-151.695694,-16.492336],[-151.69435,-16.488693],[-151.69629,-16.487726]]],[[[-151.712652,-16.464865],[-151.71428,-16.463577],[-151.71574,-16.466209],[-151.713674,-16.468379],[-151.708837,-16.47095],[-151.708103,-16.472678],[-151.705184,-16.473137],[-151.705552,-16.474338],[-151.700934,-16.475893],[-151.698017,-16.477432],[-151.69654,-16.479244],[-151.694259,-16.480091],[-151.693649,-16.481506],[-151.694516,-16.48517],[-151.693392,-16.486649],[-151.691682,-16.483962],[-151.690699,-16.480734],[-151.692408,-16.477473],[-151.695379,-16.475444],[-151.701652,-16.472488],[-151.704794,-16.47059],[-151.712652,-16.464865]]],[[[-146.363767,-16.116188],[-146.369568,-16.117223],[-146.374437,-16.120191],[-146.379124,-16.124525],[-146.385031,-16.130618],[-146.388972,-16.134239],[-146.392458,-16.136444],[-146.396906,-16.140846],[-146.398304,-16.145528],[-146.398261,-16.147932],[-146.397106,-16.150534],[-146.393732,-16.155633],[-146.390223,-16.162599],[-146.389333,-16.165072],[-146.385593,-16.171029],[-146.381886,-16.175241],[-146.379147,-16.179039],[-146.374762,-16.18427],[-146.371503,-16.187662],[-146.367426,-16.189345],[-146.360546,-16.189507],[-146.355554,-16.188824],[-146.354056,-16.189004],[-146.341064,-16.186685],[-146.339174,-16.186828],[-146.324553,-16.186094],[-146.318754,-16.184971],[-146.316023,-16.182034],[-146.313814,-16.178188],[-146.312554,-16.17339],[-146.311933,-16.164246],[-146.31244,-16.159095],[-146.314301,-16.154321],[-146.316975,-16.149841],[-146.325066,-16.13914],[-146.327673,-16.136572],[-146.334149,-16.128313],[-146.337248,-16.12546],[-146.344473,-16.120589],[-146.347753,-16.118843],[-146.350505,-16.118193],[-146.356048,-16.117738],[-146.360666,-16.116074],[-146.363767,-16.116188]],[[-146.365091,-16.12443],[-146.361952,-16.121989],[-146.35914,-16.122738],[-146.357379,-16.12243],[-146.353065,-16.123735],[-146.351498,-16.12371],[-146.346747,-16.125909],[-146.345636,-16.127229],[-146.343281,-16.127942],[-146.341876,-16.130084],[-146.341565,-16.135746],[-146.340442,-16.137549],[-146.338507,-16.138913],[-146.334589,-16.139637],[-146.331326,-16.14191],[-146.33051,-16.145691],[-146.328802,-16.148842],[-146.328255,-16.152865],[-146.327472,-16.154508],[-146.327226,-16.158455],[-146.331682,-16.163978],[-146.331965,-16.1668],[-146.33515,-16.173802],[-146.336865,-16.176461],[-146.339072,-16.178307],[-146.345526,-16.181251],[-146.351265,-16.182575],[-146.360189,-16.182324],[-146.365569,-16.180877],[-146.369695,-16.18019],[-146.373223,-16.177165],[-146.375654,-16.176412],[-146.377372,-16.173508],[-146.378715,-16.168469],[-146.380369,-16.167638],[-146.381754,-16.165518],[-146.384491,-16.165049],[-146.386537,-16.163199],[-146.389628,-16.156524],[-146.38963,-16.154318],[-146.388023,-16.147543],[-146.385348,-16.138965],[-146.383253,-16.133276],[-146.380213,-16.129973],[-146.37697,-16.127394],[-146.372465,-16.125457],[-146.366169,-16.123838],[-146.365091,-16.12443]]],[[[-145.915653,-16.016306],[-145.919024,-16.016178],[-145.915639,-16.020375],[-145.914669,-16.0195],[-145.915653,-16.016306]]],[[[-145.904273,-15.886742],[-145.904775,-15.88941],[-145.901331,-15.897089],[-145.898752,-15.898405],[-145.904273,-15.886742]]],[[[-145.953184,-15.846666],[-145.955156,-15.847959],[-145.949208,-15.850103],[-145.9455,-15.854644],[-145.944107,-15.855712],[-145.941608,-15.859788],[-145.939809,-15.85976],[-145.925723,-15.869868],[-145.925135,-15.873062],[-145.923252,-15.874372],[-145.921236,-15.872738],[-145.914232,-15.875191],[-145.911125,-15.879436],[-145.910107,-15.8815],[-145.906634,-15.885454],[-145.905621,-15.883484],[-145.909171,-15.877555],[-145.912872,-15.873047],[-145.917957,-15.870187],[-145.920609,-15.869564],[-145.921938,-15.86843],[-145.928161,-15.864567],[-145.932632,-15.862579],[-145.940717,-15.857017],[-145.945804,-15.851271],[-145.947368,-15.849048],[-145.951147,-15.846693],[-145.953184,-15.846666]]],[[[-146.207268,-15.858261],[-146.209242,-15.858165],[-146.210419,-15.860374],[-146.208283,-15.860697],[-146.207268,-15.858261]]],[[[-146.196562,-15.843316],[-146.199693,-15.843563],[-146.203223,-15.847049],[-146.204145,-15.847291],[-146.207306,-15.851771],[-146.208548,-15.856003],[-146.208145,-15.856932],[-146.20524,-15.856264],[-146.20176,-15.853225],[-146.199282,-15.850346],[-146.199864,-15.848316],[-146.198336,-15.84692],[-146.19649,-15.846554],[-146.195664,-15.844611],[-146.196562,-15.843316]]],[[[-145.955079,-15.845242],[-145.957501,-15.844891],[-145.958194,-15.846839],[-145.956894,-15.848354],[-145.955515,-15.847213],[-145.955079,-15.845242]]],[[[-145.965561,-15.841148],[-145.967219,-15.841065],[-145.968341,-15.842418],[-145.965863,-15.843327],[-145.963501,-15.846035],[-145.961695,-15.845722],[-145.960606,-15.844221],[-145.964819,-15.841169],[-145.965561,-15.841148]]],[[[-145.970715,-15.83933],[-145.971887,-15.840553],[-145.969103,-15.842163],[-145.968581,-15.839632],[-145.970715,-15.83933]]],[[[-146.188959,-15.835359],[-146.193848,-15.838075],[-146.194197,-15.839271],[-146.192184,-15.840906],[-146.188721,-15.836364],[-146.188959,-15.835359]]],[[[-145.977567,-15.835192],[-145.979697,-15.834836],[-145.980878,-15.836828],[-145.97942,-15.838079],[-145.977125,-15.838538],[-145.97615,-15.836927],[-145.977567,-15.835192]]],[[[-145.98236,-15.832772],[-145.983804,-15.835158],[-145.982369,-15.836029],[-145.980795,-15.834131],[-145.98236,-15.832772]]],[[[-145.984385,-15.834031],[-145.983791,-15.831931],[-145.985207,-15.830913],[-145.986958,-15.832601],[-145.984385,-15.834031]]],[[[-146.179421,-15.827268],[-146.184449,-15.829816],[-146.186552,-15.831824],[-146.18461,-15.83358],[-146.182951,-15.832017],[-146.178795,-15.82951],[-146.179421,-15.827268]]],[[[-146.175415,-15.823383],[-146.177789,-15.824985],[-146.176194,-15.826057],[-146.174998,-15.825205],[-146.175415,-15.823383]]],[[[-146.004377,-15.813642],[-146.006263,-15.813086],[-146.007819,-15.815407],[-146.005286,-15.816426],[-146.000314,-15.820473],[-145.997076,-15.824443],[-145.996126,-15.824816],[-145.993021,-15.828539],[-145.987926,-15.832511],[-145.985714,-15.830937],[-145.986043,-15.829951],[-145.990388,-15.827574],[-145.995714,-15.822162],[-146.000929,-15.81736],[-146.004377,-15.813642]]],[[[-146.170239,-15.818207],[-146.174004,-15.821534],[-146.172443,-15.822504],[-146.168971,-15.82093],[-146.170239,-15.818207]]],[[[-146.15834,-15.811068],[-146.160977,-15.809409],[-146.164454,-15.812553],[-146.162787,-15.814583],[-146.15834,-15.811068]]],[[[-146.024279,-15.804086],[-146.025795,-15.805784],[-146.013087,-15.8116],[-146.00889,-15.814598],[-146.007594,-15.812304],[-146.013924,-15.808756],[-146.015389,-15.808507],[-146.019279,-15.806016],[-146.024279,-15.804086]]],[[[-146.046083,-15.80196],[-146.048893,-15.802149],[-146.049387,-15.80418],[-146.042669,-15.80368],[-146.035987,-15.804266],[-146.035476,-15.803066],[-146.039489,-15.801914],[-146.046083,-15.80196]]],[[[-146.080874,-15.794526],[-146.082477,-15.794276],[-146.08326,-15.796166],[-146.078483,-15.797861],[-146.076064,-15.79949],[-146.073463,-15.800329],[-146.072763,-15.79874],[-146.076731,-15.796246],[-146.080874,-15.794526]]],[[[-146.140959,-15.792472],[-146.142597,-15.791782],[-146.153571,-15.79969],[-146.14944,-15.802744],[-146.146458,-15.800168],[-146.144732,-15.796194],[-146.140959,-15.792472]]],[[[-146.114131,-15.785351],[-146.116613,-15.786743],[-146.112699,-15.787397],[-146.114131,-15.785351]]],[[[-145.809191,-16.124434],[-145.81081,-16.122733],[-145.815014,-16.126095],[-145.81759,-16.131071],[-145.819012,-16.135349],[-145.818997,-16.136893],[-145.816735,-16.13717],[-145.815553,-16.13472],[-145.813384,-16.132503],[-145.812311,-16.133535],[-145.808113,-16.125739],[-145.809191,-16.124434]]],[[[-145.74366,-16.093616],[-145.74422,-16.092096],[-145.746677,-16.092664],[-145.754819,-16.095571],[-145.771205,-16.101024],[-145.774065,-16.102182],[-145.786493,-16.105673],[-145.79569,-16.108894],[-145.800202,-16.111493],[-145.805886,-16.118604],[-145.809477,-16.122018],[-145.80593,-16.124902],[-145.803209,-16.121513],[-145.799864,-16.119531],[-145.797988,-16.119653],[-145.795679,-16.116345],[-145.793154,-16.114437],[-145.786873,-16.112047],[-145.783438,-16.111485],[-145.779166,-16.10835],[-145.778547,-16.106744],[-145.77605,-16.106384],[-145.768014,-16.103104],[-145.763267,-16.102169],[-145.758337,-16.099318],[-145.753162,-16.097785],[-145.74366,-16.093616]]],[[[-145.733464,-16.089839],[-145.734483,-16.088486],[-145.736899,-16.089743],[-145.736089,-16.090989],[-145.733464,-16.089839]]],[[[-145.724247,-16.084911],[-145.727515,-16.085164],[-145.729232,-16.086569],[-145.728738,-16.087725],[-145.724247,-16.084911]]],[[[-145.703337,-16.076747],[-145.700518,-16.074751],[-145.702073,-16.073534],[-145.705479,-16.076729],[-145.708656,-16.078816],[-145.706862,-16.07944],[-145.703337,-16.076747]]],[[[-145.870554,-15.948719],[-145.872793,-15.949055],[-145.867242,-15.954581],[-145.867233,-15.955686],[-145.864679,-15.958056],[-145.865538,-15.96188],[-145.867364,-15.964541],[-145.867052,-15.966265],[-145.864709,-15.966971],[-145.861998,-15.966406],[-145.860419,-15.965122],[-145.859816,-15.961727],[-145.862549,-15.956301],[-145.86543,-15.953087],[-145.870554,-15.948719]]],[[[-145.887296,-15.928026],[-145.886365,-15.929576],[-145.880533,-15.942363],[-145.878741,-15.943453],[-145.874573,-15.947449],[-145.873066,-15.945868],[-145.879136,-15.93943],[-145.882125,-15.93444],[-145.885439,-15.927805],[-145.887296,-15.928026]]],[[[-145.538182,-16.268168],[-145.541555,-16.261605],[-145.543599,-16.256084],[-145.545131,-16.253644],[-145.546559,-16.247443],[-145.548724,-16.242348],[-145.551144,-16.239108],[-145.552109,-16.236793],[-145.554035,-16.229114],[-145.554716,-16.220783],[-145.557583,-16.20876],[-145.559498,-16.205786],[-145.562873,-16.194229],[-145.564103,-16.190768],[-145.565803,-16.188233],[-145.566049,-16.18529],[-145.567809,-16.181675],[-145.57033,-16.173472],[-145.571577,-16.167294],[-145.572174,-16.160296],[-145.573871,-16.155477],[-145.575907,-16.152678],[-145.579793,-16.148302],[-145.587199,-16.141625],[-145.588343,-16.13968],[-145.591078,-16.136784],[-145.592958,-16.134067],[-145.598254,-16.124103],[-145.603454,-16.108622],[-145.606633,-16.102763],[-145.60685,-16.101631],[-145.610215,-16.093637],[-145.611465,-16.087758],[-145.612418,-16.075841],[-145.612092,-16.072372],[-145.613512,-16.065491],[-145.61515,-16.061259],[-145.616505,-16.0565],[-145.618026,-16.052901],[-145.620153,-16.050574],[-145.622296,-16.049377],[-145.627179,-16.048402],[-145.636255,-16.048415],[-145.64032,-16.048046],[-145.649137,-16.050351],[-145.655104,-16.052684],[-145.660772,-16.055474],[-145.666565,-16.057309],[-145.6677,-16.058593],[-145.673083,-16.059942],[-145.674784,-16.061031],[-145.678828,-16.061884],[-145.687135,-16.064419],[-145.695944,-16.068653],[-145.700009,-16.072291],[-145.700233,-16.074443],[-145.694437,-16.07129],[-145.69105,-16.068431],[-145.685471,-16.066511],[-145.657508,-16.055391],[-145.64863,-16.052342],[-145.64119,-16.050775],[-145.631971,-16.050378],[-145.626629,-16.051166],[-145.622431,-16.053086],[-145.618683,-16.058212],[-145.617154,-16.062119],[-145.615065,-16.071805],[-145.614518,-16.08021],[-145.614891,-16.085838],[-145.611112,-16.098326],[-145.60664,-16.107649],[-145.605526,-16.114062],[-145.604065,-16.115902],[-145.603209,-16.11939],[-145.602274,-16.120193],[-145.600905,-16.124577],[-145.600012,-16.13112],[-145.597529,-16.131622],[-145.594043,-16.135977],[-145.591026,-16.140652],[-145.588948,-16.142286],[-145.583558,-16.147577],[-145.581744,-16.150617],[-145.578827,-16.15343],[-145.578963,-16.156415],[-145.576698,-16.157629],[-145.575713,-16.15922],[-145.574457,-16.164248],[-145.574034,-16.170033],[-145.571344,-16.180073],[-145.569691,-16.182644],[-145.567697,-16.187085],[-145.564221,-16.196774],[-145.564924,-16.199696],[-145.562,-16.20388],[-145.56001,-16.208663],[-145.556887,-16.218052],[-145.556087,-16.224855],[-145.556074,-16.231513],[-145.557511,-16.233933],[-145.55573,-16.235353],[-145.555014,-16.237843],[-145.553622,-16.23904],[-145.550826,-16.24317],[-145.548188,-16.248436],[-145.546969,-16.251643],[-145.546978,-16.253958],[-145.545596,-16.258981],[-145.546395,-16.261403],[-145.544866,-16.263863],[-145.54126,-16.267716],[-145.539304,-16.272022],[-145.539027,-16.275287],[-145.534938,-16.277722],[-145.533937,-16.277608],[-145.529483,-16.279754],[-145.526123,-16.283515],[-145.524802,-16.283053],[-145.520047,-16.283797],[-145.515724,-16.285936],[-145.511593,-16.288567],[-145.508727,-16.289903],[-145.504924,-16.292902],[-145.502974,-16.295705],[-145.501602,-16.298979],[-145.501319,-16.302182],[-145.499409,-16.305897],[-145.499226,-16.310146],[-145.49835,-16.314326],[-145.496982,-16.313746],[-145.496984,-16.309784],[-145.497598,-16.303642],[-145.499297,-16.297626],[-145.501918,-16.291661],[-145.504758,-16.28927],[-145.511667,-16.286399],[-145.51485,-16.284688],[-145.522073,-16.281426],[-145.527321,-16.278567],[-145.533679,-16.27372],[-145.538182,-16.268168]]],[[[-145.58687,-15.504359],[-145.58986,-15.505428],[-145.588163,-15.509554],[-145.586665,-15.51008],[-145.58602,-15.505662],[-145.58687,-15.504359]]],[[[-145.58287,-15.493319],[-145.584529,-15.49276],[-145.585758,-15.494017],[-145.587331,-15.498139],[-145.586669,-15.500185],[-145.585205,-15.500796],[-145.582918,-15.494921],[-145.58287,-15.493319]]],[[[-145.579377,-15.486813],[-145.581328,-15.48661],[-145.582221,-15.488059],[-145.580329,-15.48926],[-145.579377,-15.486813]]],[[[-145.552588,-15.457397],[-145.556857,-15.45725],[-145.558978,-15.458873],[-145.561154,-15.459068],[-145.563532,-15.461231],[-145.561864,-15.462996],[-145.557733,-15.461039],[-145.55315,-15.460555],[-145.550366,-15.461106],[-145.543797,-15.46401],[-145.539264,-15.467456],[-145.536477,-15.470193],[-145.532446,-15.47196],[-145.529633,-15.473925],[-145.519531,-15.477448],[-145.518131,-15.47816],[-145.512802,-15.478525],[-145.50917,-15.4798],[-145.507861,-15.479578],[-145.503441,-15.480324],[-145.496116,-15.482807],[-145.491073,-15.483541],[-145.481865,-15.485689],[-145.48059,-15.485436],[-145.475859,-15.486318],[-145.473277,-15.486275],[-145.468052,-15.487217],[-145.466438,-15.487076],[-145.46294,-15.488096],[-145.452259,-15.488295],[-145.449148,-15.489241],[-145.445657,-15.489531],[-145.44281,-15.492074],[-145.441768,-15.493893],[-145.441473,-15.498799],[-145.441879,-15.501353],[-145.439057,-15.501194],[-145.437484,-15.498229],[-145.439613,-15.49018],[-145.441312,-15.487674],[-145.447915,-15.485464],[-145.455847,-15.4857],[-145.464092,-15.484474],[-145.466903,-15.484494],[-145.47475,-15.483243],[-145.479698,-15.48321],[-145.489893,-15.481371],[-145.494313,-15.480077],[-145.501225,-15.478509],[-145.504836,-15.477337],[-145.509287,-15.477065],[-145.517238,-15.475483],[-145.526408,-15.47285],[-145.534032,-15.468378],[-145.53776,-15.465812],[-145.542404,-15.46177],[-145.545068,-15.460213],[-145.550246,-15.457961],[-145.552588,-15.457397]]],[[[-145.569714,-15.469827],[-145.571484,-15.468396],[-145.572996,-15.469202],[-145.572457,-15.471103],[-145.570783,-15.471608],[-145.569714,-15.469827]]],[[[-145.567103,-15.466855],[-145.568652,-15.464889],[-145.570493,-15.465884],[-145.570594,-15.468268],[-145.568736,-15.468809],[-145.567103,-15.466855]]],[[[-145.563547,-15.463394],[-145.564258,-15.461348],[-145.566587,-15.462493],[-145.567612,-15.464439],[-145.566309,-15.465668],[-145.563547,-15.463394]]],[[[-145.459316,-16.511533],[-145.461569,-16.512867],[-145.461727,-16.515439],[-145.459467,-16.517133],[-145.457785,-16.516104],[-145.457559,-16.51404],[-145.459316,-16.511533]]],[[[-145.496281,-16.321591],[-145.497263,-16.321789],[-145.495168,-16.329281],[-145.494467,-16.335722],[-145.493494,-16.338213],[-145.493886,-16.340633],[-145.491907,-16.343873],[-145.489885,-16.345871],[-145.486826,-16.350155],[-145.482033,-16.355233],[-145.475125,-16.359907],[-145.470841,-16.363494],[-145.464101,-16.367146],[-145.462471,-16.366263],[-145.463781,-16.363949],[-145.469735,-16.361886],[-145.47614,-16.357515],[-145.481421,-16.353221],[-145.486484,-16.346872],[-145.488775,-16.3432],[-145.490625,-16.339088],[-145.494435,-16.326916],[-145.495104,-16.322834],[-145.496281,-16.321591]]],[[[-145.494142,-15.586713],[-145.495861,-15.586092],[-145.495855,-15.594558],[-145.494937,-15.596243],[-145.495602,-15.600032],[-145.494811,-15.602628],[-145.49469,-15.605874],[-145.495304,-15.608025],[-145.494641,-15.613081],[-145.495186,-15.615369],[-145.494499,-15.616663],[-145.495387,-15.620542],[-145.496948,-15.621858],[-145.500507,-15.623065],[-145.50028,-15.626678],[-145.498108,-15.627312],[-145.495535,-15.626111],[-145.492599,-15.622618],[-145.492124,-15.605529],[-145.493019,-15.602046],[-145.492283,-15.599119],[-145.492821,-15.598197],[-145.494142,-15.586713]]],[[[-145.494475,-15.563725],[-145.495116,-15.564305],[-145.494845,-15.570497],[-145.492511,-15.569441],[-145.493581,-15.564182],[-145.494475,-15.563725]]],[[[-145.494803,-15.552113],[-145.496226,-15.553195],[-145.496708,-15.555915],[-145.498129,-15.558006],[-145.493342,-15.56279],[-145.492564,-15.557338],[-145.494803,-15.552113]]],[[[-145.496887,-15.540558],[-145.496059,-15.542176],[-145.49642,-15.545705],[-145.494706,-15.54497],[-145.494718,-15.540691],[-145.496887,-15.540558]]],[[[-145.494986,-15.537146],[-145.49793,-15.537795],[-145.49624,-15.539498],[-145.493214,-15.538625],[-145.494986,-15.537146]]],[[[-145.368256,-16.435138],[-145.368082,-16.437301],[-145.363848,-16.443925],[-145.36298,-16.446713],[-145.365043,-16.451053],[-145.36454,-16.455862],[-145.361786,-16.45686],[-145.360517,-16.453933],[-145.360461,-16.449566],[-145.361473,-16.445502],[-145.363456,-16.441356],[-145.368256,-16.435138]]],[[[-145.379526,-16.420345],[-145.381061,-16.420331],[-145.377358,-16.426],[-145.372864,-16.43193],[-145.370174,-16.43484],[-145.36959,-16.433598],[-145.37075,-16.43148],[-145.373945,-16.428058],[-145.377833,-16.422203],[-145.379526,-16.420345]]],[[[-145.395168,-16.404776],[-145.397423,-16.4035],[-145.39909,-16.404327],[-145.394059,-16.407593],[-145.388399,-16.412177],[-145.384235,-16.416231],[-145.381824,-16.419391],[-145.381124,-16.417854],[-145.382736,-16.41587],[-145.385865,-16.413218],[-145.389533,-16.409149],[-145.395168,-16.404776]]],[[[-145.431752,-16.376751],[-145.433788,-16.378317],[-145.429574,-16.380111],[-145.424914,-16.383469],[-145.426757,-16.379603],[-145.428891,-16.376993],[-145.431752,-16.376751]]],[[[-145.210824,-15.921378],[-145.212563,-15.922517],[-145.211069,-15.923953],[-145.206609,-15.926469],[-145.204295,-15.928742],[-145.200466,-15.931373],[-145.198419,-15.933819],[-145.193653,-15.937867],[-145.192222,-15.93719],[-145.194876,-15.934583],[-145.196918,-15.933348],[-145.201192,-15.928029],[-145.202583,-15.927551],[-145.205705,-15.923862],[-145.210167,-15.922115],[-145.210824,-15.921378]]],[[[-145.218642,-15.910392],[-145.220571,-15.911986],[-145.220469,-15.913419],[-145.218696,-15.914316],[-145.216753,-15.912887],[-145.218642,-15.910392]]],[[[-145.225499,-15.90752],[-145.227736,-15.909196],[-145.224342,-15.912028],[-145.221609,-15.91244],[-145.221453,-15.910282],[-145.225499,-15.90752]]],[[[-145.229661,-15.905286],[-145.231119,-15.906378],[-145.228428,-15.908635],[-145.228485,-15.905833],[-145.229661,-15.905286]]],[[[-145.254253,-15.880188],[-145.25555,-15.880641],[-145.253857,-15.885506],[-145.251278,-15.88962],[-145.246788,-15.894719],[-145.243304,-15.89919],[-145.237694,-15.904815],[-145.232913,-15.906201],[-145.232549,-15.903424],[-145.234608,-15.901881],[-145.239063,-15.900555],[-145.241733,-15.897738],[-145.241732,-15.896397],[-145.246266,-15.892431],[-145.252287,-15.884866],[-145.254253,-15.880188]]],[[[-145.257804,-15.848699],[-145.259852,-15.84856],[-145.259765,-15.85069],[-145.257803,-15.852797],[-145.257043,-15.849005],[-145.257804,-15.848699]]],[[[-145.255718,-15.845237],[-145.25749,-15.844955],[-145.258295,-15.846765],[-145.256265,-15.8472],[-145.255718,-15.845237]]],[[[-145.249649,-15.829689],[-145.251074,-15.831094],[-145.249293,-15.832843],[-145.248332,-15.830974],[-145.249649,-15.829689]]],[[[-145.245837,-15.825724],[-145.248588,-15.827362],[-145.24933,-15.82868],[-145.247862,-15.831562],[-145.245912,-15.830096],[-145.244733,-15.826968],[-145.245837,-15.825724]]],[[[-145.224465,-15.802719],[-145.228439,-15.805386],[-145.229192,-15.806792],[-145.228229,-15.80897],[-145.223269,-15.804112],[-145.224465,-15.802719]]],[[[-145.217614,-15.799737],[-145.218109,-15.798306],[-145.22057,-15.799679],[-145.219506,-15.801256],[-145.217614,-15.799737]]],[[[-145.197536,-15.791217],[-145.19839,-15.791113],[-145.2049,-15.792756],[-145.204084,-15.79497],[-145.199496,-15.795554],[-145.196471,-15.792741],[-145.197536,-15.791217]]],[[[-145.006382,-16.150995],[-145.010264,-16.149878],[-145.010401,-16.151552],[-145.006382,-16.150995]]],[[[-145.008109,-16.145354],[-145.010214,-16.145689],[-145.010448,-16.149372],[-145.007015,-16.14927],[-145.008109,-16.145354]]],[[[-145.006488,-16.140873],[-145.008736,-16.138554],[-145.009668,-16.139213],[-145.009854,-16.144415],[-145.006806,-16.144426],[-145.006488,-16.140873]]],[[[-145.076843,-15.963273],[-145.075732,-15.961647],[-145.07614,-15.959788],[-145.078627,-15.960944],[-145.076843,-15.963273]]],[[[-145.072243,-15.961439],[-145.072087,-15.958075],[-145.07497,-15.959524],[-145.072243,-15.961439]]],[[[-145.066283,-15.956969],[-145.065895,-15.953844],[-145.068709,-15.955966],[-145.066283,-15.956969]]],[[[-145.175767,-15.952709],[-145.177805,-15.952335],[-145.174889,-15.956488],[-145.172345,-15.956585],[-145.175767,-15.952709]]],[[[-145.060022,-15.949309],[-145.062665,-15.950887],[-145.061057,-15.952877],[-145.059719,-15.952057],[-145.060022,-15.949309]]],[[[-145.189757,-15.939206],[-145.190294,-15.940664],[-145.184672,-15.946202],[-145.181929,-15.948378],[-145.180356,-15.947142],[-145.184181,-15.944198],[-145.185305,-15.942579],[-145.189757,-15.939206]]],[[[-145.124819,-15.78262],[-145.119911,-15.784684],[-145.116503,-15.785726],[-145.112875,-15.78757],[-145.108948,-15.790904],[-145.105251,-15.797296],[-145.102632,-15.805539],[-145.102205,-15.809102],[-145.102381,-15.812483],[-145.104668,-15.819071],[-145.105989,-15.820572],[-145.106353,-15.822521],[-145.10801,-15.824347],[-145.109528,-15.824265],[-145.112609,-15.827943],[-145.115865,-15.829987],[-145.114617,-15.831984],[-145.112735,-15.833025],[-145.108715,-15.831445],[-145.105972,-15.831698],[-145.104194,-15.833539],[-145.101056,-15.841115],[-145.100065,-15.846005],[-145.097315,-15.852997],[-145.091776,-15.861996],[-145.089104,-15.864117],[-145.082088,-15.871273],[-145.080879,-15.873212],[-145.078,-15.876163],[-145.074523,-15.880455],[-145.072999,-15.88403],[-145.06791,-15.88687],[-145.065363,-15.890542],[-145.062969,-15.894878],[-145.061422,-15.898472],[-145.060043,-15.900376],[-145.058829,-15.90529],[-145.057909,-15.906885],[-145.057375,-15.910736],[-145.054958,-15.918957],[-145.055278,-15.921282],[-145.05465,-15.925766],[-145.053713,-15.928279],[-145.053963,-15.931386],[-145.053313,-15.932645],[-145.054342,-15.940083],[-145.055904,-15.943088],[-145.058959,-15.946743],[-145.057006,-15.949808],[-145.054139,-15.946418],[-145.052646,-15.942986],[-145.051066,-15.936116],[-145.050766,-15.932284],[-145.051718,-15.927894],[-145.052135,-15.920394],[-145.05311,-15.916873],[-145.055553,-15.905501],[-145.057218,-15.900918],[-145.060875,-15.893146],[-145.063548,-15.888428],[-145.06606,-15.884772],[-145.072476,-15.878926],[-145.07608,-15.87478],[-145.080074,-15.869127],[-145.084653,-15.864867],[-145.090082,-15.859268],[-145.093012,-15.85454],[-145.096163,-15.84633],[-145.097766,-15.841064],[-145.101897,-15.833451],[-145.103078,-15.829481],[-145.103446,-15.825821],[-145.103264,-15.821987],[-145.100279,-15.814311],[-145.099501,-15.807547],[-145.10003,-15.803686],[-145.102613,-15.795747],[-145.105857,-15.788873],[-145.107523,-15.7869],[-145.110676,-15.784517],[-145.114616,-15.782995],[-145.117726,-15.782424],[-145.123058,-15.780253],[-145.131789,-15.778115],[-145.13459,-15.777803],[-145.136322,-15.779008],[-145.134977,-15.780554],[-145.124819,-15.78262]]],[[[-145.165773,-15.781332],[-145.167474,-15.779962],[-145.171326,-15.780941],[-145.171809,-15.783365],[-145.166464,-15.781976],[-145.165773,-15.781332]]],[[[-145.151863,-15.778265],[-145.152806,-15.77708],[-145.155881,-15.777352],[-145.159387,-15.779123],[-145.158596,-15.780558],[-145.15228,-15.779267],[-145.151863,-15.778265]]],[[[-145.144742,-15.775616],[-145.149517,-15.77607],[-145.150173,-15.779158],[-145.146627,-15.780086],[-145.141445,-15.779053],[-145.137457,-15.779586],[-145.137437,-15.777441],[-145.144742,-15.775616]]],[[[-144.982423,-16.106907],[-144.985272,-16.106527],[-144.990843,-16.110157],[-144.99697,-16.113097],[-145.002861,-16.116895],[-145.005966,-16.120134],[-145.008022,-16.125333],[-145.009131,-16.134197],[-145.0061,-16.134248],[-145.005406,-16.131471],[-145.004685,-16.125661],[-145.003482,-16.122837],[-144.999861,-16.117485],[-144.995038,-16.1148],[-144.991637,-16.11346],[-144.988103,-16.110631],[-144.985681,-16.109451],[-144.982423,-16.106907]]],[[[-144.959814,-16.093898],[-144.963253,-16.093913],[-144.969952,-16.097451],[-144.976865,-16.101875],[-144.980184,-16.103306],[-144.982553,-16.105584],[-144.980765,-16.106059],[-144.972798,-16.102441],[-144.968649,-16.100985],[-144.967921,-16.099411],[-144.961172,-16.096355],[-144.959814,-16.093898]]],[[[-144.949451,-16.090156],[-144.949967,-16.088087],[-144.95627,-16.091072],[-144.954715,-16.092471],[-144.949451,-16.090156]]],[[[-144.891197,-16.087434],[-144.890745,-16.089644],[-144.888842,-16.089765],[-144.887374,-16.091041],[-144.883663,-16.092471],[-144.88224,-16.091102],[-144.885375,-16.089462],[-144.891197,-16.087434]]],[[[-144.926133,-16.084608],[-144.927008,-16.083256],[-144.928951,-16.083136],[-144.932169,-16.084165],[-144.935943,-16.084403],[-144.939569,-16.085567],[-144.945224,-16.086383],[-144.948475,-16.087677],[-144.947822,-16.089776],[-144.94355,-16.088085],[-144.938271,-16.086749],[-144.927115,-16.085439],[-144.926133,-16.084608]]],[[[-144.921411,-16.083044],[-144.92605,-16.083168],[-144.924599,-16.085248],[-144.921161,-16.084954],[-144.91556,-16.085102],[-144.908781,-16.086461],[-144.909742,-16.083994],[-144.914988,-16.083193],[-144.921411,-16.083044]]],[[[-144.828436,-16.271057],[-144.830316,-16.270333],[-144.83225,-16.273645],[-144.831084,-16.275492],[-144.829751,-16.274379],[-144.828436,-16.271057]]],[[[-144.827384,-16.265976],[-144.828228,-16.268139],[-144.826266,-16.268584],[-144.825393,-16.266877],[-144.827384,-16.265976]]],[[[-144.825137,-16.262415],[-144.826671,-16.262353],[-144.827944,-16.264729],[-144.825452,-16.265879],[-144.825137,-16.262415]]],[[[-144.829148,-16.114088],[-144.830823,-16.113914],[-144.830566,-16.116272],[-144.828137,-16.117707],[-144.823811,-16.121731],[-144.819311,-16.12454],[-144.816473,-16.127815],[-144.812478,-16.130334],[-144.810315,-16.132392],[-144.806339,-16.134725],[-144.802181,-16.138616],[-144.799573,-16.142028],[-144.795449,-16.146459],[-144.790906,-16.152533],[-144.789268,-16.155794],[-144.788458,-16.159557],[-144.785397,-16.157229],[-144.785715,-16.155639],[-144.787752,-16.152269],[-144.791447,-16.148461],[-144.794205,-16.143084],[-144.795711,-16.141045],[-144.797705,-16.139756],[-144.800138,-16.136879],[-144.802099,-16.135916],[-144.810269,-16.128486],[-144.813367,-16.127169],[-144.816002,-16.125104],[-144.820332,-16.119272],[-144.829148,-16.114088]]],[[[-144.833098,-16.111869],[-144.834812,-16.113064],[-144.832925,-16.114477],[-144.831549,-16.112575],[-144.833098,-16.111869]]],[[[-144.836583,-16.11024],[-144.839468,-16.108752],[-144.840007,-16.110202],[-144.837698,-16.111758],[-144.836583,-16.11024]]],[[[-144.872839,-16.095262],[-144.874809,-16.095811],[-144.871418,-16.097913],[-144.868763,-16.098645],[-144.869205,-16.096673],[-144.872839,-16.095262]]],[[[-144.776381,-16.199234],[-144.777222,-16.197874],[-144.779521,-16.198167],[-144.779602,-16.200136],[-144.781093,-16.202869],[-144.77742,-16.20575],[-144.77602,-16.203752],[-144.775802,-16.201004],[-144.776381,-16.199234]]],[[[-144.780326,-16.182764],[-144.782925,-16.182472],[-144.782215,-16.185538],[-144.780285,-16.184512],[-144.780326,-16.182764]]],[[[-144.781343,-16.178706],[-144.783618,-16.178784],[-144.783244,-16.181696],[-144.780744,-16.18016],[-144.781343,-16.178706]]],[[[-144.785453,-16.160316],[-144.786336,-16.15919],[-144.788435,-16.159826],[-144.788092,-16.164158],[-144.785649,-16.163435],[-144.785453,-16.160316]]],[[[-144.619754,-15.761214],[-144.619229,-15.759601],[-144.625499,-15.761148],[-144.624711,-15.762517],[-144.620937,-15.762783],[-144.619754,-15.761214]]],[[[-144.641999,-15.721017],[-144.646354,-15.720744],[-144.648544,-15.722382],[-144.652143,-15.729848],[-144.653342,-15.733615],[-144.653633,-15.740069],[-144.652204,-15.7465],[-144.650496,-15.749673],[-144.647039,-15.754024],[-144.642898,-15.758105],[-144.639706,-15.760303],[-144.636342,-15.763261],[-144.634503,-15.763864],[-144.630176,-15.763183],[-144.632025,-15.761751],[-144.636571,-15.761474],[-144.638937,-15.759049],[-144.64439,-15.755577],[-144.648037,-15.750715],[-144.650952,-15.744818],[-144.651623,-15.741408],[-144.651129,-15.736207],[-144.648961,-15.730882],[-144.645189,-15.725783],[-144.642481,-15.723837],[-144.640531,-15.724159],[-144.634126,-15.72647],[-144.624982,-15.73327],[-144.620156,-15.738308],[-144.614422,-15.745037],[-144.612421,-15.748328],[-144.612092,-15.752569],[-144.615427,-15.756439],[-144.613987,-15.757749],[-144.609661,-15.755678],[-144.608892,-15.75471],[-144.609025,-15.750782],[-144.610347,-15.746362],[-144.611563,-15.744466],[-144.615241,-15.740776],[-144.619335,-15.735795],[-144.62354,-15.731302],[-144.629818,-15.726403],[-144.633907,-15.72395],[-144.641999,-15.721017]]],[[[-140.867612,-15.837354],[-140.869216,-15.839206],[-140.867621,-15.840599],[-140.865947,-15.838201],[-140.867612,-15.837354]]],[[[-140.883629,-15.833586],[-140.886265,-15.834517],[-140.884156,-15.837538],[-140.883629,-15.833586]]],[[[-140.901177,-15.821444],[-140.902145,-15.823241],[-140.902006,-15.826729],[-140.896976,-15.83142],[-140.894468,-15.832888],[-140.894215,-15.830812],[-140.891742,-15.829842],[-140.892213,-15.825002],[-140.896395,-15.824398],[-140.897658,-15.822475],[-140.899982,-15.821215],[-140.901177,-15.821444]]],[[[-140.855394,-15.811534],[-140.857686,-15.811544],[-140.863251,-15.812773],[-140.874149,-15.816142],[-140.87789,-15.817899],[-140.881091,-15.818005],[-140.885122,-15.819183],[-140.889904,-15.819618],[-140.897215,-15.819549],[-140.899995,-15.820138],[-140.899814,-15.821219],[-140.897621,-15.822434],[-140.896355,-15.824359],[-140.890205,-15.825115],[-140.888339,-15.822879],[-140.885513,-15.822222],[-140.883634,-15.822688],[-140.8827,-15.821514],[-140.88015,-15.821119],[-140.878869,-15.822186],[-140.876585,-15.821632],[-140.874459,-15.819536],[-140.873149,-15.820491],[-140.867469,-15.817386],[-140.865209,-15.817548],[-140.861433,-15.814818],[-140.857294,-15.814392],[-140.855654,-15.815485],[-140.853136,-15.813621],[-140.855394,-15.811534]]],[[[-140.862037,-15.834052],[-140.865273,-15.835012],[-140.865481,-15.838038],[-140.86363,-15.839655],[-140.860521,-15.838839],[-140.859882,-15.836233],[-140.862037,-15.834052]]],[[[-140.83972,-15.802397],[-140.845203,-15.80338],[-140.850325,-15.806875],[-140.85139,-15.809591],[-140.848818,-15.81188],[-140.846469,-15.807324],[-140.843067,-15.805663],[-140.841708,-15.804403],[-140.839148,-15.804199],[-140.83703,-15.806124],[-140.835046,-15.810961],[-140.832694,-15.813519],[-140.834214,-15.815868],[-140.833264,-15.816664],[-140.835202,-15.821321],[-140.836821,-15.821618],[-140.837569,-15.824936],[-140.839812,-15.823239],[-140.844371,-15.827212],[-140.849571,-15.829705],[-140.854832,-15.833126],[-140.857669,-15.833721],[-140.858677,-15.836168],[-140.855169,-15.837653],[-140.850694,-15.835306],[-140.850116,-15.833681],[-140.847433,-15.834286],[-140.841238,-15.830029],[-140.834759,-15.821683],[-140.8333,-15.818145],[-140.831746,-15.811164],[-140.832862,-15.806356],[-140.836136,-15.802974],[-140.83972,-15.802397]]],[[[-140.139642,-16.001238],[-140.140723,-16.002795],[-140.139952,-16.004627],[-140.140362,-16.00658],[-140.137159,-16.00637],[-140.13843,-16.003653],[-140.137754,-16.001721],[-140.139642,-16.001238]]],[[[-140.130933,-16.000907],[-140.132905,-16.00108],[-140.132781,-16.003238],[-140.131216,-16.003734],[-140.130715,-16.005501],[-140.128651,-16.004397],[-140.130933,-16.000907]]],[[[-140.124062,-16.000502],[-140.124572,-16.004625],[-140.12252,-16.003735],[-140.124062,-16.000502]]],[[[-140.110829,-15.994358],[-140.111955,-15.993893],[-140.119897,-15.997703],[-140.119221,-16.001668],[-140.114555,-16.000334],[-140.109459,-15.996091],[-140.110829,-15.994358]]],[[[-140.099496,-15.978681],[-140.103396,-15.985454],[-140.105485,-15.988304],[-140.108898,-15.991829],[-140.109329,-15.993555],[-140.107304,-15.994246],[-140.101075,-15.989696],[-140.098651,-15.98707],[-140.098104,-15.98502],[-140.096113,-15.981317],[-140.096922,-15.978799],[-140.099496,-15.978681]]],[[[-140.118648,-15.964348],[-140.122393,-15.964339],[-140.127109,-15.965016],[-140.133412,-15.964677],[-140.141188,-15.965041],[-140.148234,-15.967086],[-140.152465,-15.969196],[-140.15447,-15.969462],[-140.16152,-15.972145],[-140.166569,-15.975045],[-140.169975,-15.979505],[-140.170465,-15.984328],[-140.169685,-15.990676],[-140.167554,-15.996067],[-140.16501,-15.998913],[-140.162518,-15.99876],[-140.162449,-15.99701],[-140.16498,-15.996941],[-140.161048,-15.993932],[-140.15974,-15.996055],[-140.158509,-15.995351],[-140.162211,-15.991351],[-140.163106,-15.989683],[-140.164074,-15.985741],[-140.162643,-15.979936],[-140.160576,-15.975213],[-140.158065,-15.973627],[-140.154661,-15.973473],[-140.150974,-15.972313],[-140.147856,-15.969747],[-140.145886,-15.969518],[-140.141494,-15.967688],[-140.134622,-15.96671],[-140.133302,-15.967252],[-140.128723,-15.967251],[-140.122729,-15.966833],[-140.119297,-15.968197],[-140.114964,-15.968521],[-140.11365,-15.969294],[-140.105932,-15.969781],[-140.101654,-15.971996],[-140.099123,-15.97727],[-140.093863,-15.977744],[-140.0935,-15.97344],[-140.094008,-15.970961],[-140.096281,-15.968341],[-140.098613,-15.96712],[-140.102731,-15.966293],[-140.113241,-15.965243],[-140.118648,-15.964348]]],[[[-138.675093,-10.419034],[-138.677255,-10.418801],[-138.679174,-10.419809],[-138.68033,-10.42291],[-138.682212,-10.420935],[-138.684348,-10.421145],[-138.685254,-10.423194],[-138.687504,-10.423752],[-138.689023,-10.426025],[-138.687987,-10.427515],[-138.687941,-10.430422],[-138.686861,-10.433944],[-138.684574,-10.436771],[-138.685689,-10.439552],[-138.685155,-10.441734],[-138.681301,-10.442182],[-138.681457,-10.444977],[-138.677769,-10.446144],[-138.677576,-10.448094],[-138.674722,-10.451252],[-138.672521,-10.451758],[-138.673281,-10.453649],[-138.672046,-10.455206],[-138.671898,-10.459328],[-138.670067,-10.460028],[-138.668607,-10.463134],[-138.665355,-10.464214],[-138.666977,-10.465759],[-138.670958,-10.46788],[-138.673896,-10.467955],[-138.675123,-10.470548],[-138.677242,-10.472095],[-138.675935,-10.473363],[-138.676561,-10.47668],[-138.674704,-10.480438],[-138.677402,-10.484387],[-138.674366,-10.491689],[-138.676265,-10.49219],[-138.676639,-10.495551],[-138.6782,-10.495872],[-138.679787,-10.499856],[-138.681043,-10.498715],[-138.682328,-10.502114],[-138.685638,-10.503773],[-138.685999,-10.505192],[-138.688329,-10.50672],[-138.687625,-10.507736],[-138.690231,-10.509865],[-138.686875,-10.511741],[-138.68712,-10.513416],[-138.690664,-10.515739],[-138.691787,-10.518834],[-138.691021,-10.522644],[-138.68948,-10.524932],[-138.685997,-10.527476],[-138.685586,-10.528736],[-138.683248,-10.529865],[-138.681507,-10.533344],[-138.678833,-10.53334],[-138.674517,-10.535537],[-138.671755,-10.537634],[-138.672143,-10.540139],[-138.669469,-10.540562],[-138.666733,-10.540275],[-138.664659,-10.540833],[-138.662591,-10.542841],[-138.662106,-10.545864],[-138.660674,-10.549755],[-138.659055,-10.550741],[-138.658266,-10.553412],[-138.654856,-10.552742],[-138.654867,-10.551028],[-138.653397,-10.550274],[-138.651868,-10.547702],[-138.651877,-10.546016],[-138.648107,-10.54678],[-138.645725,-10.546198],[-138.643735,-10.5445],[-138.643705,-10.542875],[-138.641928,-10.541966],[-138.636404,-10.541177],[-138.635936,-10.539197],[-138.636359,-10.536777],[-138.635415,-10.535541],[-138.633208,-10.535141],[-138.629938,-10.532059],[-138.62763,-10.52778],[-138.627612,-10.52607],[-138.624744,-10.524879],[-138.622179,-10.522387],[-138.621294,-10.520318],[-138.62075,-10.516283],[-138.616991,-10.512947],[-138.615713,-10.510822],[-138.616127,-10.506644],[-138.614554,-10.503751],[-138.613191,-10.503457],[-138.613414,-10.501288],[-138.614666,-10.50095],[-138.61312,-10.498003],[-138.611024,-10.495545],[-138.613074,-10.494604],[-138.613217,-10.492592],[-138.609264,-10.490312],[-138.609768,-10.489183],[-138.618722,-10.485484],[-138.618414,-10.484299],[-138.616046,-10.483466],[-138.613353,-10.484676],[-138.612715,-10.482147],[-138.610522,-10.481906],[-138.610099,-10.480012],[-138.613173,-10.478668],[-138.613764,-10.475481],[-138.613838,-10.468168],[-138.612458,-10.464667],[-138.613409,-10.459848],[-138.614124,-10.458623],[-138.61667,-10.457255],[-138.619784,-10.453885],[-138.622701,-10.453465],[-138.622045,-10.450267],[-138.622535,-10.448559],[-138.624281,-10.447106],[-138.624296,-10.445288],[-138.625663,-10.44396],[-138.62756,-10.445219],[-138.630911,-10.441641],[-138.632344,-10.44319],[-138.634957,-10.442436],[-138.632789,-10.439888],[-138.638599,-10.439369],[-138.64083,-10.440048],[-138.641454,-10.438655],[-138.638106,-10.435826],[-138.639831,-10.434292],[-138.640483,-10.432409],[-138.645224,-10.430959],[-138.648334,-10.432415],[-138.650171,-10.432195],[-138.647778,-10.428481],[-138.649748,-10.425671],[-138.652828,-10.42667],[-138.653486,-10.42474],[-138.655526,-10.423824],[-138.656469,-10.424944],[-138.65859,-10.424892],[-138.656558,-10.421862],[-138.658641,-10.420906],[-138.662532,-10.42235],[-138.663291,-10.419311],[-138.664764,-10.421014],[-138.668854,-10.421189],[-138.670637,-10.422689],[-138.67288,-10.422276],[-138.675093,-10.419034]]],[[[-138.415376,-10.363083],[-138.413445,-10.362393],[-138.41248,-10.360738],[-138.415651,-10.359221],[-138.417031,-10.361841],[-138.415376,-10.363083]]],[[[-137.125527,-23.167886],[-137.1285,-23.172636],[-137.130242,-23.173378],[-137.129385,-23.177538],[-137.131003,-23.178832],[-137.131822,-23.181897],[-137.130984,-23.182687],[-137.127339,-23.180659],[-137.126492,-23.178851],[-137.126854,-23.175444],[-137.124742,-23.168618],[-137.125527,-23.167886]]],[[[-137.145795,-23.170328],[-137.146889,-23.169781],[-137.149464,-23.171899],[-137.147803,-23.173603],[-137.145795,-23.170328]]],[[[-137.148483,-23.162335],[-137.150482,-23.161912],[-137.151267,-23.164563],[-137.147341,-23.164415],[-137.148483,-23.162335]]],[[[-137.14697,-23.159744],[-137.149068,-23.1585],[-137.150483,-23.159049],[-137.150662,-23.16139],[-137.147135,-23.161219],[-137.14697,-23.159744]]],[[[-137.145647,-23.15398],[-137.148824,-23.153366],[-137.148809,-23.155515],[-137.146268,-23.155615],[-137.145647,-23.15398]]],[[[-137.114323,-23.149463],[-137.115889,-23.152557],[-137.114083,-23.154527],[-137.112434,-23.153571],[-137.111961,-23.150448],[-137.114323,-23.149463]]],[[[-137.111837,-23.147628],[-137.114651,-23.146867],[-137.114663,-23.148514],[-137.112741,-23.149312],[-137.111837,-23.147628]]],[[[-137.141526,-23.144097],[-137.143159,-23.143645],[-137.146205,-23.1468],[-137.143792,-23.148849],[-137.140465,-23.145177],[-137.141526,-23.144097]]],[[[-137.115144,-23.139134],[-137.117173,-23.137516],[-137.118174,-23.138737],[-137.116157,-23.141187],[-137.114247,-23.144732],[-137.114476,-23.146384],[-137.112163,-23.146636],[-137.113159,-23.14199],[-137.115144,-23.139134]]],[[[-137.131879,-23.137852],[-137.132456,-23.136192],[-137.13537,-23.137858],[-137.141462,-23.142301],[-137.139356,-23.144384],[-137.131879,-23.137852]]],[[[-137.118413,-23.135305],[-137.121068,-23.132235],[-137.12383,-23.130996],[-137.12645,-23.131631],[-137.132218,-23.135714],[-137.130726,-23.138031],[-137.12926,-23.136944],[-137.123904,-23.134562],[-137.122163,-23.134453],[-137.118265,-23.138403],[-137.117409,-23.137027],[-137.118413,-23.135305]]],[[[-136.522599,-21.331988],[-136.52326,-21.329878],[-136.526803,-21.326829],[-136.529403,-21.32722],[-136.533714,-21.329051],[-136.539709,-21.330299],[-136.545033,-21.330978],[-136.550907,-21.332095],[-136.55515,-21.33365],[-136.557578,-21.33635],[-136.558315,-21.343273],[-136.559029,-21.346092],[-136.557768,-21.354042],[-136.556373,-21.35691],[-136.554061,-21.359216],[-136.551601,-21.360492],[-136.547257,-21.361893],[-136.543144,-21.361963],[-136.539465,-21.360933],[-136.535388,-21.358489],[-136.5319,-21.35419],[-136.529637,-21.350588],[-136.525324,-21.341584],[-136.522965,-21.335964],[-136.522599,-21.331988]],[[-136.528455,-21.330897],[-136.526036,-21.33151],[-136.524952,-21.334605],[-136.526113,-21.336901],[-136.526986,-21.340682],[-136.529977,-21.343539],[-136.530842,-21.345152],[-136.530921,-21.348138],[-136.534055,-21.35254],[-136.536357,-21.353941],[-136.538061,-21.356086],[-136.543097,-21.357342],[-136.550258,-21.356241],[-136.552112,-21.354692],[-136.553977,-21.350827],[-136.554814,-21.346443],[-136.55424,-21.344464],[-136.555398,-21.343068],[-136.554458,-21.337939],[-136.548341,-21.334797],[-136.544523,-21.333935],[-136.536934,-21.332862],[-136.528455,-21.330897]]],[[[-136.660262,-21.34002],[-136.661191,-21.338472],[-136.664473,-21.341593],[-136.662154,-21.343899],[-136.658699,-21.34478],[-136.658023,-21.341719],[-136.660262,-21.34002]]],[[[-136.639264,-21.31975],[-136.642356,-21.317766],[-136.646799,-21.316216],[-136.652495,-21.316149],[-136.658036,-21.318545],[-136.666445,-21.324456],[-136.669583,-21.32747],[-136.670223,-21.330495],[-136.668804,-21.33493],[-136.66477,-21.340745],[-136.661741,-21.33816],[-136.663589,-21.33635],[-136.665742,-21.332045],[-136.665046,-21.328405],[-136.661436,-21.324349],[-136.65821,-21.322262],[-136.655931,-21.321603],[-136.652398,-21.319582],[-136.649294,-21.319395],[-136.645152,-21.319962],[-136.642878,-21.320944],[-136.639046,-21.324312],[-136.636681,-21.331774],[-136.636922,-21.334732],[-136.638327,-21.337033],[-136.640557,-21.338982],[-136.650034,-21.343106],[-136.653871,-21.342917],[-136.654691,-21.346079],[-136.649042,-21.346749],[-136.643463,-21.345231],[-136.637907,-21.340845],[-136.635582,-21.338415],[-136.634285,-21.335116],[-136.634873,-21.328349],[-136.635728,-21.325192],[-136.63751,-21.321773],[-136.639264,-21.31975]]],[[[-136.742725,-21.294154],[-136.745709,-21.29323],[-136.750031,-21.294086],[-136.753101,-21.295233],[-136.756647,-21.297276],[-136.758769,-21.300791],[-136.758863,-21.302654],[-136.757497,-21.30644],[-136.75611,-21.308383],[-136.75351,-21.30975],[-136.751618,-21.308036],[-136.752154,-21.306297],[-136.754225,-21.303763],[-136.753263,-21.300882],[-136.75025,-21.298681],[-136.745482,-21.29696],[-136.742781,-21.297169],[-136.739075,-21.301242],[-136.737344,-21.307155],[-136.739747,-21.310932],[-136.743143,-21.31171],[-136.746698,-21.311409],[-136.74982,-21.309384],[-136.752279,-21.311498],[-136.747346,-21.316077],[-136.745186,-21.316752],[-136.740987,-21.316455],[-136.737472,-21.314748],[-136.735559,-21.313058],[-136.733945,-21.309443],[-136.734107,-21.307012],[-136.736154,-21.302995],[-136.736844,-21.300548],[-136.739993,-21.295958],[-136.742725,-21.294154]]],[[[-136.202832,-22.018749],[-136.205063,-22.018532],[-136.205828,-22.021642],[-136.205703,-22.025291],[-136.204762,-22.029429],[-136.203364,-22.032014],[-136.199134,-22.03439],[-136.197559,-22.032235],[-136.200885,-22.029266],[-136.202329,-22.026561],[-136.202343,-22.020536],[-136.202832,-22.018749]]],[[[-136.175378,-22.002746],[-136.17702,-22.000302],[-136.178975,-22.001469],[-136.176857,-22.00458],[-136.175734,-22.007422],[-136.176124,-22.010218],[-136.177844,-22.013598],[-136.180066,-22.016227],[-136.181911,-22.019714],[-136.182555,-22.022394],[-136.184185,-22.025542],[-136.186282,-22.027346],[-136.186092,-22.030237],[-136.187238,-22.031763],[-136.191984,-22.033057],[-136.196595,-22.031747],[-136.198257,-22.033547],[-136.197096,-22.035219],[-136.189885,-22.037002],[-136.185795,-22.035065],[-136.182586,-22.027078],[-136.177453,-22.016468],[-136.175167,-22.012757],[-136.173939,-22.009646],[-136.173875,-22.007081],[-136.175378,-22.002746]]],[[[-136.176019,-21.995777],[-136.177075,-21.99157],[-136.179884,-21.990069],[-136.185361,-21.992003],[-136.188722,-21.99443],[-136.196819,-22.001408],[-136.200313,-22.005604],[-136.203777,-22.011966],[-136.205179,-22.017866],[-136.202438,-22.018462],[-136.201675,-22.017449],[-136.199656,-22.010655],[-136.196956,-22.006367],[-136.195208,-22.00491],[-136.193287,-22.001954],[-136.190649,-22.000387],[-136.187152,-21.996872],[-136.184337,-21.995008],[-136.179868,-21.994049],[-136.178209,-21.995068],[-136.177899,-21.997473],[-136.178885,-21.999865],[-136.17684,-22.000037],[-136.176019,-21.995777]]],[[[-135.638162,-21.499031],[-135.64033,-21.498918],[-135.641491,-21.50268],[-135.640998,-21.506828],[-135.64009,-21.507965],[-135.63774,-21.506301],[-135.638329,-21.5024],[-135.638162,-21.499031]]],[[[-136.370634,-21.485768],[-136.373071,-21.489977],[-136.375553,-21.491988],[-136.379307,-21.493885],[-136.378747,-21.496824],[-136.37553,-21.496671],[-136.371608,-21.493188],[-136.369786,-21.489769],[-136.368917,-21.485915],[-136.370634,-21.485768]]],[[[-135.637311,-21.488179],[-135.639894,-21.488463],[-135.639639,-21.490558],[-135.63666,-21.490495],[-135.637311,-21.488179]]],[[[-136.409071,-21.4822],[-136.410613,-21.480439],[-136.411831,-21.481338],[-136.410746,-21.483113],[-136.409071,-21.4822]]],[[[-136.39041,-21.446952],[-136.393986,-21.446609],[-136.403816,-21.44803],[-136.412196,-21.450335],[-136.416615,-21.452063],[-136.419035,-21.454304],[-136.420919,-21.457445],[-136.420104,-21.459919],[-136.41821,-21.458373],[-136.415346,-21.454795],[-136.412835,-21.453727],[-136.403429,-21.451016],[-136.394898,-21.44933],[-136.390618,-21.449354],[-136.385797,-21.450972],[-136.383507,-21.453084],[-136.380235,-21.458152],[-136.378889,-21.461018],[-136.376216,-21.468537],[-136.372272,-21.477428],[-136.371537,-21.48033],[-136.371422,-21.485056],[-136.368859,-21.485649],[-136.368681,-21.483243],[-136.370344,-21.477411],[-136.371472,-21.475341],[-136.375469,-21.464305],[-136.379381,-21.455411],[-136.38435,-21.449322],[-136.387119,-21.44788],[-136.39041,-21.446952]]],[[[-135.543685,-21.56292],[-135.54605,-21.560709],[-135.547277,-21.564855],[-135.549674,-21.565988],[-135.554624,-21.56583],[-135.555571,-21.567949],[-135.554008,-21.569119],[-135.547033,-21.572105],[-135.544402,-21.569135],[-135.544247,-21.56376],[-135.543685,-21.56292]]],[[[-135.610531,-21.56128],[-135.612913,-21.561587],[-135.613485,-21.563136],[-135.6077,-21.566235],[-135.60414,-21.565566],[-135.604448,-21.561741],[-135.606769,-21.562601],[-135.609171,-21.56102],[-135.610531,-21.56128]]],[[[-135.600521,-21.561458],[-135.601488,-21.562104],[-135.601464,-21.564809],[-135.599912,-21.565074],[-135.600521,-21.561458]]],[[[-135.591155,-21.561209],[-135.594443,-21.560974],[-135.594081,-21.562945],[-135.591813,-21.563186],[-135.591155,-21.561209]]],[[[-135.615659,-21.561526],[-135.614471,-21.562271],[-135.612637,-21.559635],[-135.614986,-21.558037],[-135.61673,-21.559903],[-135.615659,-21.561526]]],[[[-135.621103,-21.551891],[-135.623781,-21.552624],[-135.618694,-21.559091],[-135.616661,-21.55703],[-135.616995,-21.555381],[-135.619395,-21.552362],[-135.621103,-21.551891]]],[[[-135.62775,-21.523904],[-135.627455,-21.522015],[-135.630709,-21.523262],[-135.630217,-21.527559],[-135.628633,-21.532513],[-135.628079,-21.538538],[-135.62796,-21.546392],[-135.626308,-21.549427],[-135.624053,-21.552021],[-135.622409,-21.551112],[-135.623622,-21.547789],[-135.623905,-21.544544],[-135.624826,-21.544077],[-135.625139,-21.535164],[-135.626389,-21.532295],[-135.625965,-21.53008],[-135.626572,-21.528058],[-135.628055,-21.52734],[-135.62775,-21.523904]]],[[[-135.632831,-21.516597],[-135.634322,-21.517293],[-135.632195,-21.521758],[-135.630222,-21.521486],[-135.629346,-21.519719],[-135.632132,-21.518044],[-135.632831,-21.516597]]],[[[-135.566494,-21.486821],[-135.568506,-21.486525],[-135.568186,-21.48926],[-135.566156,-21.489119],[-135.566494,-21.486821]]],[[[-135.561625,-21.48865],[-135.562471,-21.486154],[-135.565629,-21.486752],[-135.565263,-21.488868],[-135.561625,-21.48865]]],[[[-135.605205,-21.48605],[-135.60856,-21.48612],[-135.608435,-21.488066],[-135.604319,-21.488445],[-135.60361,-21.486446],[-135.605205,-21.48605]]],[[[-135.587283,-21.483252],[-135.592384,-21.482746],[-135.594878,-21.483604],[-135.593149,-21.486166],[-135.590906,-21.485663],[-135.585895,-21.485924],[-135.581411,-21.487374],[-135.575596,-21.488572],[-135.571208,-21.488952],[-135.571605,-21.486415],[-135.577275,-21.485681],[-135.587283,-21.483252]]],[[[-135.629713,-21.476881],[-135.631683,-21.475581],[-135.635688,-21.475782],[-135.642176,-21.477494],[-135.645124,-21.480439],[-135.643889,-21.483182],[-135.642305,-21.484409],[-135.640022,-21.487793],[-135.637979,-21.4865],[-135.63714,-21.482484],[-135.633233,-21.480207],[-135.631312,-21.479705],[-135.628013,-21.482435],[-135.622927,-21.485611],[-135.622301,-21.483469],[-135.624749,-21.482374],[-135.629166,-21.478385],[-135.629713,-21.476881]]],[[[-135.032786,-23.159781],[-135.034713,-23.159673],[-135.035368,-23.161224],[-135.039342,-23.164189],[-135.038764,-23.167366],[-135.040501,-23.16809],[-135.039896,-23.170131],[-135.03762,-23.168877],[-135.035809,-23.170914],[-135.033079,-23.169948],[-135.031504,-23.165962],[-135.031694,-23.162252],[-135.032786,-23.159781]]],[[[-135.032908,-23.130011],[-135.032531,-23.132603],[-135.030958,-23.134264],[-135.031028,-23.135676],[-135.03387,-23.138896],[-135.035807,-23.139752],[-135.038272,-23.139615],[-135.041254,-23.136653],[-135.043784,-23.139944],[-135.041206,-23.144015],[-135.042174,-23.14623],[-135.045437,-23.148609],[-135.049327,-23.147913],[-135.050903,-23.146288],[-135.053469,-23.145007],[-135.054607,-23.146867],[-135.056464,-23.147619],[-135.053176,-23.149495],[-135.053866,-23.151719],[-135.056807,-23.151909],[-135.059872,-23.154108],[-135.059165,-23.157734],[-135.055306,-23.158173],[-135.05379,-23.15663],[-135.051397,-23.157081],[-135.048315,-23.156152],[-135.047309,-23.157386],[-135.045325,-23.155355],[-135.039719,-23.155362],[-135.037391,-23.156154],[-135.035396,-23.155333],[-135.033333,-23.156516],[-135.030955,-23.156477],[-135.030271,-23.154508],[-135.02689,-23.152318],[-135.028776,-23.149676],[-135.028654,-23.143932],[-135.026448,-23.139733],[-135.026378,-23.137499],[-135.02444,-23.134106],[-135.027369,-23.131135],[-135.029514,-23.130406],[-135.031489,-23.13109],[-135.032908,-23.130011]]],[[[-135.535165,-21.550717],[-135.538886,-21.553054],[-135.537705,-21.554909],[-135.534164,-21.551593],[-135.535165,-21.550717]]],[[[-135.514386,-21.536744],[-135.515075,-21.534677],[-135.520205,-21.53871],[-135.526918,-21.543277],[-135.529554,-21.546124],[-135.533759,-21.548736],[-135.533471,-21.55118],[-135.527599,-21.546382],[-135.524916,-21.544952],[-135.514386,-21.536744]]],[[[-135.511114,-21.533315],[-135.513217,-21.532761],[-135.513442,-21.535895],[-135.510714,-21.534682],[-135.511114,-21.533315]]],[[[-135.503011,-21.527889],[-135.504361,-21.530031],[-135.504034,-21.532208],[-135.50165,-21.53141],[-135.503011,-21.527889]]],[[[-135.463431,-21.528937],[-135.465059,-21.529009],[-135.466492,-21.526874],[-135.467865,-21.52702],[-135.46932,-21.529681],[-135.468468,-21.531153],[-135.463381,-21.533181],[-135.460815,-21.532516],[-135.461422,-21.529183],[-135.463431,-21.528937]]],[[[-135.492102,-21.526476],[-135.493339,-21.529737],[-135.489211,-21.528675],[-135.492102,-21.526476]]],[[[-135.495691,-21.487446],[-135.501613,-21.484307],[-135.507841,-21.483202],[-135.508892,-21.485083],[-135.501471,-21.486823],[-135.493361,-21.491551],[-135.490288,-21.494689],[-135.488574,-21.494873],[-135.483229,-21.498231],[-135.478018,-21.501089],[-135.471912,-21.506283],[-135.46774,-21.508965],[-135.465751,-21.510823],[-135.463435,-21.514969],[-135.461686,-21.516395],[-135.460288,-21.519819],[-135.459053,-21.520472],[-135.457285,-21.524152],[-135.458525,-21.526353],[-135.46088,-21.528174],[-135.458687,-21.531987],[-135.45564,-21.530843],[-135.453939,-21.528358],[-135.455512,-21.523307],[-135.461379,-21.513797],[-135.466363,-21.507855],[-135.471852,-21.503186],[-135.479299,-21.497484],[-135.48493,-21.494884],[-135.495691,-21.487446]]],[[[-135.525412,-21.474281],[-135.52851,-21.474249],[-135.530469,-21.475633],[-135.529077,-21.477458],[-135.523279,-21.477207],[-135.520198,-21.478103],[-135.514288,-21.484033],[-135.511473,-21.485565],[-135.509858,-21.485419],[-135.509972,-21.4831],[-135.511834,-21.482901],[-135.515941,-21.480087],[-135.51933,-21.476061],[-135.522507,-21.474495],[-135.525412,-21.474281]]],[[[-134.498545,-23.331041],[-134.500626,-23.330943],[-134.499479,-23.333789],[-134.49783,-23.332616],[-134.498545,-23.331041]]],[[[-134.498659,-23.328387],[-134.501531,-23.328547],[-134.501428,-23.33048],[-134.499182,-23.329898],[-134.498659,-23.328387]]],[[[-134.954831,-23.239646],[-134.956902,-23.23962],[-134.960277,-23.241082],[-134.960025,-23.244603],[-134.960541,-23.246616],[-134.958607,-23.247484],[-134.956726,-23.246826],[-134.954658,-23.244797],[-134.954831,-23.239646]]],[[[-134.973271,-23.215744],[-134.974219,-23.21715],[-134.973389,-23.218614],[-134.969193,-23.220061],[-134.973271,-23.215744]]],[[[-134.902189,-23.179275],[-134.907795,-23.18097],[-134.909616,-23.181034],[-134.911924,-23.179792],[-134.918568,-23.179332],[-134.919156,-23.180997],[-134.920796,-23.18119],[-134.921793,-23.184202],[-134.920868,-23.187593],[-134.917413,-23.188804],[-134.915775,-23.191551],[-134.915094,-23.195088],[-134.914028,-23.196115],[-134.910955,-23.19567],[-134.911385,-23.193076],[-134.909585,-23.191325],[-134.908486,-23.187212],[-134.905423,-23.181593],[-134.901429,-23.180317],[-134.902189,-23.179275]]],[[[-134.919287,-23.172796],[-134.921827,-23.173954],[-134.919904,-23.175339],[-134.919287,-23.172796]]],[[[-134.892769,-23.123641],[-134.894058,-23.122202],[-134.897008,-23.127262],[-134.898855,-23.128565],[-134.90298,-23.130254],[-134.906472,-23.130812],[-134.9078,-23.130375],[-134.91219,-23.133075],[-134.915228,-23.135753],[-134.91635,-23.138018],[-134.913319,-23.138121],[-134.909177,-23.139496],[-134.906681,-23.138594],[-134.904962,-23.135468],[-134.899115,-23.130464],[-134.897372,-23.129528],[-134.890155,-23.129204],[-134.891048,-23.125098],[-134.892769,-23.123641]]],[[[-134.935584,-23.074002],[-134.936254,-23.075169],[-134.93971,-23.078014],[-134.94297,-23.078762],[-134.945,-23.077847],[-134.945428,-23.080801],[-134.947345,-23.083606],[-134.949194,-23.08516],[-134.951501,-23.085475],[-134.95154,-23.08754],[-134.952995,-23.091006],[-134.955718,-23.093373],[-134.956133,-23.095832],[-134.958227,-23.096757],[-134.96171,-23.096713],[-134.964,-23.094103],[-134.966191,-23.092924],[-134.967531,-23.090172],[-134.970152,-23.090145],[-134.969689,-23.092213],[-134.971188,-23.096017],[-134.970564,-23.096924],[-134.971663,-23.102652],[-134.975167,-23.103333],[-134.979336,-23.101869],[-134.979279,-23.099553],[-134.9807,-23.097981],[-134.984546,-23.098441],[-134.982632,-23.100147],[-134.981972,-23.101991],[-134.980367,-23.103025],[-134.979571,-23.107024],[-134.976567,-23.110641],[-134.97589,-23.114481],[-134.976746,-23.117176],[-134.979757,-23.119951],[-134.983089,-23.121001],[-134.985544,-23.120421],[-134.988342,-23.118429],[-134.992986,-23.119025],[-134.997548,-23.118074],[-135.000494,-23.114725],[-135.001747,-23.11158],[-135.004032,-23.111726],[-135.005326,-23.112806],[-135.007981,-23.112411],[-135.008553,-23.110933],[-135.010688,-23.110095],[-135.011759,-23.111977],[-135.013224,-23.112424],[-135.012619,-23.114657],[-135.011142,-23.115432],[-135.011136,-23.117647],[-135.009697,-23.119298],[-135.006425,-23.120706],[-135.004136,-23.120806],[-134.999865,-23.122978],[-134.99796,-23.124899],[-134.996415,-23.129304],[-134.99425,-23.131148],[-134.984187,-23.135067],[-134.981933,-23.135368],[-134.977769,-23.134266],[-134.971857,-23.134697],[-134.969874,-23.134468],[-134.965752,-23.132801],[-134.962536,-23.130786],[-134.961824,-23.128148],[-134.96308,-23.126229],[-134.965537,-23.125624],[-134.966806,-23.124015],[-134.969379,-23.119001],[-134.968614,-23.113791],[-134.966048,-23.110187],[-134.961909,-23.107967],[-134.959779,-23.105107],[-134.957375,-23.103362],[-134.95571,-23.103378],[-134.954126,-23.101144],[-134.949883,-23.097555],[-134.945329,-23.094801],[-134.943602,-23.0926],[-134.941363,-23.091019],[-134.938719,-23.090079],[-134.932982,-23.090892],[-134.932403,-23.08768],[-134.930791,-23.084429],[-134.932586,-23.082023],[-134.934558,-23.081927],[-134.935948,-23.078905],[-134.935584,-23.074002]]],[[[-134.863689,-23.104681],[-134.865605,-23.102833],[-134.866968,-23.104705],[-134.863689,-23.104681]]],[[[-134.880563,-23.088543],[-134.882812,-23.086035],[-134.890375,-23.07887],[-134.897032,-23.072003],[-134.901789,-23.066676],[-134.902623,-23.067413],[-134.899049,-23.071934],[-134.888235,-23.08264],[-134.885823,-23.085517],[-134.880761,-23.090222],[-134.879281,-23.092258],[-134.872992,-23.097183],[-134.870925,-23.097187],[-134.876929,-23.092776],[-134.880563,-23.088543]]],[[[-134.917079,-23.02042],[-134.915746,-23.020222],[-134.91709,-23.016639],[-134.918628,-23.017241],[-134.917079,-23.02042]]],[[[-134.9432,-23.009064],[-134.941055,-23.009172],[-134.945878,-23.005132],[-134.949143,-23.004276],[-134.948923,-23.006145],[-134.945221,-23.007242],[-134.9432,-23.009064]]],[[[-134.476569,-23.370178],[-134.47863,-23.37218],[-134.4786,-23.373747],[-134.476557,-23.373986],[-134.473355,-23.372061],[-134.475251,-23.37015],[-134.476569,-23.370178]]],[[[-134.481641,-23.369841],[-134.482971,-23.36833],[-134.485958,-23.370185],[-134.483995,-23.372846],[-134.482705,-23.37331],[-134.481641,-23.369841]]],[[[-134.468405,-23.36959],[-134.469337,-23.367992],[-134.471309,-23.369034],[-134.470155,-23.370733],[-134.468405,-23.36959]]],[[[-134.464888,-23.367507],[-134.465387,-23.366515],[-134.468414,-23.36803],[-134.467917,-23.369513],[-134.464888,-23.367507]]],[[[-134.484685,-23.366556],[-134.487258,-23.366072],[-134.486741,-23.368235],[-134.484685,-23.366556]]],[[[-134.45737,-23.360127],[-134.462474,-23.364544],[-134.462827,-23.367002],[-134.458635,-23.364168],[-134.456842,-23.361273],[-134.45737,-23.360127]]],[[[-134.494894,-23.340689],[-134.496539,-23.340347],[-134.495065,-23.344215],[-134.493676,-23.343119],[-134.494894,-23.340689]]],[[[-134.490618,-23.317828],[-134.49657,-23.316867],[-134.500076,-23.317959],[-134.501532,-23.320946],[-134.502287,-23.32573],[-134.501536,-23.327507],[-134.499803,-23.326671],[-134.498871,-23.322494],[-134.496418,-23.320374],[-134.488817,-23.319744],[-134.486361,-23.318671],[-134.482105,-23.319582],[-134.480688,-23.320458],[-134.479566,-23.325245],[-134.475362,-23.330852],[-134.474385,-23.331263],[-134.470006,-23.336612],[-134.465386,-23.344073],[-134.464009,-23.347675],[-134.460253,-23.350595],[-134.45764,-23.35078],[-134.455585,-23.353563],[-134.457854,-23.359192],[-134.455553,-23.358795],[-134.453192,-23.354233],[-134.452484,-23.351477],[-134.45355,-23.350333],[-134.460399,-23.348166],[-134.462696,-23.346305],[-134.465125,-23.340867],[-134.468508,-23.337138],[-134.47242,-23.331735],[-134.476504,-23.327081],[-134.47801,-23.324591],[-134.478748,-23.319132],[-134.480899,-23.317043],[-134.485776,-23.317853],[-134.490618,-23.317828]]],[[[-143.04979,-20.691891],[-143.052749,-20.689801],[-143.054671,-20.689411],[-143.056272,-20.690988],[-143.049624,-20.69452],[-143.048024,-20.696552],[-143.046897,-20.699316],[-143.046209,-20.703269],[-143.046164,-20.707894],[-143.044909,-20.710238],[-143.043015,-20.710632],[-143.042145,-20.706886],[-143.043492,-20.701268],[-143.046297,-20.695062],[-143.04979,-20.691891]]],[[[-143.06542,-20.695422],[-143.06511,-20.697812],[-143.063597,-20.697775],[-143.06128,-20.695365],[-143.060559,-20.69094],[-143.063131,-20.691814],[-143.065603,-20.693919],[-143.06542,-20.695422]]],[[[-143.276324,-20.620293],[-143.276188,-20.61778],[-143.277152,-20.615308],[-143.27834,-20.615356],[-143.278753,-20.621087],[-143.281693,-20.62285],[-143.283305,-20.625726],[-143.28541,-20.626626],[-143.284804,-20.628177],[-143.281427,-20.626659],[-143.280337,-20.625015],[-143.277367,-20.622743],[-143.276324,-20.620293]]],[[[-143.291664,-20.607424],[-143.293411,-20.606409],[-143.295448,-20.60756],[-143.296108,-20.610475],[-143.29428,-20.6106],[-143.291664,-20.607424]]],[[[-143.277878,-20.602966],[-143.282679,-20.60241],[-143.284193,-20.602913],[-143.285266,-20.604998],[-143.28463,-20.606111],[-143.277805,-20.605471],[-143.276402,-20.608617],[-143.276861,-20.611187],[-143.275417,-20.61161],[-143.274728,-20.609151],[-143.275116,-20.605452],[-143.276285,-20.60355],[-143.277878,-20.602966]]],[[[-143.526048,-20.448968],[-143.523604,-20.442747],[-143.525307,-20.442602],[-143.52766,-20.44828],[-143.528667,-20.449266],[-143.528721,-20.451792],[-143.529931,-20.453473],[-143.53418,-20.456464],[-143.531994,-20.458164],[-143.529532,-20.457603],[-143.527409,-20.454597],[-143.526048,-20.448968]]],[[[-143.551619,-20.437631],[-143.556237,-20.436647],[-143.559526,-20.437209],[-143.562375,-20.438733],[-143.562466,-20.440701],[-143.558932,-20.441507],[-143.551901,-20.438934],[-143.551619,-20.437631]]],[[[-143.52609,-20.422717],[-143.529967,-20.418991],[-143.533283,-20.414709],[-143.536117,-20.410096],[-143.537596,-20.41094],[-143.538183,-20.416681],[-143.536914,-20.417941],[-143.5337,-20.417937],[-143.532843,-20.419571],[-143.529977,-20.422701],[-143.523988,-20.427544],[-143.518922,-20.430397],[-143.518718,-20.43285],[-143.522251,-20.438284],[-143.519387,-20.436691],[-143.516993,-20.431778],[-143.517485,-20.429221],[-143.51921,-20.427111],[-143.524336,-20.424342],[-143.52609,-20.422717]]],[[[-144.93711,-19.8743],[-144.939256,-19.873369],[-144.936817,-19.882496],[-144.933158,-19.892203],[-144.93282,-19.897144],[-144.933708,-19.901281],[-144.935813,-19.904103],[-144.941378,-19.906619],[-144.946819,-19.907091],[-144.949977,-19.904083],[-144.951843,-19.905157],[-144.951186,-19.906465],[-144.953171,-19.909805],[-144.953159,-19.911772],[-144.950664,-19.913766],[-144.948695,-19.914112],[-144.940352,-19.912541],[-144.936803,-19.911101],[-144.93422,-19.909103],[-144.931688,-19.904454],[-144.930582,-19.899614],[-144.930471,-19.894599],[-144.936357,-19.875498],[-144.93711,-19.8743]]],[[[-144.994077,-19.864881],[-144.996796,-19.864166],[-145.000424,-19.864647],[-145.002301,-19.865837],[-145.004504,-19.868601],[-145.003331,-19.871256],[-144.998791,-19.870977],[-144.996464,-19.871597],[-144.994666,-19.871102],[-144.993179,-19.869004],[-144.993334,-19.86572],[-144.994077,-19.864881]]],[[[-144.945187,-19.84015],[-144.948284,-19.838588],[-144.950301,-19.840001],[-144.945972,-19.842171],[-144.943322,-19.844751],[-144.942832,-19.846871],[-144.940504,-19.846433],[-144.940423,-19.844555],[-144.941437,-19.842713],[-144.945187,-19.84015]]],[[[-141.822955,-18.787373],[-141.825361,-18.787655],[-141.825931,-18.789152],[-141.824716,-18.791447],[-141.822462,-18.791412],[-141.822955,-18.787373]]],[[[-141.82565,-18.780735],[-141.827692,-18.78197],[-141.826347,-18.784755],[-141.82486,-18.783166],[-141.82565,-18.780735]]],[[[-141.763065,-18.745638],[-141.765776,-18.744325],[-141.766769,-18.745401],[-141.763313,-18.748068],[-141.761231,-18.750787],[-141.758644,-18.753113],[-141.757269,-18.757128],[-141.753642,-18.757496],[-141.753092,-18.755184],[-141.75442,-18.752803],[-141.760163,-18.747447],[-141.763065,-18.745638]]],[[[-141.784412,-18.733664],[-141.782399,-18.733367],[-141.786332,-18.728128],[-141.787988,-18.728603],[-141.784412,-18.733664]]],[[[-141.864607,-18.728699],[-141.867368,-18.728232],[-141.867602,-18.729647],[-141.865842,-18.730984],[-141.864607,-18.728699]]],[[[-141.848421,-18.70584],[-141.853495,-18.705597],[-141.859548,-18.706211],[-141.864882,-18.708746],[-141.868977,-18.713846],[-141.869789,-18.719912],[-141.868707,-18.724641],[-141.866696,-18.724099],[-141.867106,-18.721419],[-141.866304,-18.718384],[-141.866557,-18.716639],[-141.864895,-18.711807],[-141.860574,-18.709016],[-141.857545,-18.707842],[-141.853474,-18.707368],[-141.846118,-18.707648],[-141.838528,-18.709207],[-141.836228,-18.707934],[-141.848421,-18.70584]]],[[[-141.825325,-18.709668],[-141.8295,-18.709015],[-141.829102,-18.710996],[-141.825325,-18.709668]]],[[[-141.521521,-17.368926],[-141.521841,-17.367218],[-141.523514,-17.365782],[-141.527312,-17.368639],[-141.528944,-17.370898],[-141.528525,-17.374261],[-141.526553,-17.375103],[-141.524245,-17.371442],[-141.52283,-17.371804],[-141.521521,-17.368926]]],[[[-141.915634,-16.831311],[-141.917173,-16.828667],[-141.919598,-16.825812],[-141.922116,-16.824242],[-141.926996,-16.824323],[-141.931559,-16.826142],[-141.933955,-16.828365],[-141.933974,-16.831246],[-141.931482,-16.837304],[-141.928124,-16.840473],[-141.925615,-16.841229],[-141.923992,-16.83926],[-141.924782,-16.836569],[-141.926463,-16.835982],[-141.927409,-16.832419],[-141.929872,-16.832564],[-141.929241,-16.828702],[-141.926506,-16.827204],[-141.922831,-16.826428],[-141.920033,-16.827159],[-141.918228,-16.829031],[-141.913813,-16.83649],[-141.911765,-16.839509],[-141.913543,-16.841111],[-141.915248,-16.837969],[-141.915845,-16.835176],[-141.918757,-16.835439],[-141.918832,-16.837868],[-141.92024,-16.839668],[-141.920236,-16.842225],[-141.915972,-16.843856],[-141.911412,-16.845129],[-141.909161,-16.844183],[-141.909252,-16.840978],[-141.913226,-16.834594],[-141.915634,-16.831311]]],[[[-141.248137,-19.216144],[-141.249017,-19.217438],[-141.247103,-19.219292],[-141.244991,-19.220008],[-141.244617,-19.218235],[-141.248137,-19.216144]]],[[[-141.252487,-19.210724],[-141.254402,-19.211539],[-141.251476,-19.215471],[-141.249205,-19.215196],[-141.252487,-19.210724]]],[[[-141.243312,-19.183645],[-141.249632,-19.179689],[-141.251628,-19.179097],[-141.254873,-19.179232],[-141.258747,-19.181417],[-141.261097,-19.186542],[-141.261174,-19.189187],[-141.262123,-19.191331],[-141.261437,-19.194422],[-141.25977,-19.194678],[-141.259295,-19.18864],[-141.256841,-19.184023],[-141.255343,-19.182703],[-141.249941,-19.181992],[-141.247798,-19.182587],[-141.245224,-19.184406],[-141.239062,-19.190075],[-141.234915,-19.19447],[-141.231896,-19.198359],[-141.229267,-19.203093],[-141.228207,-19.207633],[-141.227909,-19.213794],[-141.229935,-19.217237],[-141.228243,-19.217368],[-141.225844,-19.214136],[-141.225913,-19.207047],[-141.227424,-19.202503],[-141.230097,-19.197655],[-141.232716,-19.193898],[-141.241111,-19.18548],[-141.243312,-19.183645]]],[[[-141.258563,-19.198413],[-141.259579,-19.195042],[-141.261269,-19.195836],[-141.259919,-19.198945],[-141.258563,-19.198413]]],[[[-141.039217,-18.168074],[-141.040638,-18.167758],[-141.041649,-18.170523],[-141.038802,-18.170538],[-141.039217,-18.168074]]],[[[-141.042119,-18.165961],[-141.044655,-18.165941],[-141.047338,-18.168184],[-141.046763,-18.169738],[-141.043586,-18.17093],[-141.042009,-18.167137],[-141.042119,-18.165961]]],[[[-141.051693,-18.156023],[-141.051072,-18.153741],[-141.055025,-18.155739],[-141.05355,-18.15837],[-141.051693,-18.156023]]],[[[-141.054625,-18.151149],[-141.055835,-18.150321],[-141.057892,-18.151579],[-141.056907,-18.153798],[-141.054625,-18.151149]]],[[[-141.065975,-18.125743],[-141.069411,-18.125479],[-141.069642,-18.127301],[-141.065975,-18.125743]]],[[[-141.067849,-18.120073],[-141.068693,-18.118987],[-141.07169,-18.119584],[-141.071295,-18.121134],[-141.067849,-18.120073]]],[[[-141.068525,-18.116246],[-141.071451,-18.115944],[-141.071612,-18.118135],[-141.068956,-18.117877],[-141.068525,-18.116246]]],[[[-141.064165,-18.085992],[-141.066329,-18.084894],[-141.068812,-18.091163],[-141.071126,-18.100226],[-141.071705,-18.106197],[-141.07191,-18.113644],[-141.069279,-18.114635],[-141.068254,-18.111791],[-141.068493,-18.109058],[-141.068124,-18.104566],[-141.068874,-18.103321],[-141.067841,-18.100671],[-141.066552,-18.094247],[-141.063655,-18.087877],[-141.064165,-18.085992]]],[[[-141.050917,-18.070679],[-141.054609,-18.070478],[-141.056603,-18.07112],[-141.061143,-18.074309],[-141.062767,-18.076517],[-141.066367,-18.084763],[-141.063271,-18.084914],[-141.062031,-18.083215],[-141.063816,-18.082268],[-141.062597,-18.080225],[-141.060625,-18.079852],[-141.059254,-18.078225],[-141.059128,-18.076272],[-141.057211,-18.073404],[-141.055756,-18.072577],[-141.051296,-18.072685],[-141.049409,-18.073697],[-141.045887,-18.073931],[-141.042167,-18.075546],[-141.039119,-18.075591],[-141.035825,-18.077211],[-141.031189,-18.07827],[-141.026931,-18.078318],[-141.02276,-18.079029],[-141.018087,-18.077254],[-141.019377,-18.075098],[-141.023185,-18.076127],[-141.02781,-18.076136],[-141.033041,-18.075408],[-141.038412,-18.074168],[-141.045767,-18.07157],[-141.050917,-18.070679]]],[[[-141.508873,-17.391946],[-141.509926,-17.390732],[-141.51203,-17.390398],[-141.513704,-17.39538],[-141.512885,-17.396754],[-141.510801,-17.396721],[-141.511175,-17.393777],[-141.509453,-17.393587],[-141.508873,-17.391946]]],[[[-141.499016,-17.36066],[-141.501709,-17.359817],[-141.504754,-17.360191],[-141.503603,-17.36354],[-141.499374,-17.363046],[-141.495068,-17.36636],[-141.494556,-17.367998],[-141.492176,-17.371166],[-141.487732,-17.379122],[-141.487642,-17.382244],[-141.490046,-17.385289],[-141.488251,-17.388187],[-141.4857,-17.388106],[-141.48319,-17.386171],[-141.483141,-17.384034],[-141.485557,-17.378314],[-141.489395,-17.371192],[-141.492334,-17.365113],[-141.494226,-17.363201],[-141.499016,-17.36066]]],[[[-141.505163,-17.362107],[-141.506431,-17.36001],[-141.509392,-17.359792],[-141.516153,-17.361513],[-141.514865,-17.364775],[-141.511425,-17.363167],[-141.505091,-17.363278],[-141.505163,-17.362107]]],[[[-140.921467,-18.271036],[-140.923941,-18.272776],[-140.92041,-18.275807],[-140.918799,-18.273806],[-140.921467,-18.271036]]],[[[-140.931117,-18.262454],[-140.931736,-18.261366],[-140.935065,-18.26218],[-140.934056,-18.264496],[-140.930407,-18.267783],[-140.924558,-18.272463],[-140.923112,-18.270525],[-140.923646,-18.268775],[-140.926444,-18.269111],[-140.92845,-18.268579],[-140.928224,-18.265119],[-140.929983,-18.264474],[-140.931117,-18.262454]]],[[[-140.936494,-18.256276],[-140.935056,-18.253417],[-140.938522,-18.254794],[-140.936494,-18.256276]]],[[[-140.938833,-18.252641],[-140.936966,-18.252018],[-140.93716,-18.249671],[-140.939631,-18.250246],[-140.938833,-18.252641]]],[[[-140.940809,-18.245031],[-140.943772,-18.245558],[-140.941553,-18.249967],[-140.939326,-18.24845],[-140.940809,-18.245031]]],[[[-140.943543,-18.241251],[-140.946046,-18.242971],[-140.944248,-18.245314],[-140.942537,-18.243511],[-140.943543,-18.241251]]],[[[-140.950811,-18.23628],[-140.951824,-18.235814],[-140.95369,-18.237956],[-140.950821,-18.239734],[-140.9498,-18.237819],[-140.950811,-18.23628]]],[[[-140.977745,-18.224263],[-140.980307,-18.225163],[-140.978365,-18.227018],[-140.977745,-18.224263]]],[[[-140.979839,-18.221837],[-140.980815,-18.220885],[-140.982852,-18.222497],[-140.981651,-18.223927],[-140.979839,-18.221837]]],[[[-141.004374,-18.07089],[-141.007541,-18.07078],[-141.014734,-18.073003],[-141.018839,-18.074675],[-141.017465,-18.077106],[-141.009017,-18.073791],[-141.004967,-18.072814],[-141.004374,-18.07089]]],[[[-140.851324,-18.357467],[-140.854458,-18.359005],[-140.851912,-18.360471],[-140.851324,-18.357467]]],[[[-140.859546,-18.353653],[-140.858398,-18.351032],[-140.860715,-18.351305],[-140.862747,-18.352761],[-140.859546,-18.353653]]],[[[-140.872055,-18.339563],[-140.875359,-18.340412],[-140.874612,-18.341727],[-140.872055,-18.339563]]],[[[-140.884876,-18.325921],[-140.887404,-18.327568],[-140.886382,-18.328634],[-140.884876,-18.325921]]],[[[-140.890516,-18.320872],[-140.891411,-18.320085],[-140.893684,-18.321493],[-140.893193,-18.32266],[-140.887605,-18.327428],[-140.886744,-18.324424],[-140.890516,-18.320872]]],[[[-140.895433,-18.317018],[-140.893486,-18.316137],[-140.894083,-18.314306],[-140.896721,-18.315837],[-140.895433,-18.317018]]],[[[-140.899089,-18.306395],[-140.8995,-18.305477],[-140.904247,-18.306278],[-140.904121,-18.307292],[-140.901054,-18.310667],[-140.898197,-18.315228],[-140.89606,-18.312518],[-140.897257,-18.310126],[-140.899601,-18.308769],[-140.899089,-18.306395]]],[[[-140.905083,-18.305081],[-140.904347,-18.306032],[-140.900582,-18.304232],[-140.901134,-18.302372],[-140.904909,-18.304038],[-140.905083,-18.305081]]],[[[-140.900699,-18.30207],[-140.901015,-18.300985],[-140.905281,-18.301695],[-140.905149,-18.30367],[-140.900699,-18.30207]]],[[[-140.908155,-18.292435],[-140.907298,-18.2945],[-140.904595,-18.293189],[-140.904771,-18.291314],[-140.908155,-18.292435]]],[[[-140.907546,-18.288603],[-140.910385,-18.288968],[-140.908947,-18.291789],[-140.906244,-18.290358],[-140.907546,-18.288603]]],[[[-140.91159,-18.282109],[-140.913803,-18.282536],[-140.910676,-18.288092],[-140.909366,-18.2846],[-140.91159,-18.282109]]],[[[-140.918696,-18.275833],[-140.92001,-18.276138],[-140.916713,-18.279447],[-140.914367,-18.277168],[-140.915709,-18.275243],[-140.918696,-18.275833]]],[[[-140.962152,-18.062316],[-140.969359,-18.061295],[-140.975856,-18.062815],[-140.97558,-18.064312],[-140.979969,-18.064752],[-140.982329,-18.064113],[-140.992503,-18.06655],[-140.997401,-18.068127],[-140.998342,-18.070366],[-140.991984,-18.068885],[-140.990652,-18.067204],[-140.98625,-18.067804],[-140.979443,-18.066123],[-140.979646,-18.065013],[-140.975646,-18.065192],[-140.968594,-18.063528],[-140.966894,-18.064252],[-140.962969,-18.064422],[-140.959849,-18.065075],[-140.956402,-18.066613],[-140.950272,-18.072255],[-140.94284,-18.080289],[-140.938927,-18.083871],[-140.937137,-18.084661],[-140.934504,-18.086975],[-140.922457,-18.092907],[-140.91884,-18.094206],[-140.913469,-18.097473],[-140.910976,-18.099778],[-140.908408,-18.103315],[-140.905485,-18.111806],[-140.903309,-18.117432],[-140.902636,-18.117638],[-140.899863,-18.124397],[-140.895748,-18.129859],[-140.895633,-18.131171],[-140.893352,-18.13298],[-140.890022,-18.136635],[-140.886652,-18.142687],[-140.881408,-18.14773],[-140.879754,-18.148597],[-140.872252,-18.155173],[-140.866752,-18.162011],[-140.857023,-18.170981],[-140.852292,-18.17369],[-140.846541,-18.178638],[-140.846135,-18.179849],[-140.841437,-18.183911],[-140.840389,-18.186495],[-140.836989,-18.187338],[-140.829522,-18.192813],[-140.826175,-18.196446],[-140.825156,-18.198492],[-140.820226,-18.205039],[-140.818509,-18.209207],[-140.817429,-18.210674],[-140.818041,-18.216188],[-140.819595,-18.220526],[-140.820939,-18.222671],[-140.818189,-18.223502],[-140.814458,-18.217747],[-140.814054,-18.215906],[-140.81468,-18.211069],[-140.817988,-18.204217],[-140.82182,-18.19919],[-140.823159,-18.196414],[-140.827859,-18.191367],[-140.832648,-18.187468],[-140.837836,-18.184862],[-140.845778,-18.176272],[-140.852041,-18.171506],[-140.856171,-18.168885],[-140.864578,-18.161198],[-140.870822,-18.153948],[-140.877519,-18.148027],[-140.879433,-18.146695],[-140.883954,-18.142496],[-140.887581,-18.136505],[-140.892966,-18.130066],[-140.896999,-18.123835],[-140.90076,-18.116083],[-140.90353,-18.107288],[-140.905997,-18.101843],[-140.911781,-18.095686],[-140.919383,-18.091562],[-140.926477,-18.088634],[-140.933937,-18.084282],[-140.938488,-18.080746],[-140.944591,-18.074863],[-140.947523,-18.071484],[-140.95351,-18.065466],[-140.95667,-18.063388],[-140.962152,-18.062316]]],[[[-140.859836,-17.914793],[-140.862072,-17.914293],[-140.861665,-17.916483],[-140.856451,-17.917112],[-140.856995,-17.915109],[-140.859836,-17.914793]]],[[[-140.871398,-17.889975],[-140.874491,-17.895401],[-140.874729,-17.897584],[-140.876073,-17.90033],[-140.874993,-17.90298],[-140.872873,-17.901801],[-140.873069,-17.899117],[-140.870692,-17.891274],[-140.871398,-17.889975]]],[[[-140.867922,-17.881402],[-140.870894,-17.88348],[-140.870755,-17.886177],[-140.871784,-17.887458],[-140.870456,-17.889943],[-140.868382,-17.884989],[-140.867922,-17.881402]]],[[[-140.864931,-17.872891],[-140.867617,-17.87687],[-140.865891,-17.877747],[-140.864085,-17.873714],[-140.864931,-17.872891]]],[[[-140.858726,-17.859682],[-140.861024,-17.862121],[-140.860092,-17.86345],[-140.858099,-17.863951],[-140.856906,-17.860449],[-140.858726,-17.859682]]],[[[-140.856566,-17.857348],[-140.859333,-17.857284],[-140.859644,-17.858289],[-140.857067,-17.859603],[-140.856566,-17.857348]]],[[[-140.850559,-17.841526],[-140.853434,-17.841223],[-140.855811,-17.844358],[-140.858934,-17.850508],[-140.858771,-17.854832],[-140.855973,-17.854821],[-140.854227,-17.853905],[-140.854692,-17.849549],[-140.852859,-17.843739],[-140.85166,-17.84413],[-140.850559,-17.841526]]],[[[-140.826513,-18.3851],[-140.829311,-18.385874],[-140.827459,-18.388709],[-140.826299,-18.386804],[-140.826513,-18.3851]]],[[[-140.827718,-18.379321],[-140.83196,-18.380659],[-140.831011,-18.382734],[-140.827718,-18.379321]]],[[[-140.830142,-18.377835],[-140.833142,-18.378722],[-140.832273,-18.380462],[-140.830142,-18.377835]]],[[[-140.831582,-18.375545],[-140.835097,-18.377083],[-140.834113,-18.378852],[-140.831582,-18.375545]]],[[[-140.846005,-18.363795],[-140.848479,-18.3645],[-140.847501,-18.366116],[-140.845653,-18.365134],[-140.846005,-18.363795]]],[[[-140.847816,-18.360649],[-140.849044,-18.360445],[-140.851201,-18.361862],[-140.849842,-18.363526],[-140.847816,-18.360649]]],[[[-140.829876,-18.279376],[-140.830535,-18.27727],[-140.833319,-18.278504],[-140.830161,-18.289733],[-140.829308,-18.292061],[-140.827295,-18.294615],[-140.824952,-18.29414],[-140.82803,-18.286219],[-140.829876,-18.279376]]],[[[-140.831174,-18.26646],[-140.834053,-18.266196],[-140.834238,-18.268284],[-140.833424,-18.276494],[-140.832026,-18.277367],[-140.830451,-18.27654],[-140.831317,-18.271923],[-140.831174,-18.26646]]],[[[-140.83182,-18.265574],[-140.83102,-18.262727],[-140.833143,-18.26262],[-140.833977,-18.265405],[-140.83182,-18.265574]]],[[[-140.829814,-18.258998],[-140.832541,-18.258802],[-140.833436,-18.261542],[-140.830307,-18.261819],[-140.829814,-18.258998]]],[[[-140.830506,-18.252289],[-140.831483,-18.255156],[-140.829217,-18.255786],[-140.827899,-18.252729],[-140.830506,-18.252289]]],[[[-140.826954,-18.248409],[-140.830176,-18.248688],[-140.830918,-18.250878],[-140.828181,-18.252313],[-140.826954,-18.248409]]],[[[-140.826939,-18.244727],[-140.828837,-18.24444],[-140.830013,-18.248325],[-140.827047,-18.247903],[-140.826939,-18.244727]]],[[[-140.823994,-18.234798],[-140.823582,-18.233588],[-140.825658,-18.232149],[-140.826836,-18.235637],[-140.823994,-18.234798]]],[[[-140.847353,-17.914088],[-140.849282,-17.914366],[-140.848292,-17.916466],[-140.846759,-17.916022],[-140.847353,-17.914088]]],[[[-140.8366,-17.912075],[-140.838793,-17.911983],[-140.838169,-17.914135],[-140.836542,-17.914005],[-140.8366,-17.912075]]],[[[-140.832034,-17.912667],[-140.832739,-17.911318],[-140.835675,-17.911994],[-140.836014,-17.913779],[-140.832139,-17.913768],[-140.832034,-17.912667]]],[[[-140.826867,-17.910651],[-140.829367,-17.910876],[-140.828735,-17.912466],[-140.826426,-17.912153],[-140.826867,-17.910651]]],[[[-140.84283,-17.833295],[-140.840556,-17.831637],[-140.840583,-17.829961],[-140.84342,-17.829987],[-140.84798,-17.834527],[-140.851697,-17.839125],[-140.849435,-17.840594],[-140.847382,-17.837386],[-140.84283,-17.833295]]],[[[-140.837027,-17.826962],[-140.838107,-17.825042],[-140.840762,-17.8283],[-140.839703,-17.829292],[-140.837027,-17.826962]]],[[[-140.821503,-18.396201],[-140.821246,-18.396856],[-140.805968,-18.404076],[-140.787049,-18.409298],[-140.787742,-18.407687],[-140.791582,-18.405124],[-140.796091,-18.403284],[-140.797295,-18.403957],[-140.800238,-18.402012],[-140.804157,-18.400917],[-140.806393,-18.401496],[-140.808235,-18.398392],[-140.810703,-18.40081],[-140.812161,-18.399945],[-140.812869,-18.39709],[-140.815097,-18.395923],[-140.818178,-18.395287],[-140.818005,-18.393087],[-140.821503,-18.396201]]],[[[-140.821793,-18.388286],[-140.822802,-18.387444],[-140.826863,-18.38972],[-140.826573,-18.391698],[-140.824566,-18.39489],[-140.822912,-18.395668],[-140.821468,-18.392501],[-140.821793,-18.388286]]],[[[-140.823694,-18.229264],[-140.825168,-18.231017],[-140.822937,-18.232273],[-140.822103,-18.229894],[-140.823694,-18.229264]]],[[[-140.820196,-18.223734],[-140.821413,-18.224363],[-140.823734,-18.228158],[-140.822062,-18.229078],[-140.820489,-18.227542],[-140.819147,-18.224388],[-140.820196,-18.223734]]],[[[-140.814798,-17.904492],[-140.817022,-17.90612],[-140.815817,-17.907103],[-140.813267,-17.906108],[-140.814798,-17.904492]]],[[[-140.810107,-17.900844],[-140.813496,-17.90264],[-140.814574,-17.904301],[-140.812179,-17.905145],[-140.808762,-17.902042],[-140.810107,-17.900844]]],[[[-140.802424,-17.894201],[-140.80377,-17.894658],[-140.803144,-17.897052],[-140.801436,-17.895711],[-140.802424,-17.894201]]],[[[-140.796236,-17.88977],[-140.796699,-17.888577],[-140.800222,-17.891682],[-140.798534,-17.89295],[-140.796062,-17.89117],[-140.796236,-17.88977]]],[[[-140.81585,-17.797994],[-140.816858,-17.796501],[-140.818702,-17.798976],[-140.817246,-17.800492],[-140.81585,-17.797994]]],[[[-140.807185,-17.784188],[-140.808738,-17.783839],[-140.812417,-17.784843],[-140.815092,-17.787803],[-140.81508,-17.792107],[-140.815852,-17.794761],[-140.814608,-17.795718],[-140.813004,-17.792854],[-140.811753,-17.788211],[-140.807185,-17.784188]]],[[[-140.789434,-17.771187],[-140.793118,-17.771325],[-140.795721,-17.77299],[-140.794719,-17.774286],[-140.789914,-17.771984],[-140.789434,-17.771187]]],[[[-140.767778,-18.414686],[-140.767416,-18.412376],[-140.768926,-18.411983],[-140.769592,-18.414492],[-140.767778,-18.414686]]],[[[-140.772942,-18.412074],[-140.773721,-18.413945],[-140.771255,-18.414621],[-140.76997,-18.412582],[-140.771725,-18.411169],[-140.772942,-18.412074]]],[[[-140.783674,-18.407389],[-140.785601,-18.407879],[-140.786385,-18.409268],[-140.776843,-18.412737],[-140.775,-18.411694],[-140.780128,-18.408472],[-140.781645,-18.408962],[-140.783674,-18.407389]]],[[[-140.823642,-18.29573],[-140.824697,-18.294306],[-140.827493,-18.295933],[-140.82439,-18.29952],[-140.822539,-18.303709],[-140.820809,-18.304753],[-140.819783,-18.307271],[-140.818168,-18.308005],[-140.81685,-18.310371],[-140.813864,-18.312787],[-140.811744,-18.315909],[-140.809219,-18.318523],[-140.806713,-18.319979],[-140.804985,-18.322801],[-140.797669,-18.329062],[-140.796096,-18.331264],[-140.793413,-18.333475],[-140.79093,-18.33635],[-140.787413,-18.338474],[-140.785463,-18.341029],[-140.783998,-18.341009],[-140.779476,-18.34664],[-140.775929,-18.348715],[-140.769336,-18.352019],[-140.768289,-18.352924],[-140.763427,-18.354819],[-140.761844,-18.356304],[-140.756915,-18.357572],[-140.755547,-18.358619],[-140.746462,-18.362185],[-140.743594,-18.363946],[-140.730567,-18.370706],[-140.72212,-18.375686],[-140.720268,-18.380337],[-140.71892,-18.381309],[-140.717838,-18.38381],[-140.713608,-18.386748],[-140.712011,-18.388492],[-140.704749,-18.393568],[-140.697449,-18.397451],[-140.69218,-18.399585],[-140.687118,-18.399871],[-140.681545,-18.403582],[-140.67829,-18.407008],[-140.676739,-18.410097],[-140.674956,-18.412182],[-140.67368,-18.41512],[-140.673845,-18.417638],[-140.675457,-18.420586],[-140.673312,-18.423732],[-140.674675,-18.426152],[-140.670524,-18.427737],[-140.671347,-18.429661],[-140.676069,-18.428278],[-140.676328,-18.426413],[-140.678142,-18.426093],[-140.677059,-18.422502],[-140.681425,-18.426423],[-140.683236,-18.426616],[-140.684291,-18.423952],[-140.686427,-18.423161],[-140.690081,-18.422909],[-140.690301,-18.424415],[-140.69456,-18.421481],[-140.696559,-18.425296],[-140.692838,-18.425697],[-140.67562,-18.429147],[-140.674541,-18.429863],[-140.668233,-18.430481],[-140.66568,-18.429054],[-140.663726,-18.428895],[-140.663172,-18.426123],[-140.666717,-18.419506],[-140.676692,-18.404751],[-140.679693,-18.401805],[-140.684488,-18.398714],[-140.690313,-18.397639],[-140.698033,-18.394147],[-140.701659,-18.392161],[-140.707038,-18.388667],[-140.711169,-18.385563],[-140.716351,-18.381134],[-140.717903,-18.37885],[-140.719877,-18.374575],[-140.722439,-18.372482],[-140.729052,-18.368669],[-140.747043,-18.359244],[-140.752263,-18.35766],[-140.755161,-18.355931],[-140.757701,-18.355281],[-140.765108,-18.351414],[-140.768849,-18.350012],[-140.776456,-18.345201],[-140.779731,-18.34249],[-140.783127,-18.338957],[-140.789655,-18.333746],[-140.799698,-18.323675],[-140.803402,-18.320327],[-140.809474,-18.314091],[-140.818339,-18.304145],[-140.823642,-18.29573]]],[[[-140.76797,-17.865753],[-140.769757,-17.864878],[-140.770938,-17.867009],[-140.770644,-17.868592],[-140.768779,-17.869092],[-140.76908,-17.866428],[-140.76797,-17.865753]]],[[[-140.756828,-17.757593],[-140.758422,-17.757813],[-140.763231,-17.760925],[-140.766817,-17.761958],[-140.772031,-17.764734],[-140.773106,-17.764435],[-140.777268,-17.765924],[-140.778783,-17.76706],[-140.782914,-17.767237],[-140.783563,-17.769631],[-140.778108,-17.767446],[-140.774021,-17.766736],[-140.766078,-17.763604],[-140.765015,-17.762723],[-140.761891,-17.762098],[-140.756103,-17.758381],[-140.756828,-17.757593]]],[[[-140.749548,-17.753581],[-140.75351,-17.754433],[-140.753266,-17.756516],[-140.749548,-17.753581]]],[[[-140.740253,-17.744955],[-140.742791,-17.744942],[-140.744317,-17.746797],[-140.742742,-17.747623],[-140.740253,-17.744955]]],[[[-140.761898,-18.415498],[-140.763208,-18.413667],[-140.764513,-18.41585],[-140.762421,-18.416945],[-140.756951,-18.418498],[-140.750378,-18.420743],[-140.747527,-18.421128],[-140.741533,-18.422994],[-140.735345,-18.42452],[-140.726352,-18.425116],[-140.722548,-18.425741],[-140.71661,-18.426072],[-140.700725,-18.425218],[-140.697911,-18.425361],[-140.697518,-18.422401],[-140.701159,-18.422108],[-140.701539,-18.423337],[-140.706254,-18.424265],[-140.706544,-18.422475],[-140.709155,-18.423744],[-140.712019,-18.424376],[-140.712963,-18.423523],[-140.719495,-18.424235],[-140.71966,-18.42289],[-140.725726,-18.422313],[-140.727641,-18.423159],[-140.728614,-18.421543],[-140.731041,-18.423093],[-140.732354,-18.422536],[-140.735939,-18.422816],[-140.739569,-18.421431],[-140.740392,-18.419992],[-140.74298,-18.418576],[-140.74471,-18.419705],[-140.747666,-18.419333],[-140.748305,-18.418059],[-140.7516,-18.417839],[-140.756013,-18.415875],[-140.758471,-18.416244],[-140.759926,-18.414022],[-140.761898,-18.415498]]],[[[-140.723504,-17.731271],[-140.725878,-17.730906],[-140.728663,-17.73284],[-140.728616,-17.73429],[-140.725189,-17.732814],[-140.723504,-17.731271]]],[[[-140.714713,-17.7256],[-140.717845,-17.725667],[-140.717996,-17.72818],[-140.714713,-17.7256]]],[[[-140.706415,-17.718561],[-140.709159,-17.718466],[-140.711332,-17.720366],[-140.709959,-17.722234],[-140.706415,-17.718561]]],[[[-140.41157,-19.656701],[-140.413677,-19.65623],[-140.415379,-19.656981],[-140.41345,-19.658883],[-140.41157,-19.656701]]],[[[-140.43578,-19.639486],[-140.433219,-19.638846],[-140.433895,-19.634821],[-140.432855,-19.632039],[-140.435026,-19.631623],[-140.436941,-19.633287],[-140.437169,-19.63533],[-140.43578,-19.639486]]],[[[-140.404323,-19.612479],[-140.406264,-19.611163],[-140.411565,-19.609044],[-140.417201,-19.608183],[-140.420395,-19.608862],[-140.421012,-19.610064],[-140.419441,-19.612637],[-140.415887,-19.610486],[-140.409595,-19.611498],[-140.407293,-19.612657],[-140.400454,-19.61829],[-140.399081,-19.618844],[-140.396329,-19.622344],[-140.384887,-19.63446],[-140.382269,-19.638987],[-140.382095,-19.640299],[-140.383665,-19.645715],[-140.385326,-19.648625],[-140.388307,-19.65264],[-140.391782,-19.655005],[-140.39692,-19.656774],[-140.399559,-19.656607],[-140.400448,-19.658944],[-140.399447,-19.659887],[-140.394249,-19.658939],[-140.391912,-19.657784],[-140.386624,-19.653365],[-140.383479,-19.649293],[-140.381425,-19.645103],[-140.380763,-19.642705],[-140.380639,-19.638984],[-140.381422,-19.636239],[-140.383963,-19.632417],[-140.392219,-19.624175],[-140.393343,-19.622641],[-140.400415,-19.615788],[-140.404323,-19.612479]]],[[[-140.422347,-19.612648],[-140.424864,-19.612787],[-140.427161,-19.6155],[-140.430382,-19.621107],[-140.430598,-19.623455],[-140.42955,-19.624313],[-140.425971,-19.619975],[-140.424225,-19.616237],[-140.422179,-19.614047],[-140.422347,-19.612648]]],[[[-140.704768,-19.115912],[-140.710013,-19.115248],[-140.717172,-19.116041],[-140.718789,-19.117139],[-140.720299,-19.120235],[-140.719982,-19.125119],[-140.719115,-19.126311],[-140.716852,-19.125694],[-140.717864,-19.122339],[-140.717415,-19.120583],[-140.714,-19.118669],[-140.709474,-19.117059],[-140.705066,-19.11739],[-140.702096,-19.118063],[-140.694931,-19.120459],[-140.688345,-19.121335],[-140.678746,-19.122915],[-140.675557,-19.122754],[-140.669588,-19.12329],[-140.666847,-19.12394],[-140.662738,-19.126651],[-140.662609,-19.128499],[-140.661293,-19.130061],[-140.660706,-19.134009],[-140.662142,-19.138934],[-140.664259,-19.141683],[-140.666272,-19.146612],[-140.672583,-19.150457],[-140.673458,-19.152632],[-140.668391,-19.149724],[-140.664659,-19.14594],[-140.661015,-19.140195],[-140.659372,-19.135172],[-140.659301,-19.132411],[-140.660357,-19.127913],[-140.663874,-19.123675],[-140.668209,-19.121782],[-140.671604,-19.121058],[-140.682918,-19.120614],[-140.689749,-19.11969],[-140.69567,-19.118529],[-140.704768,-19.115912]]],[[[-140.650173,-17.736114],[-140.652222,-17.737814],[-140.649986,-17.738744],[-140.650173,-17.736114]]],[[[-140.646657,-17.725904],[-140.648097,-17.724403],[-140.650009,-17.726524],[-140.650063,-17.730588],[-140.647436,-17.731168],[-140.646657,-17.725904]]],[[[-140.681599,-17.705286],[-140.684622,-17.705132],[-140.69335,-17.706478],[-140.696693,-17.709211],[-140.695222,-17.710797],[-140.692224,-17.708695],[-140.685915,-17.70721],[-140.677629,-17.707916],[-140.674267,-17.707824],[-140.669127,-17.709045],[-140.668486,-17.709611],[-140.659028,-17.713828],[-140.655548,-17.716346],[-140.652391,-17.72023],[-140.651255,-17.724052],[-140.646395,-17.724397],[-140.646274,-17.722317],[-140.647447,-17.719486],[-140.653207,-17.714095],[-140.659933,-17.710233],[-140.66935,-17.706619],[-140.67709,-17.705411],[-140.681599,-17.705286]]],[[[-140.697292,-17.709584],[-140.70014,-17.711915],[-140.698726,-17.712518],[-140.696172,-17.711384],[-140.697292,-17.709584]]],[[[-142.390499,-18.039627],[-142.392321,-18.041401],[-142.396129,-18.040828],[-142.396934,-18.046072],[-142.396513,-18.04792],[-142.394056,-18.049019],[-142.391636,-18.048813],[-142.388553,-18.047016],[-142.386329,-18.046518],[-142.384202,-18.044935],[-142.385008,-18.043392],[-142.389764,-18.041394],[-142.390499,-18.039627]]],[[[-142.372073,-18.00874],[-142.373221,-18.008314],[-142.379576,-18.008637],[-142.383968,-18.009495],[-142.387193,-18.011543],[-142.388772,-18.013817],[-142.389179,-18.016974],[-142.38592,-18.017347],[-142.385355,-18.014274],[-142.379776,-18.011081],[-142.372797,-18.01034],[-142.372073,-18.00874]]],[[[-143.061786,-17.868382],[-143.062346,-17.861872],[-143.064509,-17.86058],[-143.065085,-17.863365],[-143.062921,-17.865922],[-143.061786,-17.868382]]],[[[-143.069029,-17.833877],[-143.071459,-17.833796],[-143.076816,-17.835657],[-143.079473,-17.838121],[-143.08512,-17.841993],[-143.087422,-17.844885],[-143.085663,-17.845033],[-143.082933,-17.844111],[-143.082889,-17.842765],[-143.078902,-17.839795],[-143.077569,-17.839735],[-143.073521,-17.837277],[-143.069014,-17.83622],[-143.067865,-17.838344],[-143.067044,-17.841661],[-143.065795,-17.84111],[-143.067051,-17.836574],[-143.069029,-17.833877]]],[[[-142.576791,-17.572202],[-142.579125,-17.572833],[-142.57831,-17.574743],[-142.576494,-17.574038],[-142.575026,-17.576038],[-142.572198,-17.578573],[-142.567803,-17.583601],[-142.565083,-17.584255],[-142.561456,-17.588148],[-142.561303,-17.589087],[-142.558318,-17.59048],[-142.556632,-17.59215],[-142.551455,-17.595854],[-142.551733,-17.596944],[-142.550541,-17.599741],[-142.551415,-17.603982],[-142.550077,-17.606273],[-142.548048,-17.605079],[-142.547084,-17.608112],[-142.544136,-17.607456],[-142.544371,-17.603009],[-142.545521,-17.600214],[-142.548545,-17.595988],[-142.553234,-17.590924],[-142.574534,-17.574551],[-142.576791,-17.572202]]],[[[-142.631128,-17.539876],[-142.632228,-17.541416],[-142.629473,-17.542435],[-142.624872,-17.542929],[-142.623929,-17.544901],[-142.621544,-17.545262],[-142.61494,-17.548278],[-142.612956,-17.549791],[-142.603715,-17.553582],[-142.598711,-17.557063],[-142.595281,-17.558891],[-142.594348,-17.560066],[-142.592398,-17.558916],[-142.590542,-17.560454],[-142.591982,-17.561477],[-142.589531,-17.564112],[-142.587462,-17.564684],[-142.586028,-17.567637],[-142.584522,-17.568416],[-142.582387,-17.571262],[-142.58032,-17.569084],[-142.587778,-17.561153],[-142.591031,-17.559291],[-142.592821,-17.556677],[-142.598115,-17.55336],[-142.610309,-17.547717],[-142.615906,-17.545494],[-142.619415,-17.543534],[-142.627016,-17.540966],[-142.631128,-17.539876]]],[[[-142.666474,-17.543478],[-142.66426,-17.542109],[-142.661274,-17.541281],[-142.660799,-17.539792],[-142.666424,-17.540781],[-142.668402,-17.541869],[-142.670828,-17.545059],[-142.671805,-17.548677],[-142.67073,-17.550718],[-142.66877,-17.549491],[-142.667389,-17.544467],[-142.666474,-17.543478]]],[[[-142.643574,-17.539794],[-142.647425,-17.539764],[-142.647081,-17.541326],[-142.643574,-17.539794]]],[[[-142.568815,-17.304166],[-142.577164,-17.301389],[-142.576725,-17.303178],[-142.572219,-17.304438],[-142.571468,-17.30405],[-142.561158,-17.310203],[-142.565462,-17.306065],[-142.568815,-17.304166]]],[[[-142.220262,-18.136558],[-142.222278,-18.136661],[-142.222944,-18.141451],[-142.225943,-18.144417],[-142.229365,-18.145531],[-142.231605,-18.146855],[-142.227305,-18.14746],[-142.224119,-18.146422],[-142.221624,-18.143957],[-142.220262,-18.136558]]],[[[-142.357682,-18.079945],[-142.361394,-18.074782],[-142.362484,-18.076436],[-142.362694,-18.079612],[-142.363514,-18.081648],[-142.364113,-18.08553],[-142.361745,-18.08531],[-142.360923,-18.086291],[-142.357868,-18.084586],[-142.353538,-18.081203],[-142.355073,-18.080043],[-142.357682,-18.079945]]],[[[-142.287645,-18.014618],[-142.293179,-18.01517],[-142.293008,-18.01635],[-142.289696,-18.015991],[-142.287645,-18.014618]]],[[[-142.355866,-18.009333],[-142.356694,-18.010979],[-142.350891,-18.011743],[-142.350527,-18.012594],[-142.346125,-18.01216],[-142.344106,-18.013028],[-142.335845,-18.013082],[-142.334062,-18.011434],[-142.335201,-18.01023],[-142.339438,-18.01119],[-142.350076,-18.010347],[-142.355866,-18.009333]]],[[[-142.326977,-18.008661],[-142.328844,-18.008652],[-142.333084,-18.010244],[-142.332579,-18.011799],[-142.327679,-18.010665],[-142.322133,-18.012026],[-142.322177,-18.010503],[-142.326977,-18.008661]]],[[[-142.262122,-18.006124],[-142.263997,-18.005154],[-142.266496,-18.006864],[-142.270521,-18.008781],[-142.275711,-18.010705],[-142.275134,-18.01214],[-142.271202,-18.010956],[-142.262122,-18.006124]]],[[[-142.257802,-18.003895],[-142.25849,-18.002508],[-142.261417,-18.004459],[-142.260568,-18.00524],[-142.257802,-18.003895]]],[[[-142.232772,-17.976358],[-142.234468,-17.974768],[-142.236132,-17.979188],[-142.238054,-17.982619],[-142.238778,-17.984998],[-142.245889,-17.994047],[-142.249687,-17.99758],[-142.254747,-18.000786],[-142.256814,-18.001597],[-142.25631,-18.003495],[-142.25001,-18.000297],[-142.243929,-17.995401],[-142.240917,-17.992328],[-142.236862,-17.986924],[-142.233578,-17.980637],[-142.232772,-17.976358]]],[[[-142.222963,-17.962367],[-142.224224,-17.96183],[-142.228011,-17.963539],[-142.232164,-17.966094],[-142.233279,-17.969316],[-142.230503,-17.970385],[-142.229061,-17.967343],[-142.226457,-17.965387],[-142.222217,-17.964289],[-142.222963,-17.962367]]],[[[-142.222376,-18.123736],[-142.223522,-18.124361],[-142.222835,-18.128231],[-142.221854,-18.127903],[-142.222376,-18.123736]]],[[[-142.222425,-18.105485],[-142.222325,-18.100961],[-142.223303,-18.100713],[-142.223307,-18.104976],[-142.222425,-18.105485]]],[[[-142.212515,-18.069468],[-142.213407,-18.069777],[-142.21538,-18.073415],[-142.218671,-18.081064],[-142.220689,-18.084075],[-142.218331,-18.087102],[-142.217933,-18.084046],[-142.215672,-18.077567],[-142.211662,-18.0702],[-142.212515,-18.069468]]],[[[-142.202689,-17.954981],[-142.205916,-17.954981],[-142.211376,-17.956449],[-142.212927,-17.957664],[-142.210881,-17.958901],[-142.205889,-17.958259],[-142.200285,-17.959631],[-142.198876,-17.961003],[-142.198081,-17.963296],[-142.198522,-17.965182],[-142.19655,-17.966794],[-142.194991,-17.965624],[-142.195503,-17.96243],[-142.197141,-17.957382],[-142.198711,-17.955821],[-142.202689,-17.954981]]],[[[-142.213382,-17.958716],[-142.216518,-17.958867],[-142.218156,-17.960777],[-142.213477,-17.960121],[-142.213382,-17.958716]]],[[[-142.183943,-18.299481],[-142.182351,-18.298569],[-142.182175,-18.295045],[-142.184389,-18.294553],[-142.184941,-18.297713],[-142.183943,-18.299481]]],[[[-142.186725,-18.038807],[-142.189122,-18.038865],[-142.190604,-18.041944],[-142.192657,-18.04487],[-142.197192,-18.048252],[-142.199686,-18.051365],[-142.19723,-18.051314],[-142.193169,-18.046192],[-142.191986,-18.045217],[-142.186725,-18.038807]]],[[[-142.188223,-18.022772],[-142.18986,-18.024079],[-142.187784,-18.030669],[-142.188598,-18.03441],[-142.187098,-18.035339],[-142.185013,-18.034912],[-142.18581,-18.030568],[-142.188223,-18.022772]]],[[[-142.191093,-18.010156],[-142.192983,-18.01274],[-142.191554,-18.013793],[-142.191093,-18.010156]]],[[[-142.194657,-18.003986],[-142.194724,-18.006152],[-142.193863,-18.008955],[-142.192156,-18.008399],[-142.19204,-18.006226],[-142.194657,-18.003986]]],[[[-142.197553,-18.000745],[-142.196471,-18.003648],[-142.194572,-18.002684],[-142.195931,-18.000613],[-142.197553,-18.000745]]],[[[-142.196041,-17.97086],[-142.197458,-17.971163],[-142.197719,-17.973974],[-142.200075,-17.974602],[-142.200653,-17.97927],[-142.199188,-17.979884],[-142.196067,-17.971691],[-142.196041,-17.97086]]],[[[-142.171397,-18.31618],[-142.172926,-18.31353],[-142.174192,-18.313312],[-142.175761,-18.320121],[-142.173513,-18.319242],[-142.171664,-18.317616],[-142.171397,-18.31618]]],[[[-142.180231,-18.309006],[-142.181305,-18.308358],[-142.182944,-18.311584],[-142.181725,-18.315113],[-142.178447,-18.320326],[-142.177944,-18.31721],[-142.176341,-18.312442],[-142.180459,-18.312178],[-142.180231,-18.309006]]],[[[-142.155091,-18.290282],[-142.157037,-18.289847],[-142.157848,-18.292365],[-142.159474,-18.293432],[-142.160994,-18.295915],[-142.160667,-18.297137],[-142.164391,-18.302878],[-142.165318,-18.30557],[-142.163999,-18.30617],[-142.16197,-18.303351],[-142.155091,-18.290282]]],[[[-142.161148,-18.180405],[-142.163341,-18.18049],[-142.157094,-18.187291],[-142.153852,-18.192637],[-142.151429,-18.198802],[-142.149334,-18.202684],[-142.149406,-18.203644],[-142.146826,-18.207918],[-142.146921,-18.20923],[-142.142715,-18.217178],[-142.141442,-18.218872],[-142.138734,-18.224671],[-142.136468,-18.227266],[-142.13474,-18.230177],[-142.130506,-18.234081],[-142.129249,-18.236558],[-142.123418,-18.242863],[-142.122535,-18.244564],[-142.120434,-18.246105],[-142.118949,-18.248599],[-142.116244,-18.251465],[-142.114427,-18.256104],[-142.112864,-18.258917],[-142.111563,-18.264346],[-142.112283,-18.26654],[-142.11136,-18.268209],[-142.112767,-18.270868],[-142.110607,-18.272023],[-142.109043,-18.26926],[-142.108942,-18.265896],[-142.110901,-18.260853],[-142.111315,-18.257857],[-142.113534,-18.251963],[-142.114985,-18.249594],[-142.119114,-18.244322],[-142.125019,-18.238061],[-142.133916,-18.227583],[-142.138447,-18.221404],[-142.139505,-18.218846],[-142.143307,-18.211803],[-142.148108,-18.201272],[-142.148895,-18.200511],[-142.151011,-18.194378],[-142.15546,-18.186105],[-142.159423,-18.181541],[-142.161148,-18.180405]]],[[[-142.171599,-18.172402],[-142.172492,-18.173091],[-142.166464,-18.178397],[-142.163781,-18.178376],[-142.169285,-18.173789],[-142.171599,-18.172402]]],[[[-142.183525,-18.164978],[-142.183115,-18.166562],[-142.177859,-18.170179],[-142.176845,-18.169197],[-142.178782,-18.167588],[-142.183525,-18.164978]]],[[[-138.861664,-9.759092],[-138.86335,-9.758341],[-138.86468,-9.759077],[-138.866156,-9.763265],[-138.868511,-9.763915],[-138.868912,-9.760347],[-138.872341,-9.758898],[-138.873598,-9.760173],[-138.873005,-9.761855],[-138.876071,-9.763351],[-138.877735,-9.765109],[-138.881375,-9.765081],[-138.883194,-9.763894],[-138.885568,-9.761195],[-138.885509,-9.75801],[-138.8831,-9.754663],[-138.881297,-9.753225],[-138.883746,-9.749773],[-138.886994,-9.748097],[-138.888964,-9.744646],[-138.891222,-9.745063],[-138.891284,-9.742972],[-138.892809,-9.738757],[-138.895258,-9.737502],[-138.898582,-9.739723],[-138.899267,-9.737077],[-138.90145,-9.737989],[-138.901553,-9.741193],[-138.904357,-9.744816],[-138.90574,-9.743359],[-138.904626,-9.739986],[-138.905853,-9.735867],[-138.907056,-9.735738],[-138.907232,-9.738561],[-138.91141,-9.737797],[-138.912992,-9.737999],[-138.915816,-9.736258],[-138.918358,-9.735468],[-138.92193,-9.739452],[-138.923932,-9.739456],[-138.924095,-9.737573],[-138.925881,-9.735319],[-138.927028,-9.738656],[-138.92846,-9.73741],[-138.930218,-9.734032],[-138.933957,-9.738477],[-138.936439,-9.737139],[-138.936024,-9.739691],[-138.938018,-9.741087],[-138.940242,-9.740039],[-138.940431,-9.737037],[-138.944567,-9.73921],[-138.945653,-9.738618],[-138.949975,-9.739862],[-138.95191,-9.739331],[-138.954263,-9.740547],[-138.955558,-9.739797],[-138.9586,-9.740539],[-138.96157,-9.739014],[-138.962045,-9.735323],[-138.963694,-9.731038],[-138.964096,-9.727865],[-138.965263,-9.723567],[-138.965464,-9.720752],[-138.964636,-9.719412],[-138.96549,-9.715615],[-138.96725,-9.71665],[-138.969295,-9.713151],[-138.968847,-9.709663],[-138.971153,-9.705936],[-138.97508,-9.702803],[-138.980884,-9.703541],[-138.983566,-9.699083],[-138.984761,-9.697902],[-138.98943,-9.700534],[-138.991583,-9.697924],[-138.993495,-9.69881],[-138.991342,-9.701912],[-138.993642,-9.704053],[-138.995022,-9.702509],[-138.996888,-9.702492],[-138.998059,-9.700582],[-139.000002,-9.700375],[-139.004506,-9.698495],[-139.005739,-9.698489],[-139.007804,-9.702052],[-139.009484,-9.702761],[-139.009591,-9.705696],[-139.010833,-9.707412],[-139.013572,-9.707693],[-139.014314,-9.709021],[-139.012789,-9.716707],[-139.013542,-9.718033],[-139.016639,-9.717596],[-139.017452,-9.71825],[-139.019277,-9.715083],[-139.01989,-9.712301],[-139.02145,-9.711226],[-139.024089,-9.710996],[-139.026848,-9.711718],[-139.029226,-9.709906],[-139.031985,-9.70947],[-139.032281,-9.70851],[-139.036129,-9.706711],[-139.037798,-9.706546],[-139.039355,-9.703788],[-139.041999,-9.706767],[-139.042348,-9.711296],[-139.044283,-9.709341],[-139.045143,-9.710186],[-139.045125,-9.714361],[-139.04798,-9.712598],[-139.050135,-9.712767],[-139.04946,-9.715828],[-139.050267,-9.71969],[-139.051323,-9.720116],[-139.053287,-9.717126],[-139.054369,-9.716496],[-139.057296,-9.716712],[-139.057286,-9.717977],[-139.061709,-9.721333],[-139.062476,-9.722495],[-139.060552,-9.726607],[-139.062193,-9.726277],[-139.063377,-9.728374],[-139.065604,-9.727336],[-139.066437,-9.7255],[-139.068483,-9.726098],[-139.068289,-9.727641],[-139.071127,-9.728545],[-139.072256,-9.731854],[-139.07475,-9.732215],[-139.074095,-9.735039],[-139.079217,-9.732818],[-139.080161,-9.734141],[-139.082464,-9.733708],[-139.085165,-9.736823],[-139.084249,-9.738916],[-139.086958,-9.739916],[-139.088936,-9.742777],[-139.09023,-9.739512],[-139.09203,-9.739054],[-139.092696,-9.74043],[-139.092211,-9.744054],[-139.093894,-9.743461],[-139.097902,-9.744224],[-139.097883,-9.746961],[-139.098741,-9.749834],[-139.101088,-9.749455],[-139.102079,-9.745705],[-139.105097,-9.744372],[-139.108756,-9.745013],[-139.110509,-9.746325],[-139.112673,-9.745375],[-139.124091,-9.747289],[-139.127573,-9.748555],[-139.128001,-9.752448],[-139.129251,-9.752675],[-139.130992,-9.750173],[-139.132761,-9.750439],[-139.133187,-9.752606],[-139.136333,-9.754409],[-139.137248,-9.760254],[-139.138556,-9.762983],[-139.139117,-9.76778],[-139.141401,-9.767771],[-139.142396,-9.762472],[-139.145802,-9.762656],[-139.146672,-9.759539],[-139.146208,-9.757549],[-139.147991,-9.756812],[-139.150338,-9.758659],[-139.151624,-9.761401],[-139.152748,-9.761865],[-139.154498,-9.764767],[-139.15755,-9.767494],[-139.161676,-9.773105],[-139.163127,-9.773497],[-139.163815,-9.775321],[-139.15932,-9.780421],[-139.159418,-9.782152],[-139.157342,-9.783736],[-139.156365,-9.78859],[-139.156519,-9.789818],[-139.154207,-9.795704],[-139.154266,-9.79739],[-139.151761,-9.801702],[-139.147635,-9.803317],[-139.145935,-9.805571],[-139.146201,-9.806562],[-139.14286,-9.808964],[-139.139608,-9.813935],[-139.140754,-9.814805],[-139.140842,-9.817836],[-139.138803,-9.818811],[-139.138209,-9.820955],[-139.134827,-9.823979],[-139.135635,-9.826263],[-139.133808,-9.826977],[-139.131912,-9.829056],[-139.129452,-9.828744],[-139.125926,-9.831177],[-139.125568,-9.833655],[-139.123334,-9.83349],[-139.121057,-9.831092],[-139.120052,-9.835617],[-139.11837,-9.834897],[-139.116751,-9.836322],[-139.114452,-9.839917],[-139.115648,-9.842334],[-139.112529,-9.841703],[-139.110999,-9.839052],[-139.10813,-9.843015],[-139.10608,-9.840539],[-139.104463,-9.844479],[-139.101316,-9.844155],[-139.101965,-9.846661],[-139.096829,-9.848749],[-139.095059,-9.847949],[-139.094373,-9.845663],[-139.091697,-9.84721],[-139.09052,-9.849504],[-139.087445,-9.848001],[-139.084832,-9.848017],[-139.084851,-9.850737],[-139.081971,-9.850064],[-139.08075,-9.850874],[-139.07866,-9.849415],[-139.077645,-9.851448],[-139.075736,-9.850442],[-139.070207,-9.850979],[-139.065516,-9.853669],[-139.064501,-9.855525],[-139.062345,-9.85455],[-139.058533,-9.857732],[-139.054982,-9.859681],[-139.050176,-9.860845],[-139.047878,-9.858092],[-139.045719,-9.857571],[-139.044994,-9.859424],[-139.04271,-9.858529],[-139.040489,-9.855131],[-139.038619,-9.853649],[-139.039964,-9.852073],[-139.0391,-9.850708],[-139.03618,-9.849916],[-139.035968,-9.848619],[-139.04057,-9.847714],[-139.041682,-9.846387],[-139.043701,-9.846866],[-139.047492,-9.846485],[-139.050255,-9.84561],[-139.051745,-9.843652],[-139.054715,-9.84256],[-139.05998,-9.838882],[-139.060308,-9.836899],[-139.062192,-9.835535],[-139.061443,-9.831332],[-139.060222,-9.828532],[-139.06096,-9.827191],[-139.05864,-9.825644],[-139.056786,-9.821864],[-139.054337,-9.819938],[-139.053179,-9.816181],[-139.051519,-9.81483],[-139.047016,-9.813272],[-139.044576,-9.812885],[-139.044716,-9.811413],[-139.042146,-9.811231],[-139.042295,-9.808464],[-139.03918,-9.805604],[-139.037169,-9.805233],[-139.035282,-9.807308],[-139.034143,-9.804154],[-139.031011,-9.801249],[-139.030139,-9.803383],[-139.031461,-9.806542],[-139.031858,-9.809606],[-139.030028,-9.809834],[-139.026324,-9.808177],[-139.024084,-9.808446],[-139.023353,-9.809516],[-139.019896,-9.809449],[-139.017279,-9.810852],[-139.017233,-9.80734],[-139.015584,-9.806885],[-139.014566,-9.810185],[-139.011284,-9.810495],[-139.008442,-9.811731],[-139.007087,-9.810453],[-139.006218,-9.807069],[-139.003034,-9.805542],[-139.002713,-9.809916],[-138.999846,-9.811463],[-138.997441,-9.811233],[-138.992238,-9.812695],[-138.990252,-9.812356],[-138.988578,-9.807786],[-138.984831,-9.80802],[-138.984095,-9.804703],[-138.984591,-9.802993],[-138.984054,-9.80032],[-138.981723,-9.800363],[-138.980684,-9.803904],[-138.977872,-9.806339],[-138.977212,-9.804152],[-138.973649,-9.802385],[-138.971286,-9.803017],[-138.966672,-9.805158],[-138.963637,-9.80704],[-138.959998,-9.807713],[-138.955474,-9.807908],[-138.956853,-9.805055],[-138.953762,-9.80448],[-138.953313,-9.80332],[-138.950106,-9.80352],[-138.950152,-9.801008],[-138.949174,-9.80045],[-138.950151,-9.797732],[-138.948778,-9.796429],[-138.946431,-9.799932],[-138.94423,-9.800406],[-138.93905,-9.802793],[-138.939953,-9.806171],[-138.93798,-9.806336],[-138.934868,-9.804989],[-138.934424,-9.806908],[-138.930648,-9.806928],[-138.925065,-9.807695],[-138.924459,-9.800453],[-138.922776,-9.800291],[-138.921764,-9.803668],[-138.918672,-9.804595],[-138.917644,-9.805932],[-138.915643,-9.805977],[-138.914921,-9.80825],[-138.913584,-9.809013],[-138.911978,-9.808064],[-138.911096,-9.804029],[-138.911471,-9.801776],[-138.90979,-9.798302],[-138.90824,-9.799234],[-138.908432,-9.802207],[-138.907403,-9.804544],[-138.905675,-9.805315],[-138.904136,-9.802677],[-138.902153,-9.803912],[-138.901586,-9.80613],[-138.900376,-9.807366],[-138.898115,-9.803501],[-138.893531,-9.800424],[-138.890357,-9.800521],[-138.888804,-9.801267],[-138.886764,-9.799637],[-138.883134,-9.799478],[-138.881898,-9.798499],[-138.881388,-9.795777],[-138.879941,-9.795547],[-138.879753,-9.793161],[-138.877498,-9.792246],[-138.874946,-9.793502],[-138.872109,-9.793642],[-138.870701,-9.790848],[-138.868839,-9.789249],[-138.865139,-9.788564],[-138.863696,-9.784884],[-138.861173,-9.784068],[-138.854359,-9.782907],[-138.854611,-9.780235],[-138.849962,-9.778085],[-138.849442,-9.776646],[-138.84717,-9.7763],[-138.843932,-9.77388],[-138.838117,-9.773021],[-138.836552,-9.771203],[-138.831305,-9.769064],[-138.829445,-9.767432],[-138.827366,-9.770241],[-138.825093,-9.770107],[-138.823287,-9.771326],[-138.819805,-9.769509],[-138.817876,-9.77105],[-138.814921,-9.769485],[-138.816329,-9.768542],[-138.815509,-9.766174],[-138.813634,-9.766578],[-138.811849,-9.765229],[-138.809681,-9.766373],[-138.808765,-9.76493],[-138.806311,-9.763845],[-138.808707,-9.76236],[-138.808772,-9.760582],[-138.80617,-9.754871],[-138.805064,-9.753636],[-138.80126,-9.751892],[-138.802173,-9.750489],[-138.79857,-9.7461],[-138.798266,-9.744206],[-138.79988,-9.743398],[-138.803632,-9.74318],[-138.806039,-9.740824],[-138.80879,-9.740559],[-138.810722,-9.74989],[-138.813722,-9.751338],[-138.815071,-9.752861],[-138.817701,-9.753732],[-138.818288,-9.755587],[-138.821618,-9.758474],[-138.82515,-9.760186],[-138.826677,-9.762405],[-138.828401,-9.762156],[-138.829615,-9.763862],[-138.83113,-9.764283],[-138.834435,-9.763773],[-138.837149,-9.765626],[-138.837471,-9.767565],[-138.841955,-9.769823],[-138.846673,-9.771164],[-138.84794,-9.77024],[-138.848618,-9.766834],[-138.846596,-9.76325],[-138.845001,-9.762504],[-138.847908,-9.759829],[-138.849114,-9.761542],[-138.851971,-9.762766],[-138.85568,-9.760634],[-138.857607,-9.762293],[-138.861299,-9.760314],[-138.861664,-9.759092]]],[[[-138.924178,-9.433193],[-138.926186,-9.433066],[-138.92946,-9.434903],[-138.930624,-9.437871],[-138.926493,-9.43886],[-138.924573,-9.438511],[-138.922013,-9.4395],[-138.919755,-9.438751],[-138.919686,-9.436882],[-138.921955,-9.435485],[-138.924178,-9.433193]]],[[[-138.798457,-10.018867],[-138.802403,-10.015408],[-138.804205,-10.016674],[-138.804936,-10.018526],[-138.804205,-10.019744],[-138.801136,-10.020231],[-138.798457,-10.018867]]],[[[-138.826603,-9.954332],[-138.828833,-9.951782],[-138.828226,-9.950008],[-138.830654,-9.949552],[-138.833522,-9.952511],[-138.83466,-9.95547],[-138.837301,-9.955606],[-138.839072,-9.957329],[-138.836937,-9.960068],[-138.83853,-9.96198],[-138.840852,-9.967351],[-138.841398,-9.969764],[-138.83985,-9.973452],[-138.842217,-9.976092],[-138.841034,-9.979552],[-138.842035,-9.980326],[-138.841944,-9.982966],[-138.840943,-9.986016],[-138.83853,-9.988657],[-138.836208,-9.989613],[-138.835844,-9.993118],[-138.836846,-9.994256],[-138.833915,-9.995781],[-138.833593,-9.998976],[-138.831127,-10.00129],[-138.82823,-10.004863],[-138.82386,-10.00805],[-138.823905,-10.009598],[-138.822255,-10.010534],[-138.820764,-10.009036],[-138.818488,-10.009962],[-138.814937,-10.015607],[-138.813435,-10.016472],[-138.810066,-10.016882],[-138.808882,-10.015607],[-138.806516,-10.015039],[-138.806845,-10.012466],[-138.809076,-10.010872],[-138.808439,-10.009461],[-138.810305,-10.006001],[-138.809668,-10.005319],[-138.812945,-9.997397],[-138.814084,-9.993892],[-138.817634,-9.99157],[-138.820912,-9.987746],[-138.821823,-9.984833],[-138.821959,-9.979734],[-138.8251,-9.976365],[-138.825571,-9.971344],[-138.824736,-9.96981],[-138.824235,-9.966213],[-138.823416,-9.965667],[-138.822733,-9.96248],[-138.823689,-9.958019],[-138.826694,-9.95597],[-138.826603,-9.954332]]],[[[-150.984752,-16.821521],[-150.981417,-16.819115],[-150.980667,-16.817414],[-150.980613,-16.813461],[-150.9821,-16.813249],[-150.983185,-16.81062],[-150.982501,-16.808972],[-150.979791,-16.808827],[-150.97486,-16.805197],[-150.972223,-16.801796],[-150.971211,-16.799591],[-150.973095,-16.796203],[-150.975789,-16.795235],[-150.976164,-16.79314],[-150.974429,-16.792752],[-150.971306,-16.793214],[-150.968587,-16.792849],[-150.966434,-16.794346],[-150.963205,-16.792541],[-150.958652,-16.787722],[-150.958867,-16.785625],[-150.958096,-16.783169],[-150.958159,-16.778486],[-150.957449,-16.776148],[-150.958143,-16.77422],[-150.961099,-16.770234],[-150.960707,-16.768594],[-150.962127,-16.767226],[-150.964394,-16.763215],[-150.966462,-16.76114],[-150.969419,-16.759229],[-150.96947,-16.756607],[-150.972322,-16.758447],[-150.975007,-16.7569],[-150.974877,-16.754965],[-150.976349,-16.751666],[-150.979339,-16.752479],[-150.9823,-16.754636],[-150.985611,-16.758514],[-150.988052,-16.75925],[-150.988398,-16.760877],[-150.991716,-16.763788],[-150.993669,-16.764314],[-150.996704,-16.764022],[-150.998611,-16.765781],[-151.005758,-16.766612],[-151.006331,-16.767919],[-151.00834,-16.767863],[-151.010639,-16.769692],[-151.011218,-16.771063],[-151.015479,-16.77139],[-151.016732,-16.772091],[-151.016621,-16.774423],[-151.019729,-16.77798],[-151.024008,-16.776857],[-151.027515,-16.778624],[-151.026039,-16.781531],[-151.026079,-16.783456],[-151.023234,-16.783297],[-151.021441,-16.780703],[-151.018442,-16.780126],[-151.016241,-16.782186],[-151.016127,-16.783634],[-151.019054,-16.784866],[-151.02199,-16.784952],[-151.023457,-16.787698],[-151.022411,-16.789944],[-151.019506,-16.790653],[-151.015291,-16.794069],[-151.011653,-16.793183],[-151.010559,-16.792335],[-151.009908,-16.788565],[-151.011878,-16.782228],[-151.009169,-16.780124],[-151.006804,-16.781152],[-151.006686,-16.78366],[-151.003279,-16.785782],[-151.001246,-16.788161],[-151.001398,-16.789223],[-151.004943,-16.792854],[-151.006634,-16.795265],[-151.009665,-16.795678],[-151.011105,-16.796784],[-151.005239,-16.802382],[-151.004137,-16.804597],[-151.000924,-16.807177],[-151.000106,-16.809431],[-150.99689,-16.808374],[-150.993098,-16.808675],[-150.989665,-16.811272],[-150.988591,-16.815157],[-150.98872,-16.818874],[-150.984752,-16.821521]]],[[[-151.034672,-16.775739],[-151.034299,-16.778039],[-151.03271,-16.778602],[-151.031231,-16.777596],[-151.034672,-16.775739]]],[[[-150.975952,-16.744651],[-150.976022,-16.743493],[-150.978728,-16.741425],[-150.98037,-16.737352],[-150.980476,-16.734575],[-150.981428,-16.733312],[-150.980731,-16.730538],[-150.983609,-16.728932],[-150.987909,-16.730063],[-150.991314,-16.732315],[-150.992772,-16.730905],[-150.991582,-16.729397],[-150.989725,-16.72893],[-150.984516,-16.725945],[-150.984052,-16.724354],[-150.986703,-16.722347],[-150.986235,-16.717346],[-150.986633,-16.709155],[-150.987117,-16.704915],[-150.985993,-16.701419],[-150.99006,-16.697546],[-150.993086,-16.697671],[-150.994979,-16.699019],[-150.997033,-16.698831],[-151.002534,-16.696544],[-151.004835,-16.697944],[-151.006971,-16.697854],[-151.012162,-16.699984],[-151.016538,-16.70024],[-151.020635,-16.701421],[-151.022814,-16.70031],[-151.023955,-16.694811],[-151.023367,-16.69123],[-151.021708,-16.690184],[-151.014353,-16.690909],[-151.013048,-16.690338],[-151.011295,-16.687308],[-151.00242,-16.687151],[-150.999476,-16.689442],[-150.99779,-16.693586],[-150.995811,-16.693666],[-150.993187,-16.692599],[-150.988548,-16.693744],[-150.986043,-16.695544],[-150.9851,-16.697768],[-150.986019,-16.700231],[-150.985162,-16.701352],[-150.986611,-16.705523],[-150.985743,-16.70894],[-150.985975,-16.712347],[-150.984502,-16.712782],[-150.982805,-16.711395],[-150.981375,-16.715049],[-150.980209,-16.713572],[-150.979142,-16.709254],[-150.980388,-16.701396],[-150.980732,-16.696201],[-150.982359,-16.693369],[-150.987597,-16.689578],[-150.9922,-16.685259],[-150.995234,-16.683378],[-150.998696,-16.683174],[-151.0025,-16.684239],[-151.013069,-16.68499],[-151.019794,-16.68565],[-151.025064,-16.686671],[-151.028692,-16.687783],[-151.032701,-16.690877],[-151.03595,-16.696333],[-151.040023,-16.702443],[-151.040732,-16.705042],[-151.039629,-16.706603],[-151.03933,-16.710473],[-151.03609,-16.713873],[-151.033556,-16.715512],[-151.033785,-16.718479],[-151.03209,-16.721234],[-151.034706,-16.7211],[-151.036626,-16.721831],[-151.036923,-16.724784],[-151.037939,-16.726819],[-151.037545,-16.729283],[-151.035739,-16.730613],[-151.032574,-16.736977],[-151.030633,-16.73857],[-151.031311,-16.739751],[-151.034599,-16.73693],[-151.039154,-16.734353],[-151.041011,-16.732244],[-151.04494,-16.737187],[-151.046348,-16.74108],[-151.046051,-16.74665],[-151.044332,-16.747412],[-151.044585,-16.749938],[-151.046308,-16.750277],[-151.047065,-16.754187],[-151.047119,-16.758113],[-151.045952,-16.761865],[-151.043605,-16.762676],[-151.044981,-16.766218],[-151.044687,-16.768051],[-151.042535,-16.771867],[-151.038457,-16.774105],[-151.035911,-16.773158],[-151.036052,-16.766298],[-151.036602,-16.763277],[-151.034758,-16.761855],[-151.034265,-16.759957],[-151.031596,-16.75996],[-151.02856,-16.757713],[-151.026564,-16.758606],[-151.027886,-16.760775],[-151.025911,-16.763426],[-151.026211,-16.764417],[-151.021558,-16.769699],[-151.016006,-16.768936],[-151.014639,-16.76966],[-151.010213,-16.768375],[-151.009207,-16.766492],[-151.010325,-16.764995],[-151.010854,-16.759326],[-151.011755,-16.758777],[-151.013919,-16.754901],[-151.016426,-16.753013],[-151.014922,-16.750665],[-151.01065,-16.754565],[-151.006756,-16.752044],[-151.007199,-16.749284],[-151.006211,-16.747035],[-151.004219,-16.74668],[-151.001007,-16.747655],[-150.998857,-16.749944],[-150.997192,-16.749804],[-150.995737,-16.751808],[-150.993336,-16.751119],[-150.99187,-16.748443],[-150.988324,-16.748282],[-150.983945,-16.747254],[-150.983096,-16.745817],[-150.975952,-16.744651]]],[[[-150.972726,-16.811876],[-150.975201,-16.812763],[-150.975719,-16.81765],[-150.974398,-16.81987],[-150.97266,-16.819386],[-150.972011,-16.814938],[-150.972726,-16.811876]]],[[[-150.963844,-16.753698],[-150.966013,-16.753984],[-150.965077,-16.756342],[-150.96216,-16.758815],[-150.961569,-16.760172],[-150.955585,-16.764244],[-150.951336,-16.767992],[-150.950614,-16.769475],[-150.950645,-16.773578],[-150.951582,-16.775542],[-150.948682,-16.776128],[-150.946526,-16.774437],[-150.94614,-16.771795],[-150.949742,-16.764962],[-150.952173,-16.763114],[-150.955495,-16.761581],[-150.960174,-16.757798],[-150.963844,-16.753698]]],[[[-150.97598,-16.724262],[-150.977728,-16.725944],[-150.975323,-16.728193],[-150.975651,-16.730638],[-150.9749,-16.732692],[-150.972233,-16.732679],[-150.972283,-16.735253],[-150.974462,-16.738688],[-150.972741,-16.74112],[-150.969705,-16.738747],[-150.969559,-16.732041],[-150.971577,-16.728521],[-150.97598,-16.724262]]],[[[-150.980786,-16.717458],[-150.981476,-16.721896],[-150.97823,-16.72224],[-150.977437,-16.719985],[-150.980786,-16.717458]]],[[[-144.280516,-16.811065],[-144.283479,-16.811301],[-144.287101,-16.813153],[-144.29137,-16.816525],[-144.293934,-16.820701],[-144.294837,-16.826153],[-144.291753,-16.82707],[-144.29145,-16.823765],[-144.289873,-16.821917],[-144.289352,-16.81846],[-144.288038,-16.817414],[-144.287494,-16.815373],[-144.284662,-16.815618],[-144.283627,-16.813617],[-144.281426,-16.813648],[-144.280516,-16.811065]]],[[[-144.276262,-16.811314],[-144.275006,-16.813379],[-144.271457,-16.815893],[-144.271086,-16.814665],[-144.273242,-16.812588],[-144.276262,-16.811314]]],[[[-144.243873,-16.662362],[-144.245946,-16.661334],[-144.246934,-16.663613],[-144.245242,-16.665094],[-144.24293,-16.663733],[-144.243873,-16.662362]]],[[[-144.244579,-16.656835],[-144.247012,-16.658206],[-144.246573,-16.660723],[-144.244077,-16.660215],[-144.244579,-16.656835]]],[[[-144.235503,-16.629458],[-144.236789,-16.628779],[-144.243264,-16.629561],[-144.246792,-16.631694],[-144.248112,-16.634121],[-144.247705,-16.635518],[-144.243862,-16.632132],[-144.239152,-16.630401],[-144.23578,-16.630906],[-144.235503,-16.629458]]],[[[-144.285376,-16.422537],[-144.288039,-16.42036],[-144.289364,-16.422337],[-144.286971,-16.42402],[-144.284112,-16.427037],[-144.279243,-16.434016],[-144.275215,-16.438055],[-144.27483,-16.441303],[-144.271713,-16.441225],[-144.268104,-16.444311],[-144.266982,-16.44628],[-144.264411,-16.448008],[-144.263902,-16.449221],[-144.261455,-16.451008],[-144.257884,-16.454605],[-144.257246,-16.45608],[-144.252674,-16.461434],[-144.249005,-16.468614],[-144.24764,-16.472181],[-144.24714,-16.475532],[-144.247591,-16.478062],[-144.249671,-16.481679],[-144.251529,-16.483882],[-144.249103,-16.487003],[-144.248085,-16.486522],[-144.245685,-16.480815],[-144.245161,-16.478656],[-144.245066,-16.474193],[-144.247172,-16.46763],[-144.249489,-16.462664],[-144.253599,-16.456619],[-144.258232,-16.451281],[-144.262608,-16.44724],[-144.271002,-16.43815],[-144.275246,-16.434929],[-144.278946,-16.430187],[-144.285376,-16.422537]]],[[[-144.294853,-16.412109],[-144.296503,-16.410206],[-144.29894,-16.411448],[-144.297532,-16.412558],[-144.295686,-16.416078],[-144.294014,-16.416483],[-144.292409,-16.418724],[-144.289276,-16.418576],[-144.294853,-16.412109]]],[[[-144.313713,-16.393439],[-144.316975,-16.391212],[-144.317171,-16.393454],[-144.310211,-16.399951],[-144.307745,-16.402928],[-144.305917,-16.403718],[-144.304276,-16.40637],[-144.302218,-16.407518],[-144.301212,-16.40908],[-144.299475,-16.407563],[-144.301486,-16.405425],[-144.305761,-16.402104],[-144.310396,-16.396521],[-144.313713,-16.393439]]],[[[-144.463928,-16.383828],[-144.465155,-16.386184],[-144.464036,-16.392139],[-144.462642,-16.395327],[-144.460741,-16.393768],[-144.462341,-16.390794],[-144.461987,-16.388925],[-144.463928,-16.383828]]],[[[-144.342981,-16.370565],[-144.350586,-16.367398],[-144.352388,-16.367297],[-144.352558,-16.369456],[-144.349287,-16.370157],[-144.347847,-16.371622],[-144.338486,-16.374569],[-144.336139,-16.376696],[-144.333847,-16.376997],[-144.330887,-16.378849],[-144.32791,-16.382109],[-144.324924,-16.386676],[-144.324393,-16.388129],[-144.319745,-16.391452],[-144.319249,-16.38974],[-144.323496,-16.385098],[-144.325554,-16.382141],[-144.32755,-16.378263],[-144.331389,-16.374897],[-144.338746,-16.371952],[-144.342981,-16.370565]]],[[[-144.406659,-16.338075],[-144.410951,-16.337791],[-144.415057,-16.338271],[-144.415834,-16.340897],[-144.407206,-16.340408],[-144.399499,-16.341704],[-144.395854,-16.342765],[-144.385944,-16.347784],[-144.382047,-16.351434],[-144.376534,-16.354424],[-144.374086,-16.355364],[-144.370622,-16.357723],[-144.366935,-16.359228],[-144.363586,-16.361293],[-144.361387,-16.363852],[-144.357079,-16.366895],[-144.356259,-16.368224],[-144.354237,-16.367736],[-144.355544,-16.365247],[-144.361475,-16.361365],[-144.365071,-16.358002],[-144.370716,-16.354633],[-144.374064,-16.353029],[-144.382189,-16.34817],[-144.388026,-16.343754],[-144.39484,-16.340342],[-144.400943,-16.338688],[-144.406659,-16.338075]]],[[[-144.421631,-16.341259],[-144.424033,-16.34209],[-144.423207,-16.344146],[-144.421491,-16.34365],[-144.421631,-16.341259]]],[[[-144.071603,-16.733923],[-144.072608,-16.733817],[-144.074815,-16.736756],[-144.071566,-16.736387],[-144.071603,-16.733923]]],[[[-144.0832,-16.711725],[-144.08705,-16.709772],[-144.087146,-16.711379],[-144.08352,-16.713408],[-144.07917,-16.716788],[-144.072492,-16.726092],[-144.071279,-16.728684],[-144.071239,-16.733486],[-144.070108,-16.733202],[-144.070112,-16.730761],[-144.071214,-16.726376],[-144.074316,-16.72007],[-144.077724,-16.716155],[-144.0832,-16.711725]]],[[[-144.114431,-16.708279],[-144.117443,-16.708392],[-144.119949,-16.709465],[-144.124674,-16.712484],[-144.127389,-16.716515],[-144.126898,-16.720844],[-144.124015,-16.720326],[-144.123023,-16.715379],[-144.118152,-16.710543],[-144.116647,-16.709624],[-144.113849,-16.710291],[-144.114431,-16.708279]]],[[[-144.09969,-16.707704],[-144.100571,-16.709749],[-144.096782,-16.709192],[-144.093259,-16.70938],[-144.090231,-16.710217],[-144.089199,-16.70936],[-144.0932,-16.707873],[-144.09969,-16.707704]]],[[[-144.215505,-16.67244],[-144.216296,-16.674531],[-144.213174,-16.676045],[-144.213726,-16.67329],[-144.215505,-16.67244]]],[[[-144.213729,-16.624568],[-144.217402,-16.624329],[-144.217988,-16.626602],[-144.213282,-16.626778],[-144.208537,-16.627968],[-144.206557,-16.630356],[-144.20304,-16.630766],[-144.198734,-16.633232],[-144.197959,-16.63461],[-144.194275,-16.63677],[-144.191535,-16.639935],[-144.190042,-16.643425],[-144.188465,-16.645398],[-144.186319,-16.653342],[-144.185993,-16.657117],[-144.183761,-16.656801],[-144.184453,-16.651285],[-144.186339,-16.645825],[-144.189695,-16.639529],[-144.192304,-16.636087],[-144.199921,-16.629532],[-144.208287,-16.625306],[-144.212536,-16.624305],[-144.213729,-16.624568]]],[[[-144.219011,-16.627151],[-144.219172,-16.625313],[-144.221924,-16.625781],[-144.222301,-16.628142],[-144.219011,-16.627151]]],[[[-143.787093,-16.537679],[-143.790977,-16.535027],[-143.792593,-16.537594],[-143.787013,-16.54117],[-143.785539,-16.539607],[-143.787093,-16.537679]]],[[[-143.799078,-16.53381],[-143.797602,-16.532184],[-143.799885,-16.530307],[-143.801233,-16.533025],[-143.799078,-16.53381]]],[[[-143.816712,-16.509153],[-143.818584,-16.509461],[-143.81886,-16.512995],[-143.817928,-16.518211],[-143.813339,-16.521307],[-143.81301,-16.523427],[-143.808997,-16.527277],[-143.806585,-16.527933],[-143.804967,-16.529403],[-143.80375,-16.527882],[-143.809848,-16.522785],[-143.815263,-16.515168],[-143.816817,-16.510585],[-143.816712,-16.509153]]],[[[-143.817078,-16.506473],[-143.817823,-16.503892],[-143.819936,-16.506184],[-143.817078,-16.506473]]],[[[-143.820521,-16.500674],[-143.818968,-16.500843],[-143.81915,-16.498325],[-143.820993,-16.498047],[-143.820521,-16.500674]]],[[[-143.821765,-16.49032],[-143.822538,-16.488002],[-143.82465,-16.488355],[-143.823095,-16.495024],[-143.820827,-16.494842],[-143.820624,-16.493298],[-143.821765,-16.49032]]],[[[-143.825854,-16.482304],[-143.827544,-16.480253],[-143.829071,-16.480597],[-143.827953,-16.484308],[-143.826454,-16.485331],[-143.82592,-16.487666],[-143.82339,-16.486494],[-143.825854,-16.482304]]],[[[-143.990219,-16.472976],[-143.992799,-16.473457],[-143.996694,-16.479409],[-143.998261,-16.483625],[-143.995596,-16.487644],[-143.993776,-16.486362],[-143.99331,-16.483189],[-143.993979,-16.479646],[-143.992228,-16.476772],[-143.990807,-16.475743],[-143.990219,-16.472976]]],[[[-143.828442,-16.478063],[-143.829811,-16.475051],[-143.831992,-16.476138],[-143.83084,-16.479033],[-143.828442,-16.478063]]],[[[-143.830966,-16.474708],[-143.832672,-16.471352],[-143.835027,-16.472216],[-143.832985,-16.474557],[-143.830966,-16.474708]]],[[[-143.833785,-16.470666],[-143.834729,-16.468144],[-143.836483,-16.470024],[-143.834898,-16.471584],[-143.833785,-16.470666]]],[[[-143.982325,-16.464686],[-143.98355,-16.46385],[-143.987525,-16.468082],[-143.988456,-16.469722],[-143.986309,-16.470711],[-143.984514,-16.46715],[-143.982325,-16.464686]]],[[[-143.848185,-16.456725],[-143.854656,-16.452227],[-143.856762,-16.452302],[-143.856885,-16.454705],[-143.852435,-16.456799],[-143.851302,-16.45802],[-143.844492,-16.46186],[-143.841443,-16.464096],[-143.841095,-16.465096],[-143.837137,-16.468353],[-143.835879,-16.466502],[-143.836811,-16.465045],[-143.84146,-16.460354],[-143.845428,-16.458717],[-143.848185,-16.456725]]],[[[-143.861022,-16.450115],[-143.864345,-16.449533],[-143.865582,-16.450199],[-143.865511,-16.452456],[-143.863245,-16.452437],[-143.858939,-16.453613],[-143.857746,-16.451491],[-143.861022,-16.450115]]],[[[-143.964727,-16.450107],[-143.966151,-16.448622],[-143.970302,-16.448312],[-143.972695,-16.450314],[-143.973518,-16.45317],[-143.971174,-16.453168],[-143.968021,-16.450328],[-143.964727,-16.450107]]],[[[-143.921239,-16.438784],[-143.927617,-16.436658],[-143.930209,-16.436718],[-143.931699,-16.439284],[-143.922942,-16.44078],[-143.917573,-16.442261],[-143.914245,-16.442344],[-143.905011,-16.443794],[-143.901286,-16.443806],[-143.899002,-16.444467],[-143.892825,-16.444592],[-143.887459,-16.445434],[-143.877988,-16.448963],[-143.874253,-16.449576],[-143.866481,-16.451722],[-143.865994,-16.449696],[-143.871767,-16.447621],[-143.874822,-16.446998],[-143.881678,-16.444926],[-143.886526,-16.44301],[-143.892386,-16.44208],[-143.897905,-16.441599],[-143.905111,-16.441428],[-143.914284,-16.439678],[-143.919022,-16.439517],[-143.921239,-16.438784]]],[[[-143.949581,-16.440542],[-143.949742,-16.438014],[-143.953529,-16.439075],[-143.956053,-16.440707],[-143.954804,-16.442616],[-143.953509,-16.441306],[-143.949581,-16.440542]]],[[[-143.932713,-16.437239],[-143.936539,-16.437782],[-143.937086,-16.439405],[-143.932604,-16.439289],[-143.932713,-16.437239]]],[[[-143.942047,-16.436584],[-143.946506,-16.437295],[-143.945098,-16.439268],[-143.939177,-16.438863],[-143.939929,-16.437168],[-143.942047,-16.436584]]],[[[-143.455897,-17.482578],[-143.456801,-17.480556],[-143.458378,-17.481704],[-143.456801,-17.48382],[-143.45808,-17.48522],[-143.458109,-17.487495],[-143.456523,-17.487396],[-143.455897,-17.482578]]],[[[-143.435745,-17.475792],[-143.441141,-17.476561],[-143.445178,-17.477662],[-143.443087,-17.480602],[-143.441835,-17.480651],[-143.436275,-17.478147],[-143.435745,-17.475792]]],[[[-143.462131,-17.475919],[-143.462356,-17.473074],[-143.463739,-17.472075],[-143.466964,-17.476581],[-143.469058,-17.477758],[-143.466757,-17.480684],[-143.462784,-17.478942],[-143.461196,-17.478858],[-143.462131,-17.475919]]],[[[-143.453644,-17.445735],[-143.456715,-17.445405],[-143.469774,-17.44603],[-143.476941,-17.445541],[-143.481254,-17.446319],[-143.480277,-17.45098],[-143.479265,-17.453111],[-143.476674,-17.452399],[-143.475096,-17.45063],[-143.470239,-17.451719],[-143.465931,-17.450274],[-143.463485,-17.447845],[-143.461982,-17.447582],[-143.460707,-17.449064],[-143.457682,-17.448057],[-143.456758,-17.448922],[-143.454771,-17.447607],[-143.453618,-17.448784],[-143.445047,-17.449895],[-143.443784,-17.451043],[-143.439314,-17.451801],[-143.433736,-17.454834],[-143.432946,-17.454406],[-143.424004,-17.458702],[-143.420836,-17.466682],[-143.420852,-17.4697],[-143.419704,-17.470751],[-143.417719,-17.469028],[-143.417102,-17.466617],[-143.41559,-17.465657],[-143.417482,-17.461231],[-143.422749,-17.45705],[-143.430975,-17.45293],[-143.443265,-17.447974],[-143.448846,-17.446313],[-143.453644,-17.445735]]],[[[-143.393479,-16.646428],[-143.395685,-16.644941],[-143.395591,-16.648301],[-143.393766,-16.649052],[-143.3905,-16.652738],[-143.389494,-16.655173],[-143.387702,-16.656657],[-143.385342,-16.659852],[-143.384683,-16.661753],[-143.381888,-16.663543],[-143.381318,-16.666848],[-143.382115,-16.669121],[-143.379091,-16.668364],[-143.379073,-16.666923],[-143.38593,-16.654726],[-143.388465,-16.651272],[-143.393479,-16.646428]]],[[[-143.415215,-16.627159],[-143.418028,-16.628148],[-143.412429,-16.632073],[-143.409112,-16.636213],[-143.405814,-16.638666],[-143.40329,-16.639625],[-143.402132,-16.641831],[-143.399046,-16.645302],[-143.397335,-16.646105],[-143.395953,-16.64462],[-143.397071,-16.642852],[-143.402878,-16.637909],[-143.408175,-16.63307],[-143.415215,-16.627159]]],[[[-143.573784,-16.623071],[-143.572662,-16.625166],[-143.57007,-16.624633],[-143.568156,-16.625381],[-143.565956,-16.622269],[-143.567009,-16.620595],[-143.569047,-16.620365],[-143.573766,-16.622352],[-143.573784,-16.623071]]],[[[-143.506551,-16.618358],[-143.510597,-16.618576],[-143.510579,-16.621683],[-143.503778,-16.621131],[-143.504314,-16.618349],[-143.506551,-16.618358]]],[[[-143.543338,-16.61722],[-143.554859,-16.6172],[-143.558998,-16.618748],[-143.559156,-16.620902],[-143.558127,-16.622582],[-143.553527,-16.620154],[-143.539482,-16.619531],[-143.535749,-16.61984],[-143.536937,-16.617521],[-143.543338,-16.61722]]],[[[-143.525127,-16.618014],[-143.530906,-16.617962],[-143.531855,-16.620654],[-143.52834,-16.620277],[-143.524594,-16.620429],[-143.518012,-16.621342],[-143.514212,-16.62078],[-143.512554,-16.62173],[-143.51143,-16.618661],[-143.515329,-16.61809],[-143.520937,-16.618278],[-143.525127,-16.618014]]],[[[-143.500196,-16.617847],[-143.502848,-16.618057],[-143.502048,-16.619953],[-143.498741,-16.619625],[-143.500196,-16.617847]]],[[[-143.532698,-16.620137],[-143.532392,-16.618379],[-143.534898,-16.617559],[-143.535485,-16.619701],[-143.532698,-16.620137]]],[[[-143.481876,-16.611505],[-143.482081,-16.609519],[-143.491673,-16.614625],[-143.497318,-16.617128],[-143.498119,-16.618653],[-143.497463,-16.620481],[-143.492854,-16.617619],[-143.48401,-16.61329],[-143.481876,-16.611505]]],[[[-143.437045,-16.61164],[-143.439094,-16.610548],[-143.43996,-16.61252],[-143.438569,-16.61334],[-143.437045,-16.61164]]],[[[-143.474263,-16.608165],[-143.475459,-16.60644],[-143.478565,-16.607255],[-143.481027,-16.609059],[-143.479996,-16.61078],[-143.474263,-16.608165]]],[[[-143.471138,-16.607287],[-143.472145,-16.605914],[-143.474259,-16.606224],[-143.473447,-16.608656],[-143.471138,-16.607287]]],[[[-143.453051,-16.606873],[-143.455543,-16.605946],[-143.456262,-16.608467],[-143.45362,-16.608208],[-143.453051,-16.606873]]],[[[-143.460018,-16.605626],[-143.463382,-16.605501],[-143.463763,-16.608379],[-143.460781,-16.607836],[-143.45718,-16.60823],[-143.456919,-16.606237],[-143.460018,-16.605626]]],[[[-143.465337,-16.60531],[-143.468293,-16.605911],[-143.467643,-16.608666],[-143.463928,-16.60691],[-143.465337,-16.60531]]],[[[-143.574118,-16.625985],[-143.573949,-16.62304],[-143.582124,-16.62489],[-143.587019,-16.624715],[-143.594556,-16.623246],[-143.600444,-16.620961],[-143.605964,-16.618347],[-143.611792,-16.616219],[-143.617762,-16.613219],[-143.620394,-16.612351],[-143.621747,-16.611123],[-143.62549,-16.609956],[-143.627424,-16.608829],[-143.632524,-16.607222],[-143.638125,-16.60355],[-143.644191,-16.597851],[-143.647952,-16.592954],[-143.650686,-16.588561],[-143.654807,-16.5849],[-143.663896,-16.579263],[-143.672959,-16.575019],[-143.681772,-16.570499],[-143.690375,-16.568178],[-143.700059,-16.564591],[-143.703933,-16.562588],[-143.708794,-16.560707],[-143.716955,-16.556559],[-143.723382,-16.554968],[-143.723277,-16.557845],[-143.720764,-16.558956],[-143.718687,-16.55907],[-143.716845,-16.560158],[-143.714306,-16.560582],[-143.712565,-16.562901],[-143.709787,-16.564144],[-143.707655,-16.563955],[-143.704054,-16.565503],[-143.703555,-16.566394],[-143.70027,-16.567308],[-143.699579,-16.568414],[-143.695008,-16.56907],[-143.694034,-16.570307],[-143.688001,-16.572016],[-143.685416,-16.572157],[-143.68449,-16.573352],[-143.682443,-16.573288],[-143.677245,-16.576481],[-143.675458,-16.576281],[-143.673091,-16.578116],[-143.671548,-16.578126],[-143.669815,-16.580293],[-143.668277,-16.58008],[-143.664613,-16.581799],[-143.662306,-16.583896],[-143.660606,-16.583911],[-143.657289,-16.586896],[-143.651917,-16.592834],[-143.650673,-16.593011],[-143.648444,-16.596438],[-143.648402,-16.59825],[-143.645058,-16.601155],[-143.64414,-16.602681],[-143.640578,-16.605314],[-143.63314,-16.610156],[-143.62943,-16.609828],[-143.627853,-16.61191],[-143.623947,-16.612831],[-143.622346,-16.61496],[-143.620653,-16.614607],[-143.615787,-16.61761],[-143.612503,-16.618132],[-143.61188,-16.619211],[-143.607534,-16.620571],[-143.60351,-16.622541],[-143.600486,-16.622826],[-143.594926,-16.625988],[-143.591558,-16.626166],[-143.587865,-16.627352],[-143.585372,-16.626865],[-143.579629,-16.627188],[-143.574829,-16.625381],[-143.574118,-16.625985]]],[[[-143.723914,-16.556946],[-143.724675,-16.554756],[-143.727667,-16.55436],[-143.729511,-16.55531],[-143.728508,-16.557337],[-143.723914,-16.556946]]],[[[-143.744514,-16.552801],[-143.746695,-16.552329],[-143.752421,-16.550217],[-143.754132,-16.55335],[-143.750232,-16.55336],[-143.749451,-16.554971],[-143.747486,-16.555467],[-143.74341,-16.555385],[-143.741222,-16.556668],[-143.739958,-16.555988],[-143.73283,-16.557814],[-143.730893,-16.557907],[-143.730019,-16.555248],[-143.744514,-16.552801]]],[[[-143.756164,-16.551313],[-143.755144,-16.552205],[-143.753452,-16.549598],[-143.756736,-16.548509],[-143.757341,-16.550854],[-143.756164,-16.551313]]],[[[-143.75759,-16.549809],[-143.756898,-16.548337],[-143.759759,-16.546613],[-143.76001,-16.549374],[-143.75759,-16.549809]]],[[[-143.762763,-16.544871],[-143.767396,-16.542496],[-143.767428,-16.544509],[-143.765679,-16.546721],[-143.762096,-16.54803],[-143.761338,-16.546245],[-143.762763,-16.544871]]],[[[-143.224042,-16.308759],[-143.222603,-16.308735],[-143.224527,-16.30474],[-143.226236,-16.299559],[-143.227282,-16.300909],[-143.22525,-16.307861],[-143.224042,-16.308759]]],[[[-143.228193,-16.289136],[-143.231323,-16.287483],[-143.232267,-16.289523],[-143.229832,-16.292791],[-143.230234,-16.293958],[-143.228967,-16.297127],[-143.227114,-16.297124],[-143.227959,-16.293107],[-143.225796,-16.28895],[-143.228193,-16.289136]]],[[[-143.225837,-16.286746],[-143.227921,-16.283525],[-143.230254,-16.285768],[-143.230501,-16.287249],[-143.228445,-16.288508],[-143.225837,-16.286746]]],[[[-143.219002,-16.282451],[-143.218955,-16.281012],[-143.223733,-16.28149],[-143.222405,-16.283449],[-143.219002,-16.282451]]],[[[-143.061126,-17.127516],[-143.060005,-17.127022],[-143.062514,-17.119637],[-143.063696,-17.113717],[-143.064222,-17.112782],[-143.06525,-17.10713],[-143.065368,-17.1001],[-143.065082,-17.095999],[-143.067292,-17.096385],[-143.068408,-17.103525],[-143.066527,-17.113657],[-143.065662,-17.115116],[-143.065132,-17.119774],[-143.062724,-17.125943],[-143.061126,-17.127516]]],[[[-143.065725,-17.078152],[-143.06432,-17.078368],[-143.065015,-17.07155],[-143.066233,-17.072404],[-143.06648,-17.074786],[-143.065725,-17.078152]]],[[[-143.067077,-17.069757],[-143.065061,-17.070033],[-143.065082,-17.065479],[-143.066859,-17.064553],[-143.067077,-17.069757]]],[[[-143.061114,-17.025386],[-143.063513,-17.028139],[-143.065134,-17.033928],[-143.065508,-17.038074],[-143.063868,-17.0382],[-143.062968,-17.03211],[-143.061117,-17.027377],[-143.061114,-17.025386]]],[[[-143.071571,-16.983705],[-143.081496,-16.980617],[-143.082223,-16.983208],[-143.078277,-16.984006],[-143.072127,-16.986294],[-143.070403,-16.987592],[-143.067663,-16.98837],[-143.062781,-16.991956],[-143.061894,-16.993099],[-143.059997,-16.992676],[-143.061126,-16.99065],[-143.063937,-16.987926],[-143.069772,-16.984329],[-143.071571,-16.983705]]],[[[-143.097249,-16.974173],[-143.099572,-16.972685],[-143.103903,-16.969087],[-143.106507,-16.968392],[-143.107543,-16.970833],[-143.09793,-16.976492],[-143.097376,-16.977413],[-143.083425,-16.982659],[-143.082461,-16.981079],[-143.083543,-16.979868],[-143.089179,-16.977943],[-143.097249,-16.974173]]],[[[-143.119416,-16.961606],[-143.126492,-16.956899],[-143.12758,-16.95904],[-143.125624,-16.959332],[-143.11356,-16.967725],[-143.11001,-16.969562],[-143.108101,-16.968294],[-143.113184,-16.965741],[-143.119416,-16.961606]]],[[[-143.127235,-16.957],[-143.127154,-16.956568],[-143.132169,-16.952954],[-143.133168,-16.954319],[-143.13117,-16.955943],[-143.127235,-16.957]]],[[[-143.206471,-16.350049],[-143.205294,-16.35061],[-143.203146,-16.349587],[-143.205441,-16.344862],[-143.207049,-16.346772],[-143.206471,-16.350049]]],[[[-143.118992,-16.323572],[-143.120211,-16.324651],[-143.117605,-16.326111],[-143.117,-16.324241],[-143.118992,-16.323572]]],[[[-143.124344,-16.321479],[-143.12588,-16.322274],[-143.122123,-16.324271],[-143.121466,-16.323133],[-143.124344,-16.321479]]],[[[-143.150648,-16.301391],[-143.15259,-16.302896],[-143.142905,-16.309326],[-143.136496,-16.314493],[-143.131048,-16.319373],[-143.129136,-16.318361],[-143.133626,-16.313742],[-143.146975,-16.303295],[-143.150648,-16.301391]]],[[[-143.172849,-16.286045],[-143.174305,-16.287951],[-143.171388,-16.289158],[-143.164634,-16.293552],[-143.159611,-16.298457],[-143.155453,-16.301661],[-143.154402,-16.299488],[-143.157885,-16.296786],[-143.163749,-16.291102],[-143.166495,-16.289163],[-143.168033,-16.288918],[-143.172849,-16.286045]]],[[[-143.180064,-16.280144],[-143.182293,-16.279797],[-143.182537,-16.2822],[-143.179405,-16.283598],[-143.176739,-16.286233],[-143.174678,-16.284565],[-143.180064,-16.280144]]],[[[-143.197036,-16.278014],[-143.199572,-16.278409],[-143.199725,-16.280086],[-143.195299,-16.280642],[-143.194464,-16.279307],[-143.190261,-16.280193],[-143.189714,-16.281155],[-143.186757,-16.280365],[-143.182645,-16.281338],[-143.182918,-16.279467],[-143.188546,-16.277968],[-143.192879,-16.278471],[-143.197036,-16.278014]]],[[[-143.203792,-16.279721],[-143.204973,-16.27836],[-143.20715,-16.278517],[-143.209732,-16.279692],[-143.208771,-16.281461],[-143.203792,-16.279721]]],[[[-143.057148,-17.13321],[-143.059573,-17.127729],[-143.061004,-17.128359],[-143.059679,-17.130467],[-143.059565,-17.133042],[-143.058377,-17.133578],[-143.056559,-17.137868],[-143.056055,-17.141939],[-143.052925,-17.144857],[-143.052917,-17.147349],[-143.05047,-17.150337],[-143.04832,-17.154821],[-143.043936,-17.159919],[-143.040005,-17.166846],[-143.03806,-17.167939],[-143.03674,-17.16976],[-143.033377,-17.177285],[-143.034141,-17.179877],[-143.032875,-17.180569],[-143.031662,-17.185042],[-143.03386,-17.187448],[-143.030132,-17.190425],[-143.029842,-17.188658],[-143.030176,-17.18275],[-143.031044,-17.178384],[-143.033261,-17.172914],[-143.037025,-17.165484],[-143.042167,-17.158352],[-143.047869,-17.150072],[-143.052251,-17.142911],[-143.056003,-17.135938],[-143.057148,-17.13321]]],[[[-142.869109,-16.749976],[-142.870464,-16.747767],[-142.873242,-16.747045],[-142.874155,-16.747749],[-142.877585,-16.753387],[-142.877825,-16.754714],[-142.876242,-16.758148],[-142.873972,-16.757791],[-142.872672,-16.755253],[-142.872143,-16.751507],[-142.870391,-16.751545],[-142.869109,-16.749976]]],[[[-142.872829,-16.689805],[-142.874762,-16.692162],[-142.874909,-16.697162],[-142.874476,-16.702158],[-142.876049,-16.708454],[-142.876972,-16.710666],[-142.877181,-16.713371],[-142.875596,-16.716632],[-142.873126,-16.716333],[-142.873761,-16.710391],[-142.872596,-16.705456],[-142.871766,-16.704734],[-142.87267,-16.699064],[-142.872176,-16.697032],[-142.872829,-16.689805]]],[[[-142.871387,-16.66738],[-142.874071,-16.667792],[-142.871565,-16.677837],[-142.873456,-16.68539],[-142.873217,-16.688359],[-142.87083,-16.685717],[-142.871322,-16.68503],[-142.870484,-16.680894],[-142.869279,-16.678289],[-142.870233,-16.676662],[-142.869745,-16.671792],[-142.871387,-16.66738]]],[[[-142.861578,-16.650275],[-142.862334,-16.649406],[-142.870803,-16.651123],[-142.874173,-16.652743],[-142.877937,-16.653581],[-142.879683,-16.655711],[-142.87983,-16.658636],[-142.875954,-16.66428],[-142.873573,-16.663827],[-142.873503,-16.659827],[-142.87267,-16.656596],[-142.866418,-16.653523],[-142.861398,-16.651783],[-142.861578,-16.650275]]],[[[-142.829526,-16.634763],[-142.837398,-16.629496],[-142.840307,-16.628833],[-142.842921,-16.630048],[-142.843057,-16.632109],[-142.841565,-16.633651],[-142.839138,-16.632697],[-142.836003,-16.632646],[-142.83476,-16.633811],[-142.827781,-16.638778],[-142.822874,-16.641952],[-142.820365,-16.643059],[-142.819943,-16.64425],[-142.817685,-16.644692],[-142.814807,-16.646674],[-142.812537,-16.651047],[-142.811065,-16.652321],[-142.809879,-16.659378],[-142.810144,-16.661313],[-142.809242,-16.668707],[-142.807793,-16.668888],[-142.808594,-16.665112],[-142.809005,-16.658781],[-142.808713,-16.655917],[-142.809455,-16.651021],[-142.810638,-16.647946],[-142.812798,-16.645334],[-142.818239,-16.641207],[-142.825305,-16.63741],[-142.829526,-16.634763]]],[[[-142.857087,-16.649137],[-142.858382,-16.647121],[-142.859735,-16.647883],[-142.859098,-16.650524],[-142.857087,-16.649137]]],[[[-142.851805,-16.643607],[-142.853982,-16.642399],[-142.85692,-16.64582],[-142.855855,-16.648096],[-142.853123,-16.645605],[-142.851805,-16.643607]]],[[[-142.849467,-16.636308],[-142.851881,-16.636777],[-142.852892,-16.638815],[-142.853107,-16.64122],[-142.851899,-16.643016],[-142.850421,-16.640414],[-142.848196,-16.637922],[-142.849467,-16.636308]]],[[[-142.845309,-16.635753],[-142.847366,-16.632945],[-142.849179,-16.634662],[-142.84741,-16.637159],[-142.845309,-16.635753]]],[[[-143.007678,-16.38834],[-143.009441,-16.386027],[-143.010912,-16.390874],[-143.009122,-16.391054],[-143.007678,-16.38834]]],[[[-143.033216,-16.365084],[-143.034694,-16.36653],[-143.033283,-16.367938],[-143.031746,-16.366302],[-143.033216,-16.365084]]],[[[-143.055214,-16.34872],[-143.0582,-16.349828],[-143.052943,-16.352806],[-143.052172,-16.350299],[-143.055214,-16.34872]]],[[[-142.804603,-16.679336],[-142.806086,-16.68078],[-142.802887,-16.684824],[-142.800727,-16.689676],[-142.800388,-16.691471],[-142.795839,-16.69824],[-142.791484,-16.702819],[-142.787482,-16.70562],[-142.783274,-16.711458],[-142.780624,-16.71406],[-142.78041,-16.715908],[-142.778839,-16.717295],[-142.778794,-16.719818],[-142.777728,-16.722256],[-142.777506,-16.725169],[-142.778328,-16.729821],[-142.78017,-16.733632],[-142.779316,-16.733874],[-142.777213,-16.730843],[-142.775673,-16.726303],[-142.775594,-16.722996],[-142.776858,-16.715973],[-142.779605,-16.711251],[-142.783627,-16.706837],[-142.790217,-16.700571],[-142.790922,-16.700293],[-142.79553,-16.694288],[-142.797751,-16.692055],[-142.800663,-16.686266],[-142.804603,-16.679336]]],[[[-142.511074,-16.194496],[-142.513603,-16.195256],[-142.51214,-16.199968],[-142.510953,-16.206203],[-142.509188,-16.218969],[-142.506926,-16.226685],[-142.503476,-16.234992],[-142.502359,-16.235299],[-142.500382,-16.233229],[-142.501808,-16.230754],[-142.503874,-16.229165],[-142.505025,-16.224339],[-142.505126,-16.221832],[-142.506096,-16.219406],[-142.506905,-16.214214],[-142.508512,-16.207141],[-142.509609,-16.200453],[-142.511074,-16.194496]]],[[[-142.511612,-16.191923],[-142.512696,-16.189502],[-142.51515,-16.18958],[-142.513492,-16.192529],[-142.511612,-16.191923]]],[[[-142.515784,-16.182594],[-142.518358,-16.183852],[-142.516549,-16.186583],[-142.51443,-16.186193],[-142.515784,-16.182594]]],[[[-142.519163,-16.175877],[-142.521971,-16.176835],[-142.521061,-16.178851],[-142.518131,-16.178254],[-142.519163,-16.175877]]],[[[-142.52116,-16.172367],[-142.522165,-16.17156],[-142.524644,-16.172717],[-142.523363,-16.175444],[-142.520701,-16.175042],[-142.52116,-16.172367]]],[[[-142.5259,-16.153669],[-142.528335,-16.154334],[-142.528978,-16.155732],[-142.531492,-16.156859],[-142.532378,-16.159678],[-142.531013,-16.163094],[-142.527033,-16.16993],[-142.525433,-16.168253],[-142.52834,-16.163807],[-142.528542,-16.161681],[-142.527623,-16.158546],[-142.526574,-16.157831],[-142.525357,-16.154107],[-142.5259,-16.153669]]],[[[-142.520682,-16.147599],[-142.523443,-16.148697],[-142.522837,-16.151632],[-142.520682,-16.147599]]],[[[-142.517541,-16.144151],[-142.518466,-16.143601],[-142.5204,-16.145662],[-142.5191,-16.146913],[-142.516782,-16.144925],[-142.517541,-16.144151]]],[[[-142.501867,-16.102213],[-142.504395,-16.102095],[-142.505386,-16.105992],[-142.507152,-16.11026],[-142.507472,-16.113488],[-142.510781,-16.12696],[-142.510924,-16.129082],[-142.51279,-16.132023],[-142.514886,-16.136969],[-142.5129,-16.138006],[-142.510891,-16.133867],[-142.508414,-16.127753],[-142.508046,-16.124938],[-142.506661,-16.121419],[-142.504679,-16.113877],[-142.504316,-16.110698],[-142.503404,-16.108766],[-142.502388,-16.102863],[-142.501867,-16.102213]]],[[[-142.499417,-16.095576],[-142.501567,-16.095298],[-142.503236,-16.100121],[-142.501677,-16.101637],[-142.499417,-16.095576]]],[[[-142.496015,-16.084743],[-142.498358,-16.085334],[-142.500103,-16.090179],[-142.499895,-16.09258],[-142.498448,-16.093448],[-142.496015,-16.084743]]],[[[-142.49154,-16.074097],[-142.493309,-16.074804],[-142.494011,-16.077186],[-142.492425,-16.077912],[-142.491139,-16.075406],[-142.49154,-16.074097]]],[[[-142.489057,-16.06979],[-142.491292,-16.07042],[-142.49177,-16.073473],[-142.490364,-16.074074],[-142.489057,-16.06979]]],[[[-142.482503,-16.064182],[-142.485742,-16.063305],[-142.488015,-16.0665],[-142.48645,-16.068414],[-142.482503,-16.064182]]],[[[-142.477594,-16.062361],[-142.478201,-16.05954],[-142.480003,-16.060901],[-142.477594,-16.062361]]],[[[-142.469474,-16.034367],[-142.471204,-16.033389],[-142.47271,-16.033804],[-142.47657,-16.038504],[-142.477582,-16.041345],[-142.477817,-16.044227],[-142.477187,-16.05125],[-142.478432,-16.057836],[-142.476219,-16.057053],[-142.474281,-16.055224],[-142.474002,-16.051159],[-142.475039,-16.048089],[-142.47511,-16.044612],[-142.472713,-16.038895],[-142.469474,-16.034367]]],[[[-142.441199,-16.210682],[-142.44298,-16.212982],[-142.440884,-16.213803],[-142.439722,-16.212231],[-142.441199,-16.210682]]],[[[-142.413917,-16.171694],[-142.416196,-16.174053],[-142.414109,-16.176096],[-142.41282,-16.174649],[-142.413917,-16.171694]]],[[[-142.445986,-16.006004],[-142.447967,-16.005847],[-142.448876,-16.007233],[-142.447783,-16.00856],[-142.445986,-16.006004]]],[[[-142.420562,-15.985314],[-142.422142,-15.985216],[-142.423709,-15.987063],[-142.423188,-15.988683],[-142.420562,-15.985314]]],[[[-142.411441,-15.977618],[-142.413151,-15.977178],[-142.4169,-15.979367],[-142.417263,-15.982189],[-142.411441,-15.977618]]],[[[-142.407205,-15.973316],[-142.40988,-15.973908],[-142.408697,-15.975532],[-142.407205,-15.973316]]],[[[-142.3982,-16.153381],[-142.399097,-16.152628],[-142.401447,-16.154309],[-142.398753,-16.156111],[-142.3982,-16.153381]]],[[[-142.389548,-16.13841],[-142.391175,-16.138307],[-142.392654,-16.140508],[-142.389888,-16.141859],[-142.389548,-16.13841]]],[[[-142.375698,-16.097677],[-142.377525,-16.097879],[-142.376984,-16.106834],[-142.374861,-16.107148],[-142.372583,-16.103294],[-142.374041,-16.099902],[-142.375698,-16.097677]]],[[[-142.389671,-15.954071],[-142.392684,-15.954408],[-142.393512,-15.955716],[-142.392219,-15.957056],[-142.388609,-15.955111],[-142.389671,-15.954071]]],[[[-142.369905,-15.941546],[-142.374324,-15.942726],[-142.372933,-15.945049],[-142.371023,-15.94377],[-142.369905,-15.941546]]],[[[-142.312973,-15.942696],[-142.315984,-15.942981],[-142.315211,-15.945086],[-142.312875,-15.945593],[-142.312973,-15.942696]]],[[[-142.316709,-15.934209],[-142.318827,-15.93265],[-142.321441,-15.93658],[-142.31896,-15.938799],[-142.316753,-15.941803],[-142.313784,-15.941646],[-142.313711,-15.937925],[-142.316709,-15.934209]]],[[[-142.355657,-15.934828],[-142.356308,-15.933493],[-142.358499,-15.934691],[-142.357671,-15.936312],[-142.355657,-15.934828]]],[[[-142.323589,-15.930813],[-142.324544,-15.932888],[-142.321913,-15.93439],[-142.321365,-15.931662],[-142.323589,-15.930813]]],[[[-142.347881,-15.930713],[-142.350458,-15.930089],[-142.351406,-15.932556],[-142.349345,-15.932369],[-142.347881,-15.930713]]],[[[-142.311326,-15.949294],[-142.314215,-15.949005],[-142.313929,-15.950745],[-142.312073,-15.951953],[-142.310322,-15.951199],[-142.311326,-15.949294]]],[[[-142.265268,-15.849879],[-142.267498,-15.847527],[-142.269404,-15.8507],[-142.269116,-15.852358],[-142.269909,-15.855547],[-142.269273,-15.857952],[-142.266302,-15.860544],[-142.263727,-15.86123],[-142.262444,-15.860634],[-142.263085,-15.857741],[-142.265695,-15.856661],[-142.265265,-15.854483],[-142.266383,-15.851024],[-142.265268,-15.849879]]],[[[-142.226258,-15.802125],[-142.228358,-15.804],[-142.227616,-15.805609],[-142.225398,-15.804564],[-142.226258,-15.802125]]],[[[-142.222509,-15.800775],[-142.225114,-15.801856],[-142.22431,-15.803695],[-142.221381,-15.802133],[-142.222509,-15.800775]]],[[[-142.178514,-15.793096],[-142.18139,-15.795182],[-142.178354,-15.795595],[-142.178514,-15.793096]]],[[[-142.200144,-15.784678],[-142.201911,-15.784137],[-142.203588,-15.785609],[-142.201694,-15.787544],[-142.199798,-15.786254],[-142.200144,-15.784678]]],[[[-142.177847,-15.765214],[-142.179536,-15.764716],[-142.183972,-15.770226],[-142.184242,-15.771577],[-142.182913,-15.773198],[-142.180532,-15.768745],[-142.178373,-15.768026],[-142.177847,-15.765214]]],[[[-142.174771,-15.760454],[-142.176435,-15.760204],[-142.178476,-15.761836],[-142.17856,-15.763179],[-142.176219,-15.764585],[-142.175996,-15.762499],[-142.174771,-15.760454]]],[[[-142.144334,-15.754675],[-142.145923,-15.755602],[-142.145434,-15.757221],[-142.143327,-15.756004],[-142.144334,-15.754675]]],[[[-142.170784,-15.754065],[-142.171871,-15.752997],[-142.17348,-15.754854],[-142.172128,-15.756931],[-142.170987,-15.756257],[-142.170784,-15.754065]]],[[[-142.168947,-15.747679],[-142.170916,-15.748851],[-142.171567,-15.751077],[-142.169332,-15.752426],[-142.166816,-15.750507],[-142.168947,-15.747679]]],[[[-142.166622,-15.745563],[-142.16878,-15.747002],[-142.167224,-15.749163],[-142.165776,-15.748482],[-142.166622,-15.745563]]],[[[-142.163422,-15.742744],[-142.165454,-15.742589],[-142.166205,-15.744398],[-142.165082,-15.74638],[-142.163231,-15.744833],[-142.163422,-15.742744]]],[[[-142.160621,-15.740797],[-142.162012,-15.743106],[-142.160078,-15.744051],[-142.160621,-15.740797]]],[[[-142.154627,-15.73836],[-142.157448,-15.739071],[-142.156738,-15.741689],[-142.153957,-15.741192],[-142.154627,-15.73836]]],[[[-142.128404,-15.730865],[-142.131864,-15.731795],[-142.133263,-15.73109],[-142.136169,-15.733807],[-142.135605,-15.736509],[-142.13596,-15.744322],[-142.133494,-15.74559],[-142.130388,-15.743069],[-142.127923,-15.739093],[-142.125527,-15.73617],[-142.124389,-15.736422],[-142.123936,-15.73244],[-142.126106,-15.731241],[-142.128404,-15.730865]]],[[[-142.138271,-15.734276],[-142.140041,-15.734895],[-142.140674,-15.736528],[-142.139556,-15.737774],[-142.138271,-15.734276]]],[[[-146.395788,-14.560809],[-146.396523,-14.558226],[-146.39961,-14.556766],[-146.401419,-14.558314],[-146.401211,-14.56045],[-146.398792,-14.565169],[-146.394565,-14.567755],[-146.392389,-14.568155],[-146.387709,-14.566781],[-146.38254,-14.563063],[-146.381749,-14.561814],[-146.382677,-14.558596],[-146.384679,-14.559843],[-146.387016,-14.563052],[-146.391027,-14.563783],[-146.395788,-14.560809]]],[[[-146.381343,-14.557991],[-146.379845,-14.559238],[-146.378089,-14.559269],[-146.377109,-14.557865],[-146.377269,-14.555846],[-146.381343,-14.557991]]],[[[-146.395414,-14.552845],[-146.397606,-14.551043],[-146.399254,-14.551481],[-146.400859,-14.554032],[-146.399212,-14.556477],[-146.396633,-14.55687],[-146.396343,-14.55407],[-146.395414,-14.552845]]],[[[-146.395179,-14.546446],[-146.39679,-14.546376],[-146.398145,-14.547687],[-146.396574,-14.549957],[-146.394901,-14.550384],[-146.39432,-14.548225],[-146.395179,-14.546446]]],[[[-146.368414,-14.547929],[-146.366925,-14.549424],[-146.363484,-14.5481],[-146.359183,-14.544784],[-146.361256,-14.542807],[-146.365322,-14.546111],[-146.368414,-14.547929]]],[[[-146.393471,-14.545855],[-146.392345,-14.543715],[-146.393679,-14.541918],[-146.395243,-14.542307],[-146.395389,-14.544328],[-146.393471,-14.545855]]],[[[-146.391359,-14.539638],[-146.393492,-14.539604],[-146.393352,-14.54186],[-146.391535,-14.542403],[-146.391359,-14.539638]]],[[[-146.353978,-14.536755],[-146.358047,-14.540082],[-146.357901,-14.542125],[-146.356358,-14.542319],[-146.352605,-14.539991],[-146.353978,-14.536755]]],[[[-146.388581,-14.534359],[-146.387553,-14.532949],[-146.389318,-14.531791],[-146.390071,-14.533671],[-146.388581,-14.534359]]],[[[-146.386224,-14.53013],[-146.389235,-14.529802],[-146.389629,-14.531108],[-146.387081,-14.532515],[-146.386224,-14.53013]]],[[[-146.372594,-14.492813],[-146.370537,-14.489681],[-146.373506,-14.489871],[-146.373652,-14.492169],[-146.372594,-14.492813]]],[[[-146.370594,-14.478147],[-146.371307,-14.48046],[-146.369229,-14.480635],[-146.368958,-14.478763],[-146.370594,-14.478147]]],[[[-146.368692,-14.475008],[-146.371043,-14.475109],[-146.371651,-14.476393],[-146.368819,-14.478127],[-146.368692,-14.475008]]],[[[-146.365526,-14.465497],[-146.366535,-14.465236],[-146.368748,-14.468431],[-146.368311,-14.471443],[-146.366364,-14.471781],[-146.364983,-14.469057],[-146.362718,-14.466416],[-146.365526,-14.465497]]],[[[-146.357242,-14.460662],[-146.357823,-14.459586],[-146.361069,-14.459597],[-146.362565,-14.461359],[-146.362941,-14.463835],[-146.361517,-14.464504],[-146.360043,-14.462422],[-146.357242,-14.460662]]],[[[-146.353919,-14.45496],[-146.355313,-14.4538],[-146.357671,-14.455076],[-146.357703,-14.456527],[-146.356234,-14.457921],[-146.353919,-14.45496]]],[[[-146.344219,-14.446505],[-146.346803,-14.447286],[-146.349407,-14.449095],[-146.349194,-14.452194],[-146.346929,-14.450962],[-146.344385,-14.448514],[-146.344219,-14.446505]]],[[[-146.32707,-14.531236],[-146.327579,-14.528719],[-146.329982,-14.529765],[-146.32844,-14.531864],[-146.32707,-14.531236]]],[[[-146.318562,-14.525987],[-146.321579,-14.527875],[-146.319879,-14.529588],[-146.318255,-14.528614],[-146.318562,-14.525987]]],[[[-146.302373,-14.521715],[-146.30434,-14.521191],[-146.309832,-14.522189],[-146.308684,-14.524176],[-146.302815,-14.522982],[-146.302373,-14.521715]]],[[[-146.296058,-14.521264],[-146.297517,-14.520133],[-146.302604,-14.520388],[-146.30145,-14.522839],[-146.296358,-14.521783],[-146.296058,-14.521264]]],[[[-146.289669,-14.52031],[-146.291614,-14.519375],[-146.295639,-14.519541],[-146.295592,-14.521419],[-146.293283,-14.521803],[-146.289669,-14.52031]]],[[[-146.273315,-14.517478],[-146.27735,-14.519456],[-146.282732,-14.519456],[-146.286855,-14.518918],[-146.286469,-14.520767],[-146.28421,-14.521431],[-146.276898,-14.521809],[-146.274532,-14.520988],[-146.272599,-14.519241],[-146.273315,-14.517478]]],[[[-146.266407,-14.516309],[-146.265827,-14.513192],[-146.268934,-14.515318],[-146.269467,-14.517528],[-146.266407,-14.516309]]],[[[-146.240155,-14.495456],[-146.239222,-14.495579],[-146.236783,-14.493499],[-146.237972,-14.491994],[-146.241326,-14.495073],[-146.240155,-14.495456]]],[[[-146.228351,-14.476015],[-146.229073,-14.478741],[-146.232222,-14.486541],[-146.236164,-14.49046],[-146.234052,-14.49162],[-146.229769,-14.488913],[-146.229144,-14.484416],[-146.226182,-14.477242],[-146.228351,-14.476015]]],[[[-146.260323,-14.426764],[-146.263476,-14.428413],[-146.262733,-14.430593],[-146.255576,-14.429098],[-146.25245,-14.430316],[-146.249566,-14.429839],[-146.247026,-14.431268],[-146.240364,-14.434193],[-146.236761,-14.434381],[-146.233509,-14.436091],[-146.23158,-14.435996],[-146.226415,-14.437378],[-146.223615,-14.439453],[-146.221128,-14.443854],[-146.220536,-14.448936],[-146.22223,-14.458395],[-146.224167,-14.461913],[-146.222349,-14.462727],[-146.221029,-14.461762],[-146.219801,-14.457766],[-146.219637,-14.455592],[-146.218252,-14.450299],[-146.217896,-14.445754],[-146.218223,-14.441955],[-146.219701,-14.436829],[-146.221264,-14.435195],[-146.226168,-14.433974],[-146.228031,-14.433917],[-146.239353,-14.431045],[-146.244953,-14.429056],[-146.251193,-14.425408],[-146.255471,-14.425457],[-146.260323,-14.426764]]],[[[-146.333332,-14.442304],[-146.335299,-14.44107],[-146.339284,-14.442063],[-146.341568,-14.444828],[-146.340299,-14.446469],[-146.334562,-14.443579],[-146.333332,-14.442304]]],[[[-146.319621,-14.438227],[-146.321974,-14.437101],[-146.323376,-14.437679],[-146.328621,-14.438476],[-146.332542,-14.440143],[-146.333142,-14.441592],[-146.331657,-14.443189],[-146.328008,-14.44122],[-146.319067,-14.439318],[-146.319621,-14.438227]]],[[[-146.313507,-14.436916],[-146.314891,-14.434786],[-146.316496,-14.438384],[-146.313507,-14.436916]]],[[[-146.300859,-14.432516],[-146.301826,-14.431503],[-146.305839,-14.432226],[-146.310328,-14.432486],[-146.312657,-14.433473],[-146.313535,-14.436205],[-146.311968,-14.43643],[-146.307281,-14.434908],[-146.300892,-14.434242],[-146.300859,-14.432516]]],[[[-146.281954,-14.432664],[-146.279659,-14.433332],[-146.276397,-14.432153],[-146.273332,-14.432388],[-146.269212,-14.431678],[-146.2681,-14.432053],[-146.265094,-14.430945],[-146.265662,-14.428641],[-146.270418,-14.429186],[-146.276257,-14.429157],[-146.278861,-14.430094],[-146.287212,-14.429495],[-146.291798,-14.429607],[-146.298865,-14.430999],[-146.300473,-14.431714],[-146.300383,-14.434274],[-146.292098,-14.433461],[-146.289358,-14.432585],[-146.286883,-14.432873],[-146.281954,-14.432664]]],[[[-146.22363,-14.462808],[-146.226182,-14.46883],[-146.22482,-14.470597],[-146.222125,-14.466134],[-146.222547,-14.462894],[-146.22363,-14.462808]]],[[[-146.026231,-14.463515],[-146.028386,-14.463198],[-146.031166,-14.463892],[-146.034068,-14.465985],[-146.037471,-14.465679],[-146.03726,-14.467371],[-146.034579,-14.467658],[-146.029902,-14.466509],[-146.026231,-14.463515]]],[[[-146.055771,-14.460751],[-146.060148,-14.458058],[-146.06015,-14.46024],[-146.056844,-14.463221],[-146.054257,-14.464532],[-146.050473,-14.464696],[-146.0503,-14.463542],[-146.053841,-14.462518],[-146.055771,-14.460751]]],[[[-145.986541,-14.457285],[-145.991034,-14.456956],[-145.991319,-14.458406],[-145.989114,-14.459914],[-145.986883,-14.458703],[-145.986541,-14.457285]]],[[[-145.979849,-14.456857],[-145.978981,-14.455766],[-145.980666,-14.453683],[-145.986368,-14.456781],[-145.98502,-14.458183],[-145.979849,-14.456857]]],[[[-146.060544,-14.43142],[-146.059375,-14.428823],[-146.057703,-14.427068],[-146.055983,-14.426587],[-146.05309,-14.423956],[-146.053485,-14.421987],[-146.051084,-14.421704],[-146.048695,-14.419462],[-146.044635,-14.418497],[-146.042015,-14.416587],[-146.038787,-14.41604],[-146.034271,-14.414536],[-146.03514,-14.412603],[-146.037434,-14.412307],[-146.043871,-14.414515],[-146.049101,-14.415681],[-146.054105,-14.418571],[-146.05669,-14.421466],[-146.057877,-14.423829],[-146.061253,-14.427636],[-146.063489,-14.42943],[-146.069432,-14.435124],[-146.071198,-14.435951],[-146.075966,-14.440362],[-146.077621,-14.444225],[-146.077514,-14.446019],[-146.076155,-14.448977],[-146.068646,-14.455686],[-146.065623,-14.457516],[-146.062329,-14.458558],[-146.06318,-14.455989],[-146.062871,-14.452745],[-146.064446,-14.453384],[-146.06599,-14.451949],[-146.069612,-14.451148],[-146.07098,-14.448209],[-146.071076,-14.446142],[-146.069836,-14.441751],[-146.068007,-14.441502],[-146.065756,-14.437314],[-146.065564,-14.435756],[-146.062558,-14.433957],[-146.060544,-14.43142]]],[[[-146.02756,-14.409947],[-146.031598,-14.410566],[-146.03329,-14.411833],[-146.032627,-14.414073],[-146.030721,-14.412898],[-146.026744,-14.411779],[-146.02756,-14.409947]]],[[[-146.024467,-14.410946],[-146.022886,-14.409049],[-146.025317,-14.408685],[-146.024467,-14.410946]]],[[[-146.018196,-14.40725],[-146.02084,-14.407062],[-146.02068,-14.40895],[-146.018196,-14.40725]]],[[[-145.986253,-14.388137],[-145.987862,-14.387328],[-145.991294,-14.387795],[-145.997335,-14.38793],[-145.999466,-14.38834],[-146.000505,-14.390125],[-145.999445,-14.392089],[-146.002578,-14.392793],[-146.002259,-14.394174],[-145.999702,-14.394441],[-145.99709,-14.391931],[-145.994419,-14.391165],[-145.985712,-14.389639],[-145.986253,-14.388137]]],[[[-145.966416,-14.371998],[-145.969625,-14.372669],[-145.971839,-14.375081],[-145.971169,-14.37796],[-145.964597,-14.37318],[-145.966416,-14.371998]]],[[[-145.934117,-14.44228],[-145.935599,-14.440205],[-145.937387,-14.441762],[-145.93815,-14.444154],[-145.936355,-14.44407],[-145.934117,-14.44228]]],[[[-145.916746,-14.43392],[-145.916489,-14.432365],[-145.921274,-14.433506],[-145.919902,-14.435031],[-145.916746,-14.43392]]],[[[-145.961262,-14.372727],[-145.963414,-14.370628],[-145.964634,-14.371532],[-145.963898,-14.373948],[-145.961262,-14.372727]]],[[[-145.956898,-14.368793],[-145.960864,-14.369962],[-145.960635,-14.372208],[-145.956087,-14.370847],[-145.956898,-14.368793]]],[[[-145.947958,-14.36568],[-145.950073,-14.365757],[-145.952266,-14.367097],[-145.952611,-14.369222],[-145.951659,-14.370092],[-145.949091,-14.368646],[-145.946161,-14.36878],[-145.943306,-14.36817],[-145.944471,-14.36617],[-145.947958,-14.36568]]],[[[-145.913805,-14.346223],[-145.915362,-14.343831],[-145.921604,-14.345161],[-145.923874,-14.346043],[-145.926098,-14.348088],[-145.924417,-14.350986],[-145.921808,-14.348598],[-145.915137,-14.346244],[-145.913805,-14.346223]]],[[[-145.902885,-14.425583],[-145.901745,-14.42097],[-145.905503,-14.424617],[-145.909067,-14.42649],[-145.907702,-14.428223],[-145.904217,-14.426984],[-145.902885,-14.425583]]],[[[-145.887339,-14.41123],[-145.888533,-14.410501],[-145.892199,-14.411458],[-145.891382,-14.413194],[-145.889724,-14.413771],[-145.887382,-14.41242],[-145.887339,-14.41123]]],[[[-145.876063,-14.407149],[-145.874394,-14.406582],[-145.871836,-14.404326],[-145.870153,-14.400969],[-145.872111,-14.400542],[-145.874048,-14.403294],[-145.878622,-14.405912],[-145.877746,-14.407432],[-145.876063,-14.407149]]],[[[-145.865805,-14.393879],[-145.863167,-14.391958],[-145.864474,-14.390312],[-145.865998,-14.39227],[-145.865805,-14.393879]]],[[[-145.8571,-14.387132],[-145.857754,-14.385624],[-145.860202,-14.386795],[-145.858385,-14.388358],[-145.8571,-14.387132]]],[[[-145.851621,-14.383687],[-145.850248,-14.382976],[-145.851398,-14.380828],[-145.853238,-14.382582],[-145.851621,-14.383687]]],[[[-145.861486,-14.329183],[-145.864861,-14.330212],[-145.865153,-14.333371],[-145.863538,-14.332917],[-145.860312,-14.33345],[-145.857646,-14.334998],[-145.854796,-14.337788],[-145.84782,-14.348105],[-145.845259,-14.353151],[-145.84306,-14.35582],[-145.84041,-14.363047],[-145.840686,-14.366983],[-145.843139,-14.37227],[-145.846118,-14.376545],[-145.848807,-14.378563],[-145.85037,-14.380647],[-145.849611,-14.382025],[-145.847565,-14.381174],[-145.842888,-14.376232],[-145.837406,-14.368556],[-145.83671,-14.365322],[-145.837557,-14.360934],[-145.842916,-14.350812],[-145.846124,-14.346044],[-145.848453,-14.341088],[-145.851747,-14.335541],[-145.856209,-14.33066],[-145.858423,-14.329654],[-145.861486,-14.329183]]],[[[-145.902129,-14.337356],[-145.90472,-14.337751],[-145.907534,-14.339752],[-145.907154,-14.34255],[-145.903388,-14.34018],[-145.900648,-14.339122],[-145.902129,-14.337356]]],[[[-145.885052,-14.3357],[-145.886181,-14.334625],[-145.894966,-14.335244],[-145.899848,-14.336229],[-145.900575,-14.337991],[-145.898438,-14.338586],[-145.885846,-14.336847],[-145.885052,-14.3357]]],[[[-145.866073,-14.330926],[-145.866975,-14.329759],[-145.870731,-14.330248],[-145.878417,-14.330651],[-145.881811,-14.332121],[-145.883278,-14.334792],[-145.882517,-14.336116],[-145.880436,-14.33546],[-145.8762,-14.333192],[-145.872206,-14.333529],[-145.868044,-14.332718],[-145.866165,-14.333054],[-145.866073,-14.330926]]],[[[-153.981384,-16.805383],[-153.982843,-16.80502],[-153.987683,-16.806026],[-153.990142,-16.805438],[-153.991557,-16.807116],[-153.989904,-16.808787],[-153.986274,-16.810496],[-153.985264,-16.811602],[-153.981384,-16.805383]]],[[[-153.960798,-16.776864],[-153.961027,-16.774037],[-153.963347,-16.774154],[-153.963929,-16.776538],[-153.960798,-16.776864]]],[[[-154.631542,-16.578883],[-154.632656,-16.578007],[-154.632736,-16.575789],[-154.636087,-16.577879],[-154.631542,-16.578883]]],[[[-154.619885,-16.563987],[-154.621376,-16.561216],[-154.62393,-16.565806],[-154.622973,-16.567537],[-154.621169,-16.56779],[-154.619885,-16.563987]]],[[[-154.622093,-16.54949],[-154.623323,-16.549337],[-154.62689,-16.550867],[-154.623634,-16.552002],[-154.621878,-16.555141],[-154.620725,-16.559331],[-154.619515,-16.558368],[-154.619311,-16.552964],[-154.622093,-16.54949]]],[[[-154.633455,-16.545637],[-154.636159,-16.545278],[-154.636844,-16.546288],[-154.633531,-16.548757],[-154.631632,-16.546982],[-154.633455,-16.545637]]],[[[-154.648886,-16.523648],[-154.64896,-16.528928],[-154.647545,-16.532518],[-154.644917,-16.533333],[-154.648097,-16.526876],[-154.648886,-16.523648]]],[[[-154.654021,-16.500846],[-154.656307,-16.499446],[-154.657166,-16.501083],[-154.65443,-16.502683],[-154.653683,-16.503971],[-154.651004,-16.504087],[-154.650549,-16.505808],[-154.649029,-16.50662],[-154.647671,-16.509656],[-154.64788,-16.513164],[-154.645563,-16.513197],[-154.644139,-16.51233],[-154.642742,-16.50963],[-154.644438,-16.506928],[-154.650477,-16.503562],[-154.654021,-16.500846]]],[[[-154.682322,-16.486264],[-154.681863,-16.484954],[-154.687132,-16.48259],[-154.690089,-16.484677],[-154.689926,-16.486108],[-154.685435,-16.485494],[-154.683599,-16.487417],[-154.682322,-16.486264]]],[[[-154.536204,-15.814309],[-154.538136,-15.814224],[-154.53979,-15.815953],[-154.541454,-15.816417],[-154.543409,-15.818607],[-154.543352,-15.82053],[-154.540737,-15.823984],[-154.539586,-15.824451],[-154.537997,-15.822297],[-154.536324,-15.817734],[-154.533949,-15.815002],[-154.536204,-15.814309]]],[[[-154.520831,-15.79917],[-154.522197,-15.798916],[-154.527022,-15.800061],[-154.527966,-15.802257],[-154.526732,-15.804921],[-154.524829,-15.803065],[-154.52104,-15.802354],[-154.51867,-15.80307],[-154.51608,-15.806952],[-154.513148,-15.808496],[-154.514257,-15.810412],[-154.51268,-15.812723],[-154.511303,-15.813196],[-154.512778,-15.81656],[-154.512913,-15.8188],[-154.515728,-15.822636],[-154.518563,-15.825452],[-154.520432,-15.82623],[-154.524119,-15.826385],[-154.523833,-15.829767],[-154.520416,-15.830942],[-154.51777,-15.829431],[-154.509994,-15.819698],[-154.507932,-15.815874],[-154.507046,-15.812677],[-154.508748,-15.810076],[-154.512109,-15.807311],[-154.514118,-15.801611],[-154.515074,-15.800357],[-154.517924,-15.799135],[-154.520831,-15.79917]]],[[[-154.531852,-15.809071],[-154.530298,-15.808516],[-154.531549,-15.806204],[-154.532833,-15.80659],[-154.531852,-15.809071]]],[[[-153.951236,-16.771574],[-153.954252,-16.771553],[-153.955824,-16.774558],[-153.954635,-16.77643],[-153.948106,-16.775553],[-153.944417,-16.778521],[-153.940673,-16.782711],[-153.940366,-16.78948],[-153.940983,-16.791762],[-153.939761,-16.796124],[-153.937569,-16.799187],[-153.93573,-16.803396],[-153.933022,-16.806997],[-153.930316,-16.813755],[-153.925769,-16.81869],[-153.923858,-16.822322],[-153.923188,-16.826594],[-153.923913,-16.82844],[-153.928564,-16.833446],[-153.926912,-16.835226],[-153.924,-16.834743],[-153.92134,-16.83515],[-153.920342,-16.833644],[-153.919112,-16.829017],[-153.919488,-16.82595],[-153.922656,-16.820253],[-153.92304,-16.817748],[-153.928229,-16.812569],[-153.93069,-16.80824],[-153.931741,-16.804431],[-153.934107,-16.800584],[-153.936136,-16.798216],[-153.938474,-16.793329],[-153.938746,-16.782248],[-153.939026,-16.781402],[-153.947094,-16.773415],[-153.951236,-16.771574]]],[[[-152.253067,-16.435245],[-152.257236,-16.436498],[-152.259815,-16.435536],[-152.261918,-16.438554],[-152.264764,-16.44066],[-152.267035,-16.441578],[-152.268468,-16.443363],[-152.268544,-16.446658],[-152.274032,-16.4504],[-152.273971,-16.452836],[-152.269144,-16.452677],[-152.265131,-16.450106],[-152.262645,-16.450185],[-152.2594,-16.452141],[-152.258616,-16.453993],[-152.255008,-16.454683],[-152.252655,-16.456684],[-152.25004,-16.455491],[-152.249933,-16.453634],[-152.247112,-16.444633],[-152.248685,-16.43835],[-152.253067,-16.435245]]],[[[-152.288711,-16.426351],[-152.290091,-16.431091],[-152.291044,-16.436795],[-152.292329,-16.441117],[-152.294932,-16.447942],[-152.295618,-16.450991],[-152.295575,-16.455868],[-152.292997,-16.459593],[-152.290034,-16.460356],[-152.283332,-16.459737],[-152.282269,-16.458756],[-152.280857,-16.455439],[-152.28008,-16.451501],[-152.280705,-16.449911],[-152.283136,-16.448275],[-152.284827,-16.443916],[-152.284775,-16.440382],[-152.285396,-16.436781],[-152.285129,-16.432439],[-152.28397,-16.428444],[-152.276273,-16.426241],[-152.272415,-16.425792],[-152.268517,-16.427209],[-152.265693,-16.426062],[-152.264264,-16.423893],[-152.264191,-16.42214],[-152.265905,-16.420015],[-152.285173,-16.424395],[-152.288711,-16.426351]]],[[[-152.258675,-16.417329],[-152.262017,-16.418347],[-152.261201,-16.423203],[-152.258894,-16.421917],[-152.258675,-16.417329]]],[[[-152.246867,-16.475678],[-152.249207,-16.476884],[-152.24912,-16.481749],[-152.248221,-16.482678],[-152.245642,-16.480341],[-152.247896,-16.477527],[-152.246867,-16.475678]]],[[[-152.242707,-16.470569],[-152.244695,-16.469013],[-152.242909,-16.475571],[-152.243684,-16.47784],[-152.242159,-16.480622],[-152.239942,-16.474449],[-152.24143,-16.471115],[-152.242707,-16.470569]]],[[[-152.253613,-16.416293],[-152.256474,-16.416607],[-152.257321,-16.419062],[-152.256705,-16.424641],[-152.253458,-16.421885],[-152.24987,-16.422147],[-152.24398,-16.426893],[-152.237389,-16.431772],[-152.235376,-16.437268],[-152.236228,-16.444114],[-152.237381,-16.445776],[-152.240462,-16.448223],[-152.240518,-16.451325],[-152.234317,-16.449862],[-152.233461,-16.449224],[-152.232079,-16.443054],[-152.234255,-16.431066],[-152.235494,-16.428531],[-152.243189,-16.423316],[-152.250432,-16.417519],[-152.253613,-16.416293]]],[[[-150.63003,-17.633082],[-150.63284,-17.633171],[-150.634398,-17.633986],[-150.640028,-17.641726],[-150.643289,-17.645343],[-150.642721,-17.647916],[-150.643931,-17.650295],[-150.64589,-17.656105],[-150.648697,-17.659894],[-150.65022,-17.658974],[-150.651541,-17.660311],[-150.652186,-17.66407],[-150.650371,-17.66705],[-150.645182,-17.664277],[-150.642074,-17.664196],[-150.637556,-17.665458],[-150.635851,-17.66664],[-150.634705,-17.669087],[-150.632623,-17.667494],[-150.632262,-17.670631],[-150.630064,-17.674328],[-150.629931,-17.677014],[-150.628865,-17.680147],[-150.626556,-17.680862],[-150.624011,-17.679166],[-150.622058,-17.679258],[-150.62026,-17.675838],[-150.616961,-17.673767],[-150.612899,-17.673571],[-150.610962,-17.672197],[-150.610384,-17.670675],[-150.611319,-17.66521],[-150.609709,-17.660312],[-150.60976,-17.657615],[-150.614045,-17.651246],[-150.618693,-17.647436],[-150.621598,-17.644059],[-150.623721,-17.640203],[-150.627432,-17.635006],[-150.63003,-17.633082]]],[[[-149.773599,-17.473809],[-149.77498,-17.473328],[-149.779607,-17.476503],[-149.782507,-17.476913],[-149.784833,-17.478018],[-149.787992,-17.478354],[-149.793762,-17.480281],[-149.800098,-17.480795],[-149.801229,-17.481277],[-149.803682,-17.480105],[-149.80457,-17.481182],[-149.808379,-17.480952],[-149.81153,-17.483117],[-149.815738,-17.483705],[-149.816755,-17.484582],[-149.817993,-17.487699],[-149.818436,-17.490682],[-149.817416,-17.492678],[-149.817957,-17.494825],[-149.817083,-17.496497],[-149.817636,-17.501174],[-149.817316,-17.502757],[-149.818903,-17.504324],[-149.819629,-17.506839],[-149.822775,-17.506749],[-149.823986,-17.505963],[-149.823368,-17.499837],[-149.825566,-17.495466],[-149.826481,-17.491699],[-149.8263,-17.487493],[-149.827879,-17.485847],[-149.830214,-17.484912],[-149.833119,-17.486163],[-149.838583,-17.484694],[-149.844919,-17.484699],[-149.846877,-17.486056],[-149.849411,-17.490271],[-149.850735,-17.491325],[-149.851273,-17.495285],[-149.854069,-17.500876],[-149.853269,-17.502183],[-149.852306,-17.508351],[-149.85086,-17.511096],[-149.849664,-17.511825],[-149.849265,-17.515497],[-149.85103,-17.518003],[-149.853637,-17.517257],[-149.857293,-17.510543],[-149.858721,-17.505821],[-149.861195,-17.50074],[-149.862994,-17.498781],[-149.863234,-17.497284],[-149.867687,-17.49462],[-149.870913,-17.491773],[-149.874752,-17.492397],[-149.876686,-17.493541],[-149.879327,-17.493611],[-149.879734,-17.492361],[-149.885351,-17.490781],[-149.8872,-17.491247],[-149.892579,-17.491246],[-149.89385,-17.489621],[-149.897443,-17.491963],[-149.905196,-17.490578],[-149.907937,-17.490568],[-149.910026,-17.493245],[-149.913604,-17.493468],[-149.915737,-17.500869],[-149.915848,-17.505737],[-149.914816,-17.509968],[-149.915299,-17.511839],[-149.912545,-17.515938],[-149.912082,-17.518572],[-149.912691,-17.520302],[-149.912166,-17.522493],[-149.910608,-17.524716],[-149.90879,-17.526035],[-149.906114,-17.530155],[-149.904174,-17.532408],[-149.904563,-17.533579],[-149.903082,-17.537284],[-149.900405,-17.53953],[-149.896059,-17.542097],[-149.888035,-17.547956],[-149.885835,-17.548419],[-149.880912,-17.551782],[-149.87967,-17.554409],[-149.87771,-17.55571],[-149.874146,-17.556304],[-149.872734,-17.557843],[-149.873084,-17.560446],[-149.871385,-17.56202],[-149.871272,-17.564194],[-149.868571,-17.567108],[-149.86693,-17.570342],[-149.860309,-17.576731],[-149.856432,-17.578358],[-149.856125,-17.57652],[-149.854387,-17.576001],[-149.851968,-17.581145],[-149.852583,-17.581927],[-149.851658,-17.584881],[-149.849748,-17.586429],[-149.846287,-17.585375],[-149.843687,-17.581644],[-149.84196,-17.582542],[-149.841688,-17.585988],[-149.839233,-17.588047],[-149.840495,-17.589854],[-149.837471,-17.592129],[-149.83528,-17.591404],[-149.828658,-17.591477],[-149.826125,-17.591831],[-149.823115,-17.593364],[-149.815233,-17.591442],[-149.808331,-17.59216],[-149.804833,-17.590332],[-149.805555,-17.588612],[-149.807677,-17.587002],[-149.805142,-17.585112],[-149.802491,-17.585112],[-149.798851,-17.581944],[-149.796987,-17.576813],[-149.797329,-17.574423],[-149.795741,-17.570858],[-149.792733,-17.568968],[-149.794058,-17.567175],[-149.792001,-17.563447],[-149.790723,-17.562384],[-149.788796,-17.55711],[-149.790279,-17.553767],[-149.790223,-17.550623],[-149.787148,-17.549644],[-149.786336,-17.55049],[-149.783787,-17.548066],[-149.780879,-17.546131],[-149.776814,-17.544395],[-149.774677,-17.542823],[-149.7751,-17.540368],[-149.773409,-17.538619],[-149.773919,-17.536851],[-149.773007,-17.534592],[-149.772794,-17.53189],[-149.775158,-17.528317],[-149.776867,-17.524075],[-149.779506,-17.52395],[-149.781537,-17.521494],[-149.781129,-17.519864],[-149.778047,-17.520232],[-149.775078,-17.519861],[-149.771401,-17.517255],[-149.770714,-17.514963],[-149.76873,-17.51287],[-149.768877,-17.508342],[-149.766721,-17.505433],[-149.766264,-17.503774],[-149.763781,-17.499998],[-149.761417,-17.498554],[-149.756972,-17.497292],[-149.754798,-17.497912],[-149.752977,-17.495476],[-149.752582,-17.493318],[-149.755457,-17.491084],[-149.758985,-17.489643],[-149.762378,-17.487439],[-149.764636,-17.484095],[-149.766629,-17.478876],[-149.768991,-17.476601],[-149.773599,-17.473809]]],[[[-149.919599,-17.488779],[-149.920598,-17.49032],[-149.919162,-17.491854],[-149.915408,-17.489813],[-149.917055,-17.48734],[-149.919599,-17.488779]]],[[[-149.914692,-17.486861],[-149.912516,-17.489025],[-149.91037,-17.488399],[-149.911584,-17.485972],[-149.914692,-17.486861]]],[[[-141.245981,-14.187673],[-141.24669,-14.191552],[-141.246001,-14.193324],[-141.241769,-14.194113],[-141.238867,-14.19283],[-141.23875,-14.190228],[-141.241607,-14.190881],[-141.245981,-14.187673]]],[[[-141.24777,-14.192056],[-141.246617,-14.190405],[-141.247516,-14.187701],[-141.249416,-14.18899],[-141.25018,-14.191354],[-141.24777,-14.192056]]],[[[-141.261529,-14.1612],[-141.263413,-14.160584],[-141.270039,-14.16264],[-141.271882,-14.163658],[-141.274862,-14.166497],[-141.274651,-14.169048],[-141.270473,-14.176422],[-141.267675,-14.1784],[-141.264234,-14.178732],[-141.261468,-14.17998],[-141.261037,-14.177693],[-141.265087,-14.175463],[-141.265543,-14.173531],[-141.269684,-14.17334],[-141.269757,-14.171766],[-141.271305,-14.168784],[-141.269458,-14.167528],[-141.267123,-14.164739],[-141.26378,-14.163568],[-141.260407,-14.163219],[-141.261529,-14.1612]]],[[[-141.244777,-14.148023],[-141.248662,-14.148052],[-141.250151,-14.149836],[-141.250496,-14.152324],[-141.249336,-14.153391],[-141.245356,-14.150854],[-141.242839,-14.15036],[-141.244777,-14.148023]]],[[[-141.427334,-14.097873],[-141.432096,-14.092269],[-141.433419,-14.091418],[-141.435226,-14.091914],[-141.435946,-14.100069],[-141.435027,-14.102307],[-141.429152,-14.107995],[-141.42423,-14.110351],[-141.421844,-14.110746],[-141.420541,-14.108994],[-141.420734,-14.107057],[-141.423088,-14.103171],[-141.427334,-14.097873]]],[[[-141.214528,-14.186563],[-141.216586,-14.187227],[-141.215941,-14.189572],[-141.21593,-14.192621],[-141.21402,-14.193012],[-141.208479,-14.190789],[-141.209112,-14.187716],[-141.211385,-14.188777],[-141.214672,-14.188997],[-141.214528,-14.186563]]],[[[-141.200409,-14.189387],[-141.199477,-14.186885],[-141.201231,-14.18667],[-141.200409,-14.189387]]],[[[-141.227333,-14.15212],[-141.233128,-14.150003],[-141.238547,-14.148666],[-141.239448,-14.14895],[-141.240021,-14.15194],[-141.23416,-14.153583],[-141.232405,-14.154668],[-141.224253,-14.156655],[-141.219091,-14.15954],[-141.214558,-14.160248],[-141.212133,-14.163962],[-141.20959,-14.165797],[-141.207412,-14.165887],[-141.203252,-14.169401],[-141.200887,-14.173505],[-141.198929,-14.172531],[-141.197741,-14.173153],[-141.196535,-14.175633],[-141.191749,-14.17932],[-141.191795,-14.18115],[-141.189327,-14.182236],[-141.187534,-14.181455],[-141.18662,-14.182822],[-141.183581,-14.184934],[-141.18248,-14.186337],[-141.184004,-14.188188],[-141.186816,-14.18949],[-141.191164,-14.188013],[-141.192025,-14.188784],[-141.191267,-14.191254],[-141.186451,-14.19549],[-141.184139,-14.19697],[-141.180345,-14.196948],[-141.178159,-14.195879],[-141.17674,-14.194178],[-141.176507,-14.191673],[-141.177116,-14.188878],[-141.180279,-14.184007],[-141.182079,-14.181842],[-141.183841,-14.181003],[-141.186534,-14.178472],[-141.193454,-14.175486],[-141.195883,-14.173588],[-141.20212,-14.165836],[-141.204747,-14.16348],[-141.208859,-14.160694],[-141.213107,-14.157173],[-141.217121,-14.155151],[-141.227333,-14.15212]],[[-141.184687,-14.188768],[-141.181573,-14.18803],[-141.179815,-14.188847],[-141.179193,-14.191369],[-141.179965,-14.194447],[-141.182726,-14.195894],[-141.184965,-14.194294],[-141.1871,-14.19364],[-141.187198,-14.191322],[-141.184687,-14.188768]]],[[[-140.61778,-8.673791],[-140.618929,-8.673469],[-140.62078,-8.675416],[-140.620639,-8.679057],[-140.619218,-8.679458],[-140.615108,-8.676986],[-140.61778,-8.673791]]],[[[-140.651504,-7.955025],[-140.654712,-7.955896],[-140.655576,-7.958879],[-140.655454,-7.962056],[-140.656818,-7.962405],[-140.659112,-7.959783],[-140.659372,-7.958129],[-140.661284,-7.957774],[-140.662112,-7.959704],[-140.66188,-7.961943],[-140.662752,-7.964031],[-140.666069,-7.96774],[-140.66768,-7.968566],[-140.670254,-7.967477],[-140.671696,-7.963352],[-140.673953,-7.967687],[-140.675362,-7.968272],[-140.677088,-7.966621],[-140.680082,-7.967274],[-140.684932,-7.970936],[-140.686806,-7.97128],[-140.688287,-7.969829],[-140.689017,-7.973307],[-140.691103,-7.973586],[-140.693996,-7.971131],[-140.697404,-7.971473],[-140.699798,-7.975491],[-140.701063,-7.97551],[-140.702916,-7.972978],[-140.703976,-7.974121],[-140.703625,-7.977286],[-140.704749,-7.979055],[-140.708823,-7.979796],[-140.708237,-7.98205],[-140.705902,-7.985354],[-140.709232,-7.985583],[-140.711377,-7.984355],[-140.712263,-7.984999],[-140.71075,-7.987434],[-140.709722,-7.991743],[-140.707586,-7.993338],[-140.708716,-7.995912],[-140.712029,-7.995702],[-140.714744,-7.993852],[-140.716948,-7.994309],[-140.717034,-7.999672],[-140.71827,-8.00091],[-140.718254,-8.00268],[-140.719714,-8.005489],[-140.7206,-8.009747],[-140.719979,-8.012913],[-140.722105,-8.014728],[-140.723174,-8.016538],[-140.72081,-8.01728],[-140.720774,-8.019825],[-140.722121,-8.025689],[-140.721601,-8.030342],[-140.7192,-8.033855],[-140.71774,-8.040124],[-140.716479,-8.041088],[-140.712718,-8.04585],[-140.70651,-8.047142],[-140.705264,-8.046037],[-140.703741,-8.042274],[-140.702038,-8.041804],[-140.700597,-8.042983],[-140.699762,-8.045331],[-140.697209,-8.047416],[-140.695198,-8.045826],[-140.694341,-8.042283],[-140.695189,-8.038391],[-140.694038,-8.034398],[-140.694677,-8.030332],[-140.695676,-8.027115],[-140.693845,-8.02353],[-140.693978,-8.019333],[-140.687207,-8.005111],[-140.686263,-8.004367],[-140.684768,-8.001031],[-140.680844,-7.9974],[-140.679166,-7.997362],[-140.677509,-7.995647],[-140.674738,-7.99457],[-140.674094,-7.993202],[-140.669476,-7.991959],[-140.66668,-7.990771],[-140.663518,-7.988622],[-140.65657,-7.987847],[-140.651594,-7.989126],[-140.649381,-7.98863],[-140.652699,-7.985837],[-140.653113,-7.983294],[-140.650498,-7.980821],[-140.646012,-7.977939],[-140.644935,-7.976652],[-140.642903,-7.97625],[-140.640289,-7.973672],[-140.640365,-7.972362],[-140.637062,-7.966963],[-140.63707,-7.962003],[-140.639071,-7.96304],[-140.639047,-7.964832],[-140.642225,-7.966094],[-140.64261,-7.96373],[-140.643733,-7.962158],[-140.647942,-7.963647],[-140.649039,-7.96228],[-140.646832,-7.957588],[-140.648588,-7.955387],[-140.651504,-7.955025]]],[[[-140.560514,-7.898609],[-140.564223,-7.903576],[-140.565275,-7.906904],[-140.56693,-7.909217],[-140.569375,-7.909117],[-140.571274,-7.91006],[-140.571626,-7.912842],[-140.573107,-7.913947],[-140.57876,-7.91611],[-140.57847,-7.917422],[-140.580399,-7.920008],[-140.583496,-7.92285],[-140.585666,-7.922347],[-140.590268,-7.924303],[-140.594057,-7.927392],[-140.596759,-7.928281],[-140.594298,-7.930993],[-140.591466,-7.929615],[-140.589844,-7.930326],[-140.588688,-7.932164],[-140.585707,-7.930666],[-140.583085,-7.931338],[-140.581252,-7.930799],[-140.578889,-7.928332],[-140.573564,-7.926561],[-140.569981,-7.923633],[-140.5674,-7.922804],[-140.566868,-7.921505],[-140.562922,-7.917509],[-140.560688,-7.915986],[-140.556586,-7.914959],[-140.557099,-7.91134],[-140.554439,-7.909152],[-140.552522,-7.909513],[-140.551816,-7.90749],[-140.550396,-7.906367],[-140.552468,-7.903637],[-140.554251,-7.904715],[-140.555724,-7.903597],[-140.558089,-7.899136],[-140.560514,-7.898609]]],[[[-140.377404,-7.863434],[-140.376784,-7.864365],[-140.37606,-7.868813],[-140.37337,-7.869019],[-140.374508,-7.864882],[-140.375129,-7.860745],[-140.375853,-7.8594],[-140.378128,-7.860641],[-140.377404,-7.863434]]],[[[-140.067992,-8.919719],[-140.065456,-8.91844],[-140.060879,-8.920928],[-140.05898,-8.918589],[-140.055659,-8.921209],[-140.055185,-8.919133],[-140.05746,-8.917442],[-140.057012,-8.915266],[-140.055815,-8.913849],[-140.049865,-8.914084],[-140.048478,-8.913481],[-140.047297,-8.910951],[-140.043964,-8.912215],[-140.042144,-8.912316],[-140.042446,-8.908725],[-140.04353,-8.906393],[-140.042851,-8.904537],[-140.045792,-8.900641],[-140.049662,-8.89729],[-140.053427,-8.895526],[-140.05361,-8.894083],[-140.051335,-8.892153],[-140.052749,-8.888009],[-140.051712,-8.887259],[-140.046388,-8.892079],[-140.044386,-8.89351],[-140.043429,-8.892566],[-140.043923,-8.889176],[-140.048414,-8.882211],[-140.053625,-8.877473],[-140.051865,-8.874911],[-140.050801,-8.875965],[-140.047227,-8.877236],[-140.040986,-8.881348],[-140.039393,-8.883478],[-140.0368,-8.884877],[-140.034761,-8.888497],[-140.033093,-8.894152],[-140.028495,-8.900928],[-140.025978,-8.90238],[-140.025994,-8.897498],[-140.027889,-8.893515],[-140.028463,-8.889948],[-140.026939,-8.88878],[-140.02541,-8.889498],[-140.025212,-8.892163],[-140.022439,-8.894079],[-140.021034,-8.896268],[-140.021221,-8.89925],[-140.018851,-8.904272],[-140.016303,-8.906877],[-140.016022,-8.90803],[-140.013521,-8.910832],[-140.015183,-8.913276],[-140.015386,-8.915562],[-140.018558,-8.918606],[-140.018403,-8.921246],[-140.019575,-8.922801],[-140.017619,-8.92805],[-140.016545,-8.927996],[-140.011275,-8.923639],[-140.010556,-8.92126],[-140.011228,-8.918245],[-140.009982,-8.910516],[-140.010513,-8.908132],[-140.009478,-8.903386],[-140.011885,-8.901131],[-140.010534,-8.89695],[-140.010956,-8.894866],[-140.009717,-8.891592],[-140.011818,-8.887431],[-140.013717,-8.885501],[-140.011715,-8.884362],[-140.012086,-8.881274],[-140.013399,-8.87703],[-140.014992,-8.875226],[-140.014346,-8.872438],[-140.012608,-8.871409],[-140.008797,-8.870254],[-140.013286,-8.868968],[-140.016107,-8.867127],[-140.012297,-8.857207],[-140.008393,-8.856043],[-140.005897,-8.854121],[-140.006111,-8.852995],[-140.008719,-8.851853],[-140.010694,-8.8524],[-140.013397,-8.852152],[-140.014872,-8.850804],[-140.013492,-8.849602],[-140.012416,-8.847133],[-140.01751,-8.8478],[-140.021858,-8.84739],[-140.022159,-8.845681],[-140.02537,-8.845734],[-140.027174,-8.844584],[-140.029129,-8.845009],[-140.031727,-8.846734],[-140.034293,-8.845132],[-140.035746,-8.843279],[-140.037789,-8.843694],[-140.03943,-8.843061],[-140.039321,-8.838893],[-140.040049,-8.837978],[-140.042835,-8.839058],[-140.046821,-8.835631],[-140.047609,-8.832875],[-140.047228,-8.829168],[-140.046397,-8.827756],[-140.043314,-8.827151],[-140.041076,-8.827439],[-140.03901,-8.826751],[-140.038447,-8.824083],[-140.039461,-8.822376],[-140.038564,-8.820583],[-140.035542,-8.816688],[-140.033065,-8.815183],[-140.028313,-8.814969],[-140.023823,-8.815301],[-140.021792,-8.813083],[-140.017546,-8.811782],[-140.017379,-8.809601],[-140.015778,-8.807207],[-140.01057,-8.805333],[-140.00883,-8.803213],[-140.009146,-8.800292],[-140.011102,-8.798669],[-140.01014,-8.797398],[-140.012216,-8.79611],[-140.014682,-8.79328],[-140.016095,-8.795272],[-140.016031,-8.798976],[-140.020003,-8.801242],[-140.022172,-8.801817],[-140.026478,-8.805512],[-140.026199,-8.803168],[-140.027739,-8.802545],[-140.027848,-8.799703],[-140.032283,-8.800834],[-140.031514,-8.792329],[-140.033465,-8.792588],[-140.033875,-8.794673],[-140.036291,-8.799871],[-140.038562,-8.802797],[-140.037881,-8.804257],[-140.039375,-8.806246],[-140.038857,-8.807327],[-140.040681,-8.811348],[-140.043093,-8.813346],[-140.045477,-8.81658],[-140.049652,-8.814722],[-140.050949,-8.812443],[-140.04919,-8.810082],[-140.050361,-8.808405],[-140.047986,-8.806399],[-140.048461,-8.803629],[-140.047376,-8.801256],[-140.049615,-8.798758],[-140.051607,-8.799846],[-140.051089,-8.801325],[-140.051275,-8.804514],[-140.052884,-8.807609],[-140.053065,-8.809824],[-140.054323,-8.810068],[-140.053151,-8.814367],[-140.053285,-8.816966],[-140.052608,-8.819975],[-140.053129,-8.823548],[-140.054064,-8.825508],[-140.053929,-8.827421],[-140.05576,-8.828258],[-140.060214,-8.828518],[-140.062171,-8.827159],[-140.06344,-8.827607],[-140.065655,-8.826298],[-140.066673,-8.824783],[-140.067204,-8.821477],[-140.06629,-8.819325],[-140.062532,-8.819494],[-140.062518,-8.816504],[-140.065163,-8.815121],[-140.066808,-8.81296],[-140.067662,-8.809293],[-140.066167,-8.803708],[-140.069356,-8.805062],[-140.072921,-8.802024],[-140.073633,-8.806806],[-140.074691,-8.808266],[-140.076683,-8.806565],[-140.076886,-8.805312],[-140.079803,-8.805488],[-140.080693,-8.806433],[-140.079297,-8.808733],[-140.079354,-8.810475],[-140.081026,-8.811254],[-140.080167,-8.815215],[-140.081106,-8.82077],[-140.07958,-8.822728],[-140.080945,-8.824126],[-140.08068,-8.82641],[-140.083678,-8.828282],[-140.086984,-8.828332],[-140.089478,-8.823871],[-140.091046,-8.820163],[-140.092615,-8.814324],[-140.093819,-8.816958],[-140.095163,-8.81653],[-140.096359,-8.814606],[-140.09829,-8.815614],[-140.101516,-8.814703],[-140.103151,-8.812807],[-140.100151,-8.80944],[-140.101938,-8.808309],[-140.107135,-8.809722],[-140.111178,-8.807612],[-140.112739,-8.808444],[-140.111168,-8.811145],[-140.112751,-8.814272],[-140.115549,-8.814132],[-140.118548,-8.811625],[-140.1208,-8.814601],[-140.12638,-8.816334],[-140.129915,-8.815148],[-140.130857,-8.812555],[-140.128376,-8.810546],[-140.127178,-8.807709],[-140.127106,-8.804104],[-140.127692,-8.803319],[-140.133225,-8.807241],[-140.135417,-8.805856],[-140.1368,-8.802818],[-140.138463,-8.804659],[-140.141166,-8.801643],[-140.142088,-8.805103],[-140.143781,-8.803703],[-140.145501,-8.800441],[-140.147423,-8.799744],[-140.146021,-8.805325],[-140.150681,-8.802862],[-140.150845,-8.805473],[-140.149701,-8.808697],[-140.151209,-8.80976],[-140.152803,-8.808308],[-140.154436,-8.805527],[-140.156656,-8.803717],[-140.158243,-8.806302],[-140.160298,-8.807457],[-140.162185,-8.805488],[-140.160828,-8.800701],[-140.158119,-8.795997],[-140.156891,-8.79285],[-140.161462,-8.792144],[-140.16647,-8.78732],[-140.167176,-8.783142],[-140.16913,-8.781601],[-140.171706,-8.783891],[-140.17313,-8.784343],[-140.176351,-8.781608],[-140.178411,-8.782393],[-140.178219,-8.783949],[-140.17643,-8.788079],[-140.177285,-8.789746],[-140.179161,-8.790235],[-140.181082,-8.787604],[-140.184054,-8.78723],[-140.18616,-8.785581],[-140.187418,-8.786425],[-140.187391,-8.788683],[-140.193052,-8.789948],[-140.193048,-8.792371],[-140.19565,-8.792817],[-140.196646,-8.790635],[-140.196837,-8.785375],[-140.196317,-8.784044],[-140.199255,-8.783271],[-140.200635,-8.78214],[-140.202221,-8.783039],[-140.202558,-8.784885],[-140.204727,-8.783803],[-140.209106,-8.783851],[-140.209995,-8.786014],[-140.211683,-8.786856],[-140.212737,-8.788581],[-140.215865,-8.787095],[-140.218387,-8.786924],[-140.219895,-8.788545],[-140.222598,-8.788571],[-140.224507,-8.79045],[-140.227101,-8.789546],[-140.228312,-8.791108],[-140.235665,-8.79466],[-140.238977,-8.794403],[-140.239573,-8.797585],[-140.244019,-8.79646],[-140.246618,-8.798752],[-140.247694,-8.801305],[-140.247286,-8.805584],[-140.248627,-8.807325],[-140.248618,-8.812196],[-140.249067,-8.815284],[-140.249968,-8.816285],[-140.248998,-8.820969],[-140.24687,-8.826015],[-140.247804,-8.826805],[-140.250683,-8.825431],[-140.252092,-8.827673],[-140.251623,-8.833925],[-140.250056,-8.839136],[-140.250095,-8.841215],[-140.248706,-8.846201],[-140.243962,-8.851871],[-140.243546,-8.853273],[-140.241222,-8.853373],[-140.23861,-8.854364],[-140.238533,-8.855772],[-140.241506,-8.856805],[-140.242043,-8.857893],[-140.23937,-8.859177],[-140.238492,-8.860627],[-140.2364,-8.859362],[-140.234231,-8.862339],[-140.234712,-8.865241],[-140.237107,-8.864863],[-140.237951,-8.866261],[-140.236747,-8.867674],[-140.234777,-8.867456],[-140.231891,-8.868881],[-140.23304,-8.871156],[-140.235003,-8.871308],[-140.234333,-8.875627],[-140.233235,-8.875843],[-140.230346,-8.880154],[-140.230011,-8.886836],[-140.229371,-8.890054],[-140.231468,-8.890569],[-140.231732,-8.892771],[-140.2304,-8.894275],[-140.228374,-8.893366],[-140.227251,-8.895853],[-140.228247,-8.898235],[-140.226193,-8.901154],[-140.226383,-8.903734],[-140.225558,-8.905776],[-140.226135,-8.907474],[-140.223994,-8.908928],[-140.22457,-8.911387],[-140.2232,-8.913467],[-140.221925,-8.913756],[-140.222221,-8.916063],[-140.224507,-8.916981],[-140.226389,-8.920208],[-140.224518,-8.923207],[-140.225424,-8.925227],[-140.225301,-8.929732],[-140.227236,-8.931303],[-140.225298,-8.932884],[-140.223677,-8.930313],[-140.221371,-8.929162],[-140.219353,-8.931369],[-140.217225,-8.932712],[-140.2163,-8.931164],[-140.21423,-8.931094],[-140.21404,-8.935147],[-140.212519,-8.935302],[-140.207946,-8.938439],[-140.203723,-8.943858],[-140.203149,-8.945598],[-140.199566,-8.945998],[-140.198269,-8.947222],[-140.199779,-8.948843],[-140.197037,-8.949642],[-140.194062,-8.952207],[-140.194202,-8.954734],[-140.192634,-8.95537],[-140.190217,-8.959369],[-140.188402,-8.960895],[-140.18773,-8.965628],[-140.186801,-8.965364],[-140.185357,-8.961981],[-140.182144,-8.960836],[-140.17861,-8.961464],[-140.17235,-8.959595],[-140.169683,-8.960593],[-140.17069,-8.957116],[-140.170184,-8.956359],[-140.16493,-8.958021],[-140.16644,-8.95605],[-140.165626,-8.953569],[-140.167897,-8.953033],[-140.1694,-8.950684],[-140.169348,-8.948591],[-140.170448,-8.946667],[-140.169886,-8.942818],[-140.167118,-8.943867],[-140.162554,-8.941614],[-140.161329,-8.942842],[-140.164174,-8.94752],[-140.163914,-8.948459],[-140.160584,-8.949063],[-140.159554,-8.947561],[-140.159262,-8.942888],[-140.157273,-8.940912],[-140.155859,-8.941365],[-140.155621,-8.943676],[-140.154209,-8.947065],[-140.15189,-8.949033],[-140.15051,-8.949339],[-140.146933,-8.945186],[-140.142393,-8.943592],[-140.140867,-8.942183],[-140.132069,-8.943007],[-140.128828,-8.944565],[-140.129125,-8.941661],[-140.130238,-8.939431],[-140.127528,-8.936363],[-140.124436,-8.934159],[-140.122438,-8.936094],[-140.120919,-8.934384],[-140.121796,-8.93136],[-140.121451,-8.929069],[-140.118802,-8.930153],[-140.117169,-8.925876],[-140.114266,-8.926578],[-140.113514,-8.928801],[-140.114259,-8.929788],[-140.114336,-8.934854],[-140.113398,-8.93532],[-140.111398,-8.932725],[-140.110636,-8.935104],[-140.108708,-8.93418],[-140.108229,-8.931592],[-140.106503,-8.928438],[-140.106826,-8.919207],[-140.107929,-8.91869],[-140.108694,-8.915823],[-140.108212,-8.914433],[-140.105072,-8.912351],[-140.099567,-8.912014],[-140.095928,-8.913033],[-140.095728,-8.915826],[-140.094294,-8.916233],[-140.093368,-8.918801],[-140.095532,-8.92199],[-140.095693,-8.92498],[-140.094524,-8.926272],[-140.094886,-8.929759],[-140.093252,-8.932739],[-140.093629,-8.93453],[-140.092285,-8.936241],[-140.087912,-8.936082],[-140.086636,-8.9337],[-140.085195,-8.932932],[-140.083894,-8.928301],[-140.081773,-8.927537],[-140.08174,-8.924409],[-140.079024,-8.926295],[-140.0748,-8.92764],[-140.072942,-8.926823],[-140.071418,-8.92478],[-140.071569,-8.923147],[-140.073877,-8.920935],[-140.069578,-8.920394],[-140.067992,-8.919719]]],[[[-139.213371,-19.328164],[-139.218417,-19.329555],[-139.22016,-19.331753],[-139.219946,-19.333614],[-139.214936,-19.330693],[-139.213127,-19.330149],[-139.207077,-19.331099],[-139.200972,-19.335215],[-139.19893,-19.337506],[-139.197462,-19.341781],[-139.199974,-19.347622],[-139.203178,-19.357903],[-139.207676,-19.361999],[-139.2087,-19.363557],[-139.212744,-19.365407],[-139.213996,-19.364591],[-139.217295,-19.364298],[-139.218106,-19.366961],[-139.214163,-19.368281],[-139.211361,-19.367624],[-139.206736,-19.3647],[-139.204275,-19.362529],[-139.202531,-19.359865],[-139.20171,-19.357275],[-139.197743,-19.347385],[-139.195769,-19.343018],[-139.195512,-19.340615],[-139.196907,-19.337331],[-139.199971,-19.334187],[-139.205198,-19.330161],[-139.207816,-19.329115],[-139.213371,-19.328164]]],[[[-139.231909,-19.340063],[-139.232871,-19.33851],[-139.236938,-19.338941],[-139.243644,-19.342429],[-139.254674,-19.349603],[-139.259062,-19.35208],[-139.260183,-19.353252],[-139.258216,-19.355678],[-139.253716,-19.356799],[-139.250786,-19.356857],[-139.24836,-19.354684],[-139.249503,-19.353655],[-139.254002,-19.352585],[-139.250886,-19.349945],[-139.247228,-19.349277],[-139.245246,-19.347221],[-139.240499,-19.343661],[-139.23495,-19.340801],[-139.231909,-19.340063]]],[[[-138.853835,-18.773775],[-138.858826,-18.776659],[-138.860668,-18.778632],[-138.860857,-18.781171],[-138.8593,-18.782683],[-138.857096,-18.783179],[-138.853985,-18.781659],[-138.852318,-18.779981],[-138.852154,-18.777775],[-138.848598,-18.774999],[-138.850357,-18.773904],[-138.853835,-18.773775]]],[[[-139.210116,-18.553917],[-139.214525,-18.554007],[-139.217804,-18.554819],[-139.220663,-18.556974],[-139.220695,-18.558561],[-139.218249,-18.560582],[-139.214554,-18.56122],[-139.209684,-18.560802],[-139.204805,-18.559746],[-139.202973,-18.558109],[-139.203848,-18.556766],[-139.210116,-18.553917]]],[[[-138.673882,-19.387152],[-138.677412,-19.387201],[-138.681913,-19.388916],[-138.683503,-19.390753],[-138.683984,-19.394529],[-138.682554,-19.395919],[-138.678879,-19.394958],[-138.680402,-19.393464],[-138.679364,-19.390479],[-138.673425,-19.389564],[-138.671369,-19.39341],[-138.670695,-19.398016],[-138.67214,-19.398443],[-138.67113,-19.401773],[-138.674894,-19.400174],[-138.676657,-19.398907],[-138.678122,-19.395941],[-138.681768,-19.396928],[-138.681793,-19.398332],[-138.679303,-19.401224],[-138.676617,-19.402405],[-138.670712,-19.402893],[-138.6684,-19.401426],[-138.667921,-19.398857],[-138.66981,-19.39146],[-138.672358,-19.38768],[-138.673882,-19.387152]]],[[[-138.766512,-19.273632],[-138.768917,-19.273981],[-138.773991,-19.277172],[-138.778023,-19.278711],[-138.784117,-19.2788],[-138.787951,-19.278056],[-138.790825,-19.276568],[-138.795917,-19.275599],[-138.802767,-19.275429],[-138.805422,-19.275818],[-138.808497,-19.279183],[-138.808534,-19.28183],[-138.807254,-19.283227],[-138.804875,-19.283455],[-138.800869,-19.282644],[-138.796366,-19.282284],[-138.78776,-19.282601],[-138.771844,-19.285605],[-138.766169,-19.285754],[-138.763763,-19.284311],[-138.762997,-19.282785],[-138.762519,-19.278433],[-138.763555,-19.274739],[-138.766512,-19.273632]]],[[[-138.840079,-18.769036],[-138.841637,-18.768499],[-138.843543,-18.770373],[-138.840111,-18.770909],[-138.840079,-18.769036]]],[[[-138.804726,-18.761016],[-138.812627,-18.761237],[-138.819834,-18.762083],[-138.823912,-18.76291],[-138.828102,-18.764377],[-138.827825,-18.766663],[-138.820289,-18.764781],[-138.816087,-18.764365],[-138.81334,-18.764631],[-138.808435,-18.764326],[-138.800809,-18.764523],[-138.792466,-18.766175],[-138.788466,-18.769025],[-138.7876,-18.77171],[-138.788739,-18.773757],[-138.792992,-18.774545],[-138.791238,-18.776575],[-138.78835,-18.776109],[-138.785941,-18.773532],[-138.784994,-18.770328],[-138.785845,-18.767992],[-138.788143,-18.765573],[-138.793201,-18.762797],[-138.804726,-18.761016]]],[[[-149.568322,-17.52355],[-149.570026,-17.523519],[-149.57614,-17.528701],[-149.582844,-17.533665],[-149.58155,-17.533762],[-149.579365,-17.532153],[-149.578331,-17.533374],[-149.579556,-17.535233],[-149.578627,-17.537555],[-149.576509,-17.539384],[-149.574488,-17.535812],[-149.577042,-17.532998],[-149.578536,-17.532251],[-149.570409,-17.524529],[-149.568322,-17.52355]]],[[[-138.8403,-14.809441],[-138.842355,-14.810448],[-138.846681,-14.813991],[-138.847662,-14.815866],[-138.846435,-14.818522],[-138.840943,-14.821199],[-138.838841,-14.820452],[-138.838863,-14.817106],[-138.834282,-14.8134],[-138.830807,-14.815415],[-138.828219,-14.814949],[-138.827044,-14.812689],[-138.827751,-14.810869],[-138.83096,-14.809884],[-138.834774,-14.811523],[-138.837801,-14.809492],[-138.8403,-14.809441]]],[[[-138.833944,-14.810668],[-138.831938,-14.809551],[-138.833935,-14.806516],[-138.836285,-14.806624],[-138.834436,-14.808867],[-138.833944,-14.810668]]],[[[-138.8318,-14.808182],[-138.829973,-14.807665],[-138.82963,-14.806028],[-138.832986,-14.803469],[-138.833782,-14.805911],[-138.8318,-14.808182]]],[[[-138.818167,-14.797513],[-138.82217,-14.797319],[-138.828109,-14.79898],[-138.831713,-14.800943],[-138.83228,-14.802534],[-138.831192,-14.804121],[-138.828205,-14.806301],[-138.826627,-14.803707],[-138.825056,-14.803242],[-138.817383,-14.807189],[-138.813292,-14.810725],[-138.813386,-14.811914],[-138.809552,-14.816032],[-138.807978,-14.814347],[-138.80524,-14.816452],[-138.802351,-14.817914],[-138.801918,-14.819927],[-138.799779,-14.820632],[-138.799643,-14.823236],[-138.801216,-14.82713],[-138.797837,-14.826808],[-138.798414,-14.82951],[-138.799927,-14.829567],[-138.800553,-14.831884],[-138.79973,-14.834285],[-138.802551,-14.835579],[-138.80416,-14.838607],[-138.802107,-14.839555],[-138.80003,-14.838318],[-138.797947,-14.839327],[-138.795342,-14.838224],[-138.793055,-14.835445],[-138.792147,-14.833231],[-138.792782,-14.830296],[-138.792845,-14.825864],[-138.793834,-14.823063],[-138.803762,-14.814187],[-138.808609,-14.81071],[-138.812725,-14.806584],[-138.815643,-14.802368],[-138.816418,-14.800097],[-138.818167,-14.797513]]],[[[-147.683359,-23.90293],[-147.688268,-23.90093],[-147.688503,-23.90297],[-147.687254,-23.905975],[-147.685299,-23.906145],[-147.683448,-23.904941],[-147.683359,-23.90293]]],[[[-147.654328,-23.875819],[-147.651054,-23.874484],[-147.646799,-23.870589],[-147.641412,-23.867887],[-147.636682,-23.866822],[-147.63095,-23.863484],[-147.625207,-23.862474],[-147.621219,-23.861256],[-147.618966,-23.857556],[-147.620987,-23.855052],[-147.630318,-23.854121],[-147.636235,-23.852642],[-147.64384,-23.851815],[-147.648869,-23.852287],[-147.651148,-23.853044],[-147.653132,-23.852615],[-147.656693,-23.854189],[-147.659788,-23.854433],[-147.666622,-23.859004],[-147.670944,-23.860688],[-147.675494,-23.861083],[-147.681009,-23.858428],[-147.683271,-23.86054],[-147.680182,-23.862304],[-147.67949,-23.864356],[-147.68041,-23.867547],[-147.682845,-23.869538],[-147.685413,-23.868867],[-147.690395,-23.870539],[-147.692378,-23.870351],[-147.693483,-23.869099],[-147.69611,-23.870139],[-147.698886,-23.873589],[-147.700651,-23.877831],[-147.698349,-23.878726],[-147.694711,-23.877496],[-147.6903,-23.876763],[-147.687324,-23.877504],[-147.680938,-23.882524],[-147.673098,-23.884774],[-147.669172,-23.88689],[-147.668861,-23.887793],[-147.654573,-23.883694],[-147.654876,-23.8828],[-147.665191,-23.88576],[-147.664844,-23.884693],[-147.66033,-23.88153],[-147.654328,-23.875819]]],[[[-147.658826,-23.902046],[-147.661204,-23.901299],[-147.663431,-23.903157],[-147.661723,-23.905218],[-147.660335,-23.904934],[-147.658826,-23.902046]]],[[[-147.621268,-23.87482],[-147.620905,-23.88094],[-147.621594,-23.883342],[-147.626875,-23.888798],[-147.627167,-23.890136],[-147.618635,-23.889035],[-147.616439,-23.88714],[-147.615317,-23.885216],[-147.616619,-23.883368],[-147.620381,-23.879776],[-147.620101,-23.877506],[-147.621268,-23.87482]]],[[[-147.593608,-23.868662],[-147.594927,-23.870549],[-147.595249,-23.873362],[-147.597821,-23.87479],[-147.604146,-23.875989],[-147.60245,-23.877573],[-147.597292,-23.876137],[-147.595345,-23.874847],[-147.591773,-23.87069],[-147.593608,-23.868662]]],[[[-147.590741,-23.864161],[-147.591187,-23.866279],[-147.592602,-23.868068],[-147.590675,-23.869161],[-147.589138,-23.867925],[-147.588496,-23.866031],[-147.590741,-23.864161]]],[[[-147.600485,-23.833144],[-147.605266,-23.833233],[-147.61246,-23.834995],[-147.611325,-23.836074],[-147.609016,-23.835222],[-147.606033,-23.8352],[-147.604814,-23.836221],[-147.601486,-23.836314],[-147.597148,-23.835414],[-147.592212,-23.836309],[-147.589969,-23.837821],[-147.588473,-23.839971],[-147.588012,-23.844638],[-147.586136,-23.844155],[-147.585551,-23.840935],[-147.586045,-23.838709],[-147.589423,-23.835911],[-147.596962,-23.83371],[-147.600485,-23.833144]]],[[[-148.258386,-15.807594],[-148.260181,-15.805419],[-148.265744,-15.805262],[-148.269021,-15.806301],[-148.273661,-15.809786],[-148.275281,-15.812417],[-148.276869,-15.817371],[-148.27726,-15.823759],[-148.278063,-15.830963],[-148.278819,-15.83497],[-148.282444,-15.845367],[-148.28252,-15.84821],[-148.281141,-15.851604],[-148.274769,-15.859083],[-148.2691,-15.863659],[-148.264387,-15.866959],[-148.255435,-15.871388],[-148.250319,-15.872664],[-148.247316,-15.872633],[-148.240154,-15.870551],[-148.237042,-15.868873],[-148.233676,-15.866099],[-148.230347,-15.864211],[-148.22527,-15.860029],[-148.222881,-15.85488],[-148.220698,-15.851864],[-148.21924,-15.847367],[-148.220281,-15.844672],[-148.226763,-15.840409],[-148.229988,-15.839784],[-148.234856,-15.840373],[-148.237834,-15.839771],[-148.240986,-15.837939],[-148.243515,-15.83548],[-148.246063,-15.83404],[-148.248119,-15.831504],[-148.249424,-15.8284],[-148.25424,-15.820162],[-148.257178,-15.816395],[-148.258658,-15.811083],[-148.257808,-15.80866],[-148.258386,-15.807594]]],[[[-148.284923,-15.045517],[-148.285008,-15.047961],[-148.28272,-15.046834],[-148.284923,-15.045517]]],[[[-148.286274,-15.037915],[-148.287578,-15.03845],[-148.287953,-15.042057],[-148.28688,-15.043694],[-148.284742,-15.044314],[-148.283145,-15.043432],[-148.283853,-15.03819],[-148.286274,-15.037915]]],[[[-148.280391,-15.013225],[-148.282657,-15.014713],[-148.280704,-15.017304],[-148.279375,-15.015617],[-148.280391,-15.013225]]],[[[-148.276257,-15.007905],[-148.276171,-15.006427],[-148.274511,-15.004149],[-148.277358,-15.002584],[-148.278179,-15.00328],[-148.278336,-15.006799],[-148.276257,-15.007905]]],[[[-148.274452,-14.996969],[-148.276053,-14.995791],[-148.277745,-14.997246],[-148.278183,-15.000906],[-148.276541,-15.002298],[-148.273272,-15.003088],[-148.274774,-14.999402],[-148.274452,-14.996969]]],[[[-148.272834,-14.98772],[-148.275568,-14.987259],[-148.277583,-14.989038],[-148.277721,-14.992975],[-148.275741,-14.994816],[-148.274111,-14.99378],[-148.272159,-14.988641],[-148.272834,-14.98772]]],[[[-148.273821,-14.983215],[-148.27428,-14.984839],[-148.270798,-14.985964],[-148.272115,-14.983619],[-148.273821,-14.983215]]],[[[-148.26732,-14.973056],[-148.26994,-14.973317],[-148.271602,-14.976148],[-148.271645,-14.97745],[-148.268801,-14.97897],[-148.267293,-14.978858],[-148.265316,-14.974326],[-148.26732,-14.973056]]],[[[-148.263184,-14.971323],[-148.262844,-14.968976],[-148.265083,-14.969569],[-148.263184,-14.971323]]],[[[-148.257814,-14.961445],[-148.261556,-14.962068],[-148.262682,-14.964154],[-148.261483,-14.966197],[-148.259122,-14.967046],[-148.256668,-14.962533],[-148.257814,-14.961445]]],[[[-148.251613,-14.956895],[-148.253344,-14.954615],[-148.255102,-14.955171],[-148.256103,-14.958165],[-148.252778,-14.960467],[-148.251613,-14.956895]]],[[[-148.24911,-14.954245],[-148.250999,-14.952066],[-148.25209,-14.954416],[-148.250429,-14.955639],[-148.24911,-14.954245]]],[[[-148.246163,-14.949217],[-148.249459,-14.949658],[-148.250762,-14.951022],[-148.250372,-14.952556],[-148.248018,-14.954646],[-148.244581,-14.951855],[-148.246163,-14.949217]]],[[[-148.241599,-14.949905],[-148.243108,-14.947546],[-148.245004,-14.949145],[-148.243431,-14.950794],[-148.241599,-14.949905]]],[[[-148.673672,-14.898299],[-148.675238,-14.903827],[-148.673902,-14.905203],[-148.67385,-14.907994],[-148.670874,-14.906824],[-148.665915,-14.907454],[-148.665061,-14.908503],[-148.662977,-14.90817],[-148.657877,-14.905614],[-148.657958,-14.902881],[-148.660115,-14.89906],[-148.665759,-14.899742],[-148.670013,-14.899428],[-148.673672,-14.898299]]],[[[-148.680402,-14.896825],[-148.681293,-14.897726],[-148.68155,-14.902551],[-148.682902,-14.905445],[-148.680666,-14.90577],[-148.677022,-14.907946],[-148.676033,-14.90763],[-148.674805,-14.900663],[-148.676186,-14.897871],[-148.680402,-14.896825]]],[[[-148.687791,-14.89738],[-148.69182,-14.897732],[-148.692036,-14.902211],[-148.686504,-14.904454],[-148.681846,-14.901859],[-148.682233,-14.897822],[-148.685783,-14.89641],[-148.687791,-14.89738]]],[[[-148.650934,-14.896919],[-148.653716,-14.896653],[-148.653597,-14.899182],[-148.652128,-14.899573],[-148.650934,-14.896919]]],[[[-148.707156,-14.887945],[-148.709243,-14.88917],[-148.710114,-14.887408],[-148.710534,-14.882321],[-148.709799,-14.878515],[-148.708091,-14.876789],[-148.70897,-14.875371],[-148.708914,-14.872603],[-148.706019,-14.868114],[-148.709231,-14.865677],[-148.712544,-14.865755],[-148.713624,-14.86801],[-148.716076,-14.877074],[-148.716208,-14.881196],[-148.714468,-14.890541],[-148.713849,-14.892095],[-148.710377,-14.895837],[-148.704869,-14.899086],[-148.700658,-14.900019],[-148.697349,-14.899835],[-148.696773,-14.90216],[-148.695182,-14.903699],[-148.693944,-14.902972],[-148.693425,-14.900285],[-148.691802,-14.895626],[-148.693146,-14.893043],[-148.69555,-14.893605],[-148.701097,-14.891662],[-148.702166,-14.887664],[-148.70489,-14.889413],[-148.707156,-14.887945]]],[[[-148.71036,-14.86326],[-148.710543,-14.864114],[-148.707747,-14.86592],[-148.702803,-14.868094],[-148.701139,-14.866323],[-148.701581,-14.864347],[-148.699234,-14.862552],[-148.695903,-14.862563],[-148.694048,-14.861511],[-148.692291,-14.863376],[-148.685405,-14.8678],[-148.68277,-14.865386],[-148.680646,-14.865317],[-148.677091,-14.862952],[-148.673147,-14.863215],[-148.669646,-14.864559],[-148.667622,-14.866011],[-148.661847,-14.866808],[-148.660027,-14.867443],[-148.656854,-14.867149],[-148.652633,-14.868494],[-148.6446,-14.869666],[-148.639863,-14.871413],[-148.637202,-14.873932],[-148.636766,-14.875783],[-148.633945,-14.875958],[-148.631236,-14.879209],[-148.630733,-14.882137],[-148.628995,-14.882995],[-148.629491,-14.886299],[-148.633675,-14.890207],[-148.637872,-14.892423],[-148.640252,-14.892929],[-148.6459,-14.892238],[-148.647743,-14.893763],[-148.651196,-14.894009],[-148.647145,-14.898172],[-148.647323,-14.901626],[-148.643478,-14.900974],[-148.641649,-14.901679],[-148.636746,-14.901346],[-148.632472,-14.900502],[-148.629888,-14.899419],[-148.626895,-14.897127],[-148.625267,-14.894647],[-148.624833,-14.888496],[-148.625345,-14.884836],[-148.627087,-14.879195],[-148.629512,-14.875072],[-148.631627,-14.873046],[-148.636709,-14.87004],[-148.640547,-14.86858],[-148.648229,-14.866522],[-148.653228,-14.865701],[-148.662419,-14.863732],[-148.666489,-14.863132],[-148.673725,-14.859942],[-148.675962,-14.859597],[-148.67942,-14.860394],[-148.683353,-14.860204],[-148.686639,-14.859112],[-148.692477,-14.856146],[-148.700733,-14.855969],[-148.703614,-14.85721],[-148.70681,-14.859322],[-148.71036,-14.86326]]],[[[-148.241024,-15.114838],[-148.242659,-15.114624],[-148.245598,-15.111289],[-148.248432,-15.105179],[-148.249896,-15.103553],[-148.25225,-15.105008],[-148.252064,-15.109837],[-148.250572,-15.113687],[-148.245773,-15.11826],[-148.24002,-15.122861],[-148.23632,-15.124808],[-148.232518,-15.125819],[-148.228569,-15.125628],[-148.225254,-15.124228],[-148.224135,-15.12129],[-148.224361,-15.11604],[-148.225262,-15.115726],[-148.230676,-15.117691],[-148.232556,-15.117745],[-148.239285,-15.116584],[-148.241024,-15.114838]]],[[[-148.177086,-15.099544],[-148.17596,-15.099014],[-148.177009,-15.096655],[-148.178362,-15.097248],[-148.177086,-15.099544]]],[[[-148.224741,-14.938725],[-148.224889,-14.936707],[-148.228465,-14.93571],[-148.234774,-14.938648],[-148.234895,-14.939876],[-148.233244,-14.942436],[-148.231383,-14.942043],[-148.225901,-14.938807],[-148.224741,-14.938725]]],[[[-148.2135,-14.925174],[-148.215191,-14.928164],[-148.216844,-14.929433],[-148.215924,-14.930832],[-148.213931,-14.928142],[-148.211557,-14.926287],[-148.2135,-14.925174]]],[[[-148.202888,-14.915761],[-148.204792,-14.915978],[-148.210745,-14.920638],[-148.211491,-14.924087],[-148.208911,-14.926013],[-148.206575,-14.924656],[-148.203289,-14.919765],[-148.200255,-14.918588],[-148.200203,-14.917756],[-148.202888,-14.915761]]],[[[-148.194108,-14.914445],[-148.195072,-14.911378],[-148.196709,-14.911973],[-148.194108,-14.914445]]],[[[-148.176194,-14.908623],[-148.17811,-14.90749],[-148.184795,-14.908722],[-148.186393,-14.908547],[-148.193221,-14.909931],[-148.194503,-14.911848],[-148.192883,-14.914147],[-148.190218,-14.913034],[-148.183225,-14.91154],[-148.180933,-14.91154],[-148.175447,-14.91043],[-148.176194,-14.908623]]],[[[-148.16074,-14.9056],[-148.161624,-14.905301],[-148.167113,-14.905765],[-148.167923,-14.90645],[-148.166937,-14.909086],[-148.162286,-14.908319],[-148.159354,-14.908326],[-148.16074,-14.9056]]],[[[-148.154337,-14.905223],[-148.156332,-14.90525],[-148.156592,-14.908512],[-148.153445,-14.908817],[-148.153121,-14.90624],[-148.154337,-14.905223]]],[[[-148.157984,-14.90502],[-148.159509,-14.905129],[-148.158997,-14.90839],[-148.157562,-14.90841],[-148.157984,-14.90502]]],[[[-148.08053,-15.045921],[-148.081497,-15.04408],[-148.083211,-15.045461],[-148.0821,-15.04702],[-148.08053,-15.045921]]],[[[-148.0764,-15.042199],[-148.074578,-15.040803],[-148.076254,-15.039157],[-148.077609,-15.040581],[-148.0764,-15.042199]]],[[[-148.07125,-15.03763],[-148.07314,-15.035504],[-148.074429,-15.036737],[-148.0722,-15.039038],[-148.07125,-15.03763]]],[[[-148.060101,-15.023199],[-148.059027,-15.022841],[-148.060224,-15.020084],[-148.062545,-15.021433],[-148.060101,-15.023199]]],[[[-148.056969,-15.018087],[-148.060121,-15.016314],[-148.060946,-15.017888],[-148.058351,-15.020145],[-148.056969,-15.018087]]],[[[-148.053026,-15.013338],[-148.05331,-15.012022],[-148.056639,-15.01075],[-148.055136,-15.013897],[-148.053026,-15.013338]]],[[[-148.14924,-14.90506],[-148.152816,-14.905884],[-148.152864,-14.908811],[-148.148044,-14.908877],[-148.145478,-14.909635],[-148.134216,-14.911565],[-148.125158,-14.914623],[-148.122761,-14.91592],[-148.119265,-14.916539],[-148.115065,-14.919235],[-148.111955,-14.919579],[-148.104801,-14.922552],[-148.103354,-14.923564],[-148.098277,-14.925375],[-148.095901,-14.92711],[-148.091494,-14.929425],[-148.087486,-14.930623],[-148.08361,-14.932754],[-148.080265,-14.933634],[-148.072129,-14.938845],[-148.068945,-14.940439],[-148.06776,-14.941657],[-148.061218,-14.945224],[-148.05896,-14.947311],[-148.055339,-14.952044],[-148.053156,-14.957214],[-148.052293,-14.960441],[-148.051914,-14.964184],[-148.049959,-14.972834],[-148.048113,-14.976297],[-148.048405,-14.98203],[-148.049768,-14.987925],[-148.049648,-14.990673],[-148.051773,-14.997235],[-148.047103,-14.998309],[-148.045631,-14.990063],[-148.045756,-14.978854],[-148.048523,-14.964258],[-148.049072,-14.958108],[-148.050412,-14.954618],[-148.056039,-14.946752],[-148.058182,-14.944415],[-148.062984,-14.940404],[-148.068738,-14.937536],[-148.071478,-14.935078],[-148.088811,-14.92649],[-148.092715,-14.924114],[-148.096149,-14.922735],[-148.107315,-14.917556],[-148.113639,-14.915132],[-148.121422,-14.911677],[-148.133302,-14.9078],[-148.140757,-14.906289],[-148.14924,-14.90506]]],[[[-147.933472,-15.131739],[-147.935805,-15.129895],[-147.936782,-15.134249],[-147.934942,-15.135277],[-147.9331,-15.134347],[-147.933472,-15.131739]]],[[[-147.941038,-15.099535],[-147.940378,-15.09629],[-147.942851,-15.095507],[-147.943727,-15.098],[-147.94389,-15.101102],[-147.942477,-15.102432],[-147.940834,-15.101092],[-147.941038,-15.099535]]],[[[-147.939076,-15.089217],[-147.940989,-15.089142],[-147.941845,-15.091995],[-147.939856,-15.093158],[-147.939076,-15.089217]]],[[[-147.936002,-15.078114],[-147.935819,-15.076133],[-147.937004,-15.075194],[-147.940467,-15.074621],[-147.942077,-15.075462],[-147.941996,-15.077252],[-147.939723,-15.085012],[-147.937232,-15.088139],[-147.93443,-15.08698],[-147.931398,-15.088937],[-147.929462,-15.089097],[-147.932726,-15.084381],[-147.933908,-15.083693],[-147.935675,-15.080714],[-147.936002,-15.078114]]],[[[-147.935434,-15.070509],[-147.9367,-15.069861],[-147.940339,-15.070057],[-147.941707,-15.073164],[-147.941061,-15.074315],[-147.935806,-15.074762],[-147.934981,-15.072516],[-147.935434,-15.070509]]],[[[-147.935333,-15.064025],[-147.939121,-15.062799],[-147.939091,-15.064064],[-147.93679,-15.065418],[-147.935333,-15.064025]]],[[[-147.934462,-15.059524],[-147.936196,-15.058745],[-147.937782,-15.059711],[-147.936237,-15.061538],[-147.933427,-15.063087],[-147.933248,-15.061026],[-147.934462,-15.059524]]],[[[-147.927367,-15.048964],[-147.926664,-15.046809],[-147.930996,-15.045611],[-147.927367,-15.048964]]],[[[-147.925092,-15.045486],[-147.924962,-15.041653],[-147.926699,-15.040622],[-147.929144,-15.041584],[-147.930241,-15.043528],[-147.927958,-15.045596],[-147.925092,-15.045486]]],[[[-148.052938,-15.008594],[-148.054081,-15.010568],[-148.052643,-15.011761],[-148.051436,-15.009912],[-148.052938,-15.008594]]],[[[-148.052632,-15.006352],[-148.053354,-15.007936],[-148.050732,-15.0097],[-148.050908,-15.007012],[-148.052632,-15.006352]]],[[[-148.05162,-14.998941],[-148.053007,-15.003762],[-148.050161,-15.006185],[-148.047952,-15.00389],[-148.048311,-14.999434],[-148.05162,-14.998941]]],[[[-147.73117,-15.243084],[-147.731651,-15.245659],[-147.728884,-15.246083],[-147.729381,-15.242977],[-147.73117,-15.243084]]],[[[-147.708268,-15.238276],[-147.710414,-15.237945],[-147.710788,-15.241535],[-147.70823,-15.242525],[-147.708268,-15.238276]]],[[[-147.703994,-15.236505],[-147.706392,-15.236822],[-147.704807,-15.23895],[-147.703994,-15.236505]]],[[[-147.69061,-15.237204],[-147.685152,-15.235406],[-147.685413,-15.233242],[-147.687367,-15.231281],[-147.695834,-15.235028],[-147.703408,-15.236155],[-147.705126,-15.241739],[-147.698025,-15.240387],[-147.69061,-15.237204]]],[[[-147.762631,-15.223643],[-147.766025,-15.220653],[-147.767698,-15.225813],[-147.763021,-15.229424],[-147.753304,-15.235143],[-147.750615,-15.237374],[-147.743989,-15.241772],[-147.738338,-15.244687],[-147.732556,-15.246072],[-147.732173,-15.243563],[-147.733041,-15.241327],[-147.732616,-15.239169],[-147.736796,-15.238775],[-147.739717,-15.237599],[-147.744234,-15.234885],[-147.747554,-15.232159],[-147.755089,-15.227598],[-147.757161,-15.226813],[-147.762631,-15.223643]]],[[[-147.770295,-15.218571],[-147.772607,-15.2181],[-147.774737,-15.216021],[-147.780783,-15.211755],[-147.783727,-15.21369],[-147.784414,-15.21636],[-147.781499,-15.217762],[-147.776484,-15.221463],[-147.772822,-15.223263],[-147.770442,-15.22208],[-147.770295,-15.218571]]],[[[-147.784291,-15.210826],[-147.786616,-15.209045],[-147.787211,-15.213306],[-147.784291,-15.210826]]],[[[-147.887319,-14.998669],[-147.888312,-14.996653],[-147.893787,-15.000728],[-147.896319,-15.003086],[-147.896649,-15.004931],[-147.895588,-15.006793],[-147.894161,-15.006665],[-147.891215,-15.002728],[-147.889086,-15.001732],[-147.887319,-14.998669]]],[[[-147.86018,-14.952959],[-147.862096,-14.952337],[-147.864159,-14.955144],[-147.867273,-14.966237],[-147.870802,-14.972288],[-147.870928,-14.974399],[-147.872224,-14.975272],[-147.873406,-14.977695],[-147.875285,-14.979194],[-147.875842,-14.981713],[-147.877991,-14.982947],[-147.880867,-14.986768],[-147.886444,-14.995152],[-147.885211,-14.997047],[-147.880362,-14.993631],[-147.879363,-14.992009],[-147.874058,-14.986526],[-147.871868,-14.983791],[-147.869189,-14.982465],[-147.869244,-14.978956],[-147.866307,-14.97764],[-147.862276,-14.969495],[-147.86203,-14.96803],[-147.859578,-14.963254],[-147.859167,-14.960708],[-147.857645,-14.957582],[-147.858138,-14.9555],[-147.86018,-14.952959]]],[[[-147.687341,-14.944887],[-147.688556,-14.94455],[-147.689766,-14.947635],[-147.687663,-14.947726],[-147.687341,-14.944887]]],[[[-147.706712,-14.937263],[-147.708531,-14.937017],[-147.71036,-14.939513],[-147.709807,-14.944818],[-147.706137,-14.945371],[-147.70376,-14.944843],[-147.698563,-14.944731],[-147.689774,-14.947488],[-147.688819,-14.944716],[-147.695462,-14.942227],[-147.696014,-14.94133],[-147.703843,-14.938093],[-147.706712,-14.937263]]],[[[-147.745101,-14.93204],[-147.74922,-14.931718],[-147.753377,-14.932119],[-147.755614,-14.931867],[-147.76013,-14.932721],[-147.767151,-14.932456],[-147.767558,-14.936181],[-147.767031,-14.937016],[-147.760902,-14.937543],[-147.749456,-14.939645],[-147.748148,-14.940673],[-147.740975,-14.941613],[-147.735484,-14.940775],[-147.731823,-14.941821],[-147.727796,-14.940603],[-147.726918,-14.941378],[-147.721795,-14.941969],[-147.720062,-14.942989],[-147.718654,-14.945471],[-147.713695,-14.943282],[-147.714901,-14.940082],[-147.715312,-14.93735],[-147.717223,-14.935166],[-147.720329,-14.934157],[-147.732213,-14.932636],[-147.737024,-14.932597],[-147.745101,-14.93204]]],[[[-147.847158,-14.930051],[-147.851532,-14.927708],[-147.853713,-14.92552],[-147.855945,-14.927524],[-147.855681,-14.930714],[-147.857231,-14.93192],[-147.856955,-14.93343],[-147.858478,-14.935338],[-147.859814,-14.94143],[-147.858309,-14.944356],[-147.859599,-14.94493],[-147.861297,-14.948253],[-147.861678,-14.950241],[-147.860519,-14.952247],[-147.858226,-14.951375],[-147.858801,-14.949184],[-147.852669,-14.949714],[-147.850423,-14.946118],[-147.853223,-14.945698],[-147.852756,-14.944098],[-147.850428,-14.942963],[-147.851199,-14.939667],[-147.850473,-14.936095],[-147.847158,-14.930051]]],[[[-147.769669,-14.932049],[-147.770923,-14.935502],[-147.770451,-14.936843],[-147.767463,-14.93711],[-147.76785,-14.934941],[-147.767628,-14.932408],[-147.769669,-14.932049]]],[[[-147.77123,-14.932041],[-147.772381,-14.932099],[-147.772912,-14.936562],[-147.771217,-14.935487],[-147.77123,-14.932041]]],[[[-147.778936,-14.935988],[-147.777518,-14.93473],[-147.77744,-14.931384],[-147.779212,-14.931476],[-147.778936,-14.935988]]],[[[-147.774747,-14.931396],[-147.777086,-14.931434],[-147.777403,-14.935314],[-147.774936,-14.936628],[-147.773267,-14.933764],[-147.774747,-14.931396]]],[[[-147.800451,-14.923197],[-147.801903,-14.923137],[-147.802998,-14.927178],[-147.803765,-14.928168],[-147.799726,-14.929057],[-147.792787,-14.929983],[-147.786704,-14.934067],[-147.78223,-14.936223],[-147.780548,-14.936213],[-147.779554,-14.932702],[-147.780442,-14.93098],[-147.78451,-14.928787],[-147.787065,-14.926943],[-147.791552,-14.925031],[-147.795547,-14.924261],[-147.797333,-14.92344],[-147.800451,-14.923197]]],[[[-147.838007,-14.917542],[-147.844751,-14.917517],[-147.850895,-14.917896],[-147.852149,-14.91949],[-147.851869,-14.921042],[-147.853715,-14.924952],[-147.851729,-14.927213],[-147.847485,-14.928817],[-147.843499,-14.923952],[-147.837914,-14.923012],[-147.837323,-14.922127],[-147.833216,-14.923394],[-147.828556,-14.923591],[-147.826109,-14.922557],[-147.824847,-14.924391],[-147.820378,-14.925065],[-147.818797,-14.924336],[-147.804146,-14.928011],[-147.803173,-14.926741],[-147.80209,-14.923267],[-147.805772,-14.921827],[-147.81434,-14.920396],[-147.816816,-14.919461],[-147.821,-14.919431],[-147.826389,-14.91845],[-147.838007,-14.917542]]],[[[-147.45348,-15.312938],[-147.453891,-15.30893],[-147.455634,-15.312478],[-147.45348,-15.312938]]],[[[-147.439695,-15.306172],[-147.443006,-15.308329],[-147.447562,-15.309196],[-147.450797,-15.308224],[-147.451901,-15.308741],[-147.452025,-15.312489],[-147.447125,-15.313988],[-147.43826,-15.314251],[-147.42843,-15.313973],[-147.419769,-15.314291],[-147.412663,-15.313889],[-147.40868,-15.313087],[-147.407754,-15.312262],[-147.404355,-15.311883],[-147.404017,-15.309253],[-147.407357,-15.306457],[-147.409099,-15.307672],[-147.415433,-15.309322],[-147.417511,-15.309019],[-147.419784,-15.310063],[-147.423093,-15.310114],[-147.425915,-15.309435],[-147.429118,-15.309733],[-147.432399,-15.30855],[-147.435635,-15.308424],[-147.439695,-15.306172]]],[[[-147.507172,-15.297049],[-147.508981,-15.295953],[-147.512612,-15.299626],[-147.507979,-15.301586],[-147.501339,-15.303275],[-147.497878,-15.305242],[-147.491713,-15.30931],[-147.484785,-15.314882],[-147.48218,-15.315991],[-147.478266,-15.316579],[-147.467939,-15.315632],[-147.458149,-15.313871],[-147.458627,-15.311593],[-147.460756,-15.309407],[-147.46889,-15.311294],[-147.473001,-15.311944],[-147.47434,-15.312947],[-147.477246,-15.313146],[-147.47964,-15.312389],[-147.483263,-15.312174],[-147.485622,-15.310917],[-147.487304,-15.308646],[-147.489925,-15.307072],[-147.49256,-15.304491],[-147.494855,-15.301497],[-147.496678,-15.300835],[-147.499134,-15.298661],[-147.506099,-15.295404],[-147.507172,-15.297049]]],[[[-147.517402,-15.293898],[-147.51611,-15.293627],[-147.514517,-15.290808],[-147.515435,-15.290356],[-147.517402,-15.293898]]],[[[-147.571638,-15.254148],[-147.572445,-15.254776],[-147.569882,-15.258789],[-147.566431,-15.261941],[-147.562585,-15.263558],[-147.562011,-15.257374],[-147.569588,-15.25114],[-147.571638,-15.254148]]],[[[-147.595051,-15.235998],[-147.597426,-15.237025],[-147.597968,-15.24057],[-147.593021,-15.241499],[-147.591855,-15.236931],[-147.595051,-15.235998]]],[[[-147.604669,-15.235338],[-147.608458,-15.235424],[-147.607116,-15.237903],[-147.606907,-15.240388],[-147.604673,-15.240389],[-147.602994,-15.23709],[-147.604669,-15.235338]]],[[[-147.586052,-15.236309],[-147.587357,-15.237008],[-147.586673,-15.239101],[-147.584825,-15.23927],[-147.584556,-15.236698],[-147.586052,-15.236309]]],[[[-147.623545,-15.234621],[-147.626325,-15.239566],[-147.622317,-15.240563],[-147.619995,-15.240618],[-147.619617,-15.235661],[-147.623545,-15.234621]]],[[[-147.628662,-15.232797],[-147.630541,-15.232781],[-147.630704,-15.234878],[-147.63277,-15.236858],[-147.629449,-15.238367],[-147.62724,-15.238405],[-147.627131,-15.23336],[-147.628662,-15.232797]]],[[[-147.633593,-15.23044],[-147.634752,-15.230294],[-147.633915,-15.234608],[-147.632006,-15.232635],[-147.633593,-15.23044]]],[[[-147.671274,-15.231753],[-147.673188,-15.229497],[-147.675622,-15.231043],[-147.674783,-15.232914],[-147.671274,-15.231753]]],[[[-147.644589,-15.227677],[-147.647564,-15.229212],[-147.64932,-15.230788],[-147.649455,-15.233339],[-147.643206,-15.233949],[-147.642956,-15.231991],[-147.644589,-15.227677]]],[[[-147.653314,-15.227963],[-147.655925,-15.227591],[-147.655802,-15.229728],[-147.653145,-15.232797],[-147.653314,-15.227963]]],[[[-147.657381,-15.229673],[-147.657071,-15.22767],[-147.659322,-15.226939],[-147.659653,-15.229516],[-147.658701,-15.232506],[-147.656364,-15.232636],[-147.657381,-15.229673]]],[[[-147.66871,-15.22896],[-147.668606,-15.225854],[-147.67117,-15.22739],[-147.670779,-15.232242],[-147.668629,-15.232431],[-147.667823,-15.231088],[-147.66871,-15.22896]]],[[[-147.674402,-15.228479],[-147.677367,-15.227616],[-147.676374,-15.230312],[-147.674402,-15.228479]]],[[[-147.648736,-15.226802],[-147.65049,-15.226284],[-147.651632,-15.227591],[-147.650665,-15.229659],[-147.648736,-15.226802]]],[[[-147.589898,-14.993904],[-147.591785,-14.99289],[-147.596962,-14.992176],[-147.59585,-14.993959],[-147.589153,-14.998718],[-147.585569,-15.003273],[-147.583086,-15.007177],[-147.580107,-15.010981],[-147.576292,-15.017029],[-147.575882,-15.018756],[-147.573802,-15.021992],[-147.572557,-15.025184],[-147.569187,-15.030292],[-147.562208,-15.035596],[-147.556723,-15.040429],[-147.550973,-15.044446],[-147.541604,-15.052638],[-147.537943,-15.056903],[-147.536422,-15.060757],[-147.533555,-15.064685],[-147.531933,-15.068021],[-147.529691,-15.071367],[-147.527178,-15.073938],[-147.523907,-15.074874],[-147.521158,-15.077464],[-147.517802,-15.081539],[-147.513496,-15.083937],[-147.510123,-15.086685],[-147.505819,-15.091015],[-147.504059,-15.09157],[-147.500451,-15.093829],[-147.497324,-15.096453],[-147.49265,-15.101616],[-147.491667,-15.103781],[-147.48969,-15.103746],[-147.48384,-15.10745],[-147.482587,-15.10868],[-147.480049,-15.108665],[-147.478901,-15.11136],[-147.474591,-15.112246],[-147.469961,-15.11258],[-147.461684,-15.117626],[-147.457034,-15.121068],[-147.452626,-15.122676],[-147.452133,-15.123943],[-147.447195,-15.127171],[-147.442453,-15.131683],[-147.438636,-15.134308],[-147.433763,-15.139912],[-147.430741,-15.144706],[-147.428914,-15.146647],[-147.426991,-15.152006],[-147.4223,-15.154752],[-147.420637,-15.157853],[-147.417831,-15.158709],[-147.414813,-15.157701],[-147.412811,-15.159335],[-147.41166,-15.16367],[-147.407367,-15.168535],[-147.40525,-15.172718],[-147.400476,-15.176597],[-147.399429,-15.179597],[-147.39586,-15.180136],[-147.389487,-15.183464],[-147.387559,-15.185521],[-147.386379,-15.185503],[-147.381059,-15.188816],[-147.376763,-15.192502],[-147.371497,-15.1947],[-147.367172,-15.197754],[-147.36532,-15.199614],[-147.360847,-15.202122],[-147.357215,-15.203088],[-147.353958,-15.204736],[-147.352083,-15.206316],[-147.350399,-15.208941],[-147.348182,-15.211131],[-147.338332,-15.215776],[-147.334915,-15.219523],[-147.333771,-15.223821],[-147.332365,-15.225467],[-147.330622,-15.222871],[-147.331579,-15.218316],[-147.334151,-15.214628],[-147.347208,-15.206481],[-147.351226,-15.201959],[-147.354143,-15.200325],[-147.362198,-15.196931],[-147.364531,-15.195123],[-147.372606,-15.190991],[-147.377714,-15.187681],[-147.384282,-15.182613],[-147.387589,-15.180956],[-147.392038,-15.178122],[-147.394457,-15.177616],[-147.40233,-15.169349],[-147.404042,-15.167051],[-147.408551,-15.16274],[-147.411724,-15.158269],[-147.418483,-15.153547],[-147.421501,-15.149469],[-147.426549,-15.146244],[-147.430872,-15.13953],[-147.436188,-15.133459],[-147.440232,-15.129761],[-147.442845,-15.126759],[-147.444427,-15.126321],[-147.446412,-15.123985],[-147.451573,-15.1206],[-147.458322,-15.115726],[-147.460181,-15.1154],[-147.464454,-15.112161],[-147.466373,-15.111581],[-147.468862,-15.109391],[-147.47576,-15.106556],[-147.476467,-15.107186],[-147.484069,-15.103404],[-147.486559,-15.102551],[-147.489025,-15.100518],[-147.492494,-15.09649],[-147.49739,-15.092743],[-147.498811,-15.091218],[-147.502588,-15.089113],[-147.504202,-15.087487],[-147.506426,-15.086471],[-147.510746,-15.081725],[-147.515649,-15.078135],[-147.5183,-15.076759],[-147.521993,-15.073678],[-147.522455,-15.072389],[-147.525262,-15.070002],[-147.529343,-15.063906],[-147.531332,-15.061586],[-147.536836,-15.054185],[-147.53816,-15.053237],[-147.541779,-15.048924],[-147.546772,-15.044716],[-147.549022,-15.043212],[-147.551126,-15.040932],[-147.552642,-15.040613],[-147.561233,-15.032953],[-147.565241,-15.029689],[-147.568427,-15.025865],[-147.570902,-15.021467],[-147.574708,-15.015819],[-147.575292,-15.014032],[-147.579017,-15.009572],[-147.583776,-15.001844],[-147.588531,-14.995185],[-147.589898,-14.993904]]],[[[-147.611348,-14.982688],[-147.614922,-14.982322],[-147.615409,-14.984771],[-147.611668,-14.985847],[-147.607085,-14.987981],[-147.602407,-14.991151],[-147.598459,-14.993392],[-147.597295,-14.991573],[-147.59985,-14.990257],[-147.605544,-14.985397],[-147.609504,-14.983129],[-147.611348,-14.982688]]],[[[-147.619644,-14.978533],[-147.623708,-14.972656],[-147.625807,-14.971392],[-147.627709,-14.972988],[-147.627276,-14.977311],[-147.625302,-14.978759],[-147.62182,-14.980129],[-147.615966,-14.984961],[-147.615098,-14.9823],[-147.619644,-14.978533]]],[[[-147.636329,-14.960802],[-147.643546,-14.958715],[-147.645799,-14.958428],[-147.645427,-14.960852],[-147.641936,-14.962032],[-147.636965,-14.964265],[-147.633673,-14.967029],[-147.633015,-14.969305],[-147.634158,-14.971823],[-147.63203,-14.972939],[-147.629694,-14.970776],[-147.629406,-14.967904],[-147.629989,-14.966505],[-147.633527,-14.962552],[-147.636329,-14.960802]]],[[[-147.648209,-14.95722],[-147.65015,-14.959319],[-147.64744,-14.960435],[-147.646681,-14.957918],[-147.648209,-14.95722]]],[[[-147.676022,-14.949134],[-147.678684,-14.949058],[-147.679524,-14.951091],[-147.675139,-14.952046],[-147.672021,-14.953825],[-147.667791,-14.954682],[-147.659822,-14.956919],[-147.650953,-14.958991],[-147.649967,-14.956835],[-147.652152,-14.955612],[-147.659116,-14.953568],[-147.660179,-14.953538],[-147.669879,-14.950464],[-147.676022,-14.949134]]],[[[-147.681028,-14.947327],[-147.682693,-14.947021],[-147.683457,-14.949682],[-147.679664,-14.95073],[-147.678948,-14.948774],[-147.681028,-14.947327]]],[[[-147.685988,-14.945412],[-147.687577,-14.948032],[-147.686674,-14.948862],[-147.683626,-14.949367],[-147.682927,-14.946943],[-147.685988,-14.945412]]],[[[-147.313131,-15.320511],[-147.311435,-15.321755],[-147.310656,-15.319168],[-147.313156,-15.318098],[-147.313131,-15.320511]]],[[[-147.3732,-15.31693],[-147.372072,-15.318966],[-147.365276,-15.321375],[-147.366217,-15.319409],[-147.3732,-15.31693]]],[[[-147.316181,-15.317743],[-147.316058,-15.3132],[-147.320588,-15.313911],[-147.322335,-15.314776],[-147.321496,-15.316461],[-147.318576,-15.319684],[-147.318145,-15.322406],[-147.316573,-15.32236],[-147.316181,-15.317743]]],[[[-147.308309,-15.310484],[-147.311952,-15.31177],[-147.305709,-15.319777],[-147.304112,-15.316726],[-147.30502,-15.314281],[-147.304452,-15.313168],[-147.306309,-15.311098],[-147.308309,-15.310484]]],[[[-147.379979,-15.313137],[-147.380796,-15.314347],[-147.378807,-15.315732],[-147.377458,-15.314594],[-147.379979,-15.313137]]],[[[-147.396396,-15.308491],[-147.397625,-15.307793],[-147.398597,-15.311382],[-147.395311,-15.3106],[-147.396396,-15.308491]]],[[[-147.299128,-15.304559],[-147.297316,-15.30488],[-147.296652,-15.302442],[-147.29897,-15.301549],[-147.301552,-15.303751],[-147.299128,-15.304559]]],[[[-147.242966,-15.279854],[-147.24456,-15.278646],[-147.245491,-15.281293],[-147.243041,-15.282927],[-147.242966,-15.279854]]],[[[-147.23093,-15.283473],[-147.229805,-15.281843],[-147.231021,-15.277588],[-147.232726,-15.283333],[-147.23093,-15.283473]]],[[[-147.225261,-15.272786],[-147.225012,-15.271464],[-147.228206,-15.271051],[-147.228508,-15.274328],[-147.227756,-15.277258],[-147.227218,-15.282968],[-147.225041,-15.282549],[-147.226042,-15.275986],[-147.225261,-15.272786]]],[[[-147.241841,-15.224862],[-147.244175,-15.223858],[-147.247419,-15.225404],[-147.250141,-15.227795],[-147.253699,-15.231787],[-147.257437,-15.233835],[-147.261577,-15.235332],[-147.265723,-15.235806],[-147.270315,-15.237368],[-147.270296,-15.239905],[-147.268925,-15.241776],[-147.266571,-15.242061],[-147.264115,-15.240898],[-147.259832,-15.240559],[-147.254948,-15.239575],[-147.251874,-15.238107],[-147.249235,-15.236078],[-147.246034,-15.234736],[-147.245516,-15.236208],[-147.242334,-15.237932],[-147.240713,-15.241964],[-147.238958,-15.242998],[-147.239885,-15.24456],[-147.237809,-15.24521],[-147.238456,-15.247238],[-147.237022,-15.247859],[-147.237285,-15.250625],[-147.23487,-15.251844],[-147.23502,-15.255534],[-147.233151,-15.256074],[-147.233121,-15.258161],[-147.231414,-15.258805],[-147.229888,-15.261437],[-147.23157,-15.262756],[-147.229518,-15.265615],[-147.226482,-15.266284],[-147.225555,-15.27008],[-147.223338,-15.272963],[-147.224925,-15.27372],[-147.223699,-15.277562],[-147.21992,-15.281313],[-147.216415,-15.282296],[-147.213772,-15.282036],[-147.211582,-15.280756],[-147.210828,-15.278967],[-147.211082,-15.276357],[-147.212893,-15.273563],[-147.219407,-15.268542],[-147.223674,-15.264366],[-147.226139,-15.26025],[-147.227223,-15.259225],[-147.229521,-15.254328],[-147.230861,-15.252676],[-147.237467,-15.239348],[-147.239684,-15.233535],[-147.240861,-15.231615],[-147.240995,-15.226784],[-147.241841,-15.224862]]],[[[-147.32607,-15.228648],[-147.328256,-15.226356],[-147.331297,-15.228515],[-147.329575,-15.231569],[-147.328099,-15.232635],[-147.326177,-15.236596],[-147.324473,-15.238123],[-147.323128,-15.240871],[-147.321163,-15.239704],[-147.323034,-15.238432],[-147.321929,-15.235705],[-147.32013,-15.237295],[-147.318031,-15.23676],[-147.317435,-15.239073],[-147.311533,-15.240274],[-147.30842,-15.242335],[-147.303726,-15.242895],[-147.302913,-15.241729],[-147.300554,-15.243425],[-147.298361,-15.242803],[-147.296781,-15.243484],[-147.293665,-15.242981],[-147.289169,-15.243411],[-147.286137,-15.242845],[-147.283738,-15.244822],[-147.282351,-15.243665],[-147.278197,-15.242593],[-147.277792,-15.239104],[-147.279601,-15.23823],[-147.288838,-15.23818],[-147.290543,-15.238504],[-147.29692,-15.237839],[-147.300217,-15.236905],[-147.30351,-15.236799],[-147.309772,-15.235231],[-147.314179,-15.234443],[-147.322225,-15.231906],[-147.32607,-15.228648]]],[[[-144.33083,-27.64684],[-144.333473,-27.647972],[-144.333177,-27.650741],[-144.331703,-27.650685],[-144.33026,-27.648592],[-144.33083,-27.64684]]],[[[-144.373231,-27.579168],[-144.375366,-27.578904],[-144.378696,-27.580465],[-144.380064,-27.582027],[-144.376514,-27.582665],[-144.376513,-27.58821],[-144.379588,-27.591791],[-144.378845,-27.592448],[-144.378974,-27.595873],[-144.380307,-27.60077],[-144.378222,-27.60224],[-144.374543,-27.603175],[-144.375481,-27.606137],[-144.377341,-27.605678],[-144.381189,-27.607756],[-144.380838,-27.611454],[-144.379058,-27.614818],[-144.377087,-27.616762],[-144.376817,-27.618762],[-144.372337,-27.617328],[-144.371528,-27.616073],[-144.369057,-27.615411],[-144.366094,-27.616457],[-144.362489,-27.61869],[-144.363814,-27.621614],[-144.369421,-27.624389],[-144.369731,-27.626835],[-144.36737,-27.627145],[-144.366802,-27.628965],[-144.367193,-27.632411],[-144.362939,-27.631052],[-144.362112,-27.631698],[-144.362965,-27.634685],[-144.359082,-27.635789],[-144.355152,-27.633831],[-144.353096,-27.633529],[-144.3473,-27.636355],[-144.344475,-27.633941],[-144.341756,-27.634064],[-144.338497,-27.635916],[-144.3388,-27.637335],[-144.343253,-27.641695],[-144.339737,-27.641069],[-144.337957,-27.641722],[-144.335735,-27.639931],[-144.328943,-27.641082],[-144.328706,-27.644559],[-144.330138,-27.645976],[-144.326135,-27.648975],[-144.322722,-27.647204],[-144.320623,-27.644331],[-144.318299,-27.644111],[-144.317393,-27.641543],[-144.319131,-27.637788],[-144.317769,-27.636299],[-144.314915,-27.636421],[-144.31166,-27.638059],[-144.309386,-27.636773],[-144.309399,-27.632711],[-144.311491,-27.629704],[-144.313552,-27.629881],[-144.31554,-27.628631],[-144.319911,-27.628611],[-144.321256,-27.627749],[-144.321665,-27.625422],[-144.318428,-27.623301],[-144.312624,-27.623338],[-144.310735,-27.622498],[-144.309717,-27.620834],[-144.312868,-27.620636],[-144.315282,-27.619034],[-144.313058,-27.615914],[-144.315068,-27.613122],[-144.321272,-27.614351],[-144.32608,-27.618134],[-144.331678,-27.619136],[-144.338617,-27.616944],[-144.342235,-27.616463],[-144.344012,-27.614051],[-144.347013,-27.611968],[-144.34978,-27.607714],[-144.350954,-27.606816],[-144.351155,-27.603716],[-144.349099,-27.603125],[-144.348094,-27.60099],[-144.345856,-27.599785],[-144.342349,-27.59972],[-144.340025,-27.602103],[-144.340451,-27.606244],[-144.337521,-27.607966],[-144.336482,-27.610573],[-144.333849,-27.610688],[-144.329166,-27.608378],[-144.32735,-27.608146],[-144.323196,-27.605926],[-144.319134,-27.60435],[-144.316226,-27.604129],[-144.315748,-27.603092],[-144.31796,-27.601597],[-144.317889,-27.600049],[-144.315024,-27.598731],[-144.311742,-27.598721],[-144.310492,-27.597707],[-144.310989,-27.595469],[-144.310205,-27.592424],[-144.311935,-27.590072],[-144.30851,-27.587077],[-144.313055,-27.584785],[-144.313177,-27.582297],[-144.31637,-27.580236],[-144.314973,-27.578436],[-144.315309,-27.576401],[-144.317945,-27.575656],[-144.318653,-27.579648],[-144.320716,-27.581109],[-144.322847,-27.581355],[-144.323966,-27.583461],[-144.327769,-27.580148],[-144.329029,-27.578109],[-144.327673,-27.576023],[-144.327796,-27.573311],[-144.329268,-27.571635],[-144.331771,-27.572233],[-144.332165,-27.574838],[-144.334104,-27.573919],[-144.333783,-27.569231],[-144.337652,-27.568632],[-144.338936,-27.567414],[-144.341618,-27.566572],[-144.341572,-27.568316],[-144.34298,-27.571213],[-144.341617,-27.57687],[-144.344173,-27.578044],[-144.345912,-27.575538],[-144.346923,-27.571146],[-144.347935,-27.571059],[-144.349502,-27.576501],[-144.352157,-27.578378],[-144.357292,-27.575967],[-144.356305,-27.573067],[-144.356823,-27.571589],[-144.362874,-27.568956],[-144.36364,-27.570961],[-144.361931,-27.572304],[-144.359433,-27.577502],[-144.362477,-27.578371],[-144.36508,-27.576054],[-144.367871,-27.577579],[-144.373231,-27.579168]]],[[[-144.311683,-27.643208],[-144.313636,-27.644291],[-144.310952,-27.646912],[-144.306989,-27.646681],[-144.307547,-27.645177],[-144.309686,-27.643484],[-144.311683,-27.643208]]],[[[-144.301349,-27.620408],[-144.304002,-27.621551],[-144.301798,-27.623053],[-144.301349,-27.620408]]],[[[-137.065835,-18.262279],[-137.068664,-18.262115],[-137.071694,-18.263106],[-137.071954,-18.265247],[-137.067208,-18.271602],[-137.064376,-18.270472],[-137.06303,-18.271507],[-137.060237,-18.269202],[-137.056963,-18.26924],[-137.052696,-18.271542],[-137.044996,-18.276352],[-137.043303,-18.278005],[-137.036148,-18.282069],[-137.031994,-18.285458],[-137.030164,-18.286322],[-137.027154,-18.288885],[-137.021725,-18.294251],[-137.009308,-18.30464],[-137.008079,-18.3052],[-137.003939,-18.309808],[-137.001901,-18.31124],[-136.993389,-18.320698],[-136.99229,-18.322618],[-136.989991,-18.324574],[-136.984014,-18.331536],[-136.98064,-18.334938],[-136.974756,-18.341558],[-136.973078,-18.344113],[-136.970632,-18.345305],[-136.969754,-18.34736],[-136.971063,-18.350792],[-136.968471,-18.352295],[-136.967494,-18.354015],[-136.969062,-18.355956],[-136.971102,-18.356154],[-136.972953,-18.360515],[-136.970229,-18.361204],[-136.968181,-18.360216],[-136.963255,-18.359857],[-136.9624,-18.358027],[-136.962669,-18.355889],[-136.965055,-18.350089],[-136.968058,-18.34488],[-136.975704,-18.336551],[-136.982737,-18.328194],[-136.988839,-18.321982],[-136.995313,-18.314654],[-137.00079,-18.309242],[-137.002774,-18.306733],[-137.008475,-18.301687],[-137.012299,-18.298981],[-137.017092,-18.29414],[-137.018293,-18.293371],[-137.030908,-18.282429],[-137.036109,-18.278854],[-137.042152,-18.275504],[-137.043605,-18.274042],[-137.050881,-18.269228],[-137.059854,-18.263871],[-137.062233,-18.262913],[-137.065835,-18.262279]]],[[[-136.368393,-18.531496],[-136.370573,-18.531072],[-136.371634,-18.534757],[-136.368101,-18.533644],[-136.368393,-18.531496]]],[[[-136.373095,-18.526299],[-136.373739,-18.525478],[-136.3764,-18.526476],[-136.377225,-18.527671],[-136.374668,-18.529089],[-136.373095,-18.526299]]],[[[-136.450419,-18.461677],[-136.456268,-18.462208],[-136.462265,-18.464071],[-136.465319,-18.46615],[-136.466596,-18.468409],[-136.466106,-18.472723],[-136.462965,-18.47811],[-136.456129,-18.484924],[-136.452741,-18.485347],[-136.447979,-18.487405],[-136.446805,-18.486415],[-136.444061,-18.488491],[-136.442019,-18.485233],[-136.44249,-18.483906],[-136.446953,-18.483928],[-136.451857,-18.482357],[-136.45758,-18.477772],[-136.458806,-18.475519],[-136.459283,-18.469658],[-136.458618,-18.468323],[-136.454414,-18.464544],[-136.450656,-18.463905],[-136.443494,-18.465232],[-136.438827,-18.467153],[-136.437313,-18.468605],[-136.432631,-18.470786],[-136.430867,-18.472245],[-136.426945,-18.473833],[-136.425294,-18.476345],[-136.421453,-18.477106],[-136.419915,-18.4785],[-136.400338,-18.488202],[-136.394031,-18.4899],[-136.387675,-18.492232],[-136.385427,-18.493488],[-136.380721,-18.494858],[-136.377739,-18.496801],[-136.372258,-18.502596],[-136.371035,-18.504532],[-136.367184,-18.508681],[-136.36706,-18.509962],[-136.361542,-18.513548],[-136.357137,-18.517356],[-136.35588,-18.517642],[-136.352251,-18.520269],[-136.347013,-18.521842],[-136.345841,-18.52313],[-136.342478,-18.523958],[-136.340419,-18.525371],[-136.337688,-18.525874],[-136.331401,-18.528965],[-136.327191,-18.532074],[-136.324953,-18.53529],[-136.323103,-18.535877],[-136.318461,-18.539496],[-136.316935,-18.541308],[-136.314208,-18.542631],[-136.312609,-18.544709],[-136.308244,-18.547408],[-136.302057,-18.553259],[-136.298352,-18.557163],[-136.295647,-18.561099],[-136.295031,-18.56288],[-136.295657,-18.565375],[-136.300081,-18.570393],[-136.304559,-18.57355],[-136.30345,-18.574142],[-136.302977,-18.576956],[-136.29898,-18.576559],[-136.295392,-18.575398],[-136.29196,-18.573617],[-136.290154,-18.570406],[-136.290559,-18.565988],[-136.291743,-18.562638],[-136.294189,-18.558464],[-136.298204,-18.553713],[-136.302723,-18.549428],[-136.311819,-18.542335],[-136.324501,-18.531687],[-136.328929,-18.528279],[-136.335884,-18.524443],[-136.342322,-18.521524],[-136.347005,-18.519798],[-136.353899,-18.516456],[-136.357318,-18.514411],[-136.362577,-18.510467],[-136.367195,-18.505772],[-136.374908,-18.496636],[-136.380818,-18.492736],[-136.388976,-18.489474],[-136.396064,-18.486896],[-136.404587,-18.483289],[-136.418328,-18.476234],[-136.425462,-18.47274],[-136.438324,-18.465151],[-136.442714,-18.463247],[-136.448115,-18.461855],[-136.450419,-18.461677]]],[[[-136.304978,-18.573432],[-136.307783,-18.573292],[-136.309736,-18.576674],[-136.305434,-18.576284],[-136.304978,-18.573432]]],[[[-152.818094,-22.657985],[-152.810599,-22.661858],[-152.808416,-22.664255],[-152.807229,-22.662402],[-152.804628,-22.661625],[-152.800066,-22.663278],[-152.794074,-22.658405],[-152.791831,-22.654956],[-152.790297,-22.65112],[-152.790205,-22.644591],[-152.791182,-22.640008],[-152.792196,-22.638394],[-152.797078,-22.636089],[-152.803487,-22.635239],[-152.808048,-22.635315],[-152.814996,-22.636949],[-152.817881,-22.639436],[-152.822011,-22.645666],[-152.82307,-22.650358],[-152.822007,-22.655284],[-152.818094,-22.657985]]],[[[-154.707593,-21.809941],[-154.710474,-21.809855],[-154.71255,-21.813053],[-154.711852,-21.814991],[-154.707306,-21.81059],[-154.707593,-21.809941]]],[[[-151.341138,-22.523866],[-151.340015,-22.523873],[-151.33679,-22.521676],[-151.333146,-22.515414],[-151.330728,-22.512391],[-151.328287,-22.508253],[-151.326924,-22.504755],[-151.32455,-22.501183],[-151.322621,-22.496712],[-151.323952,-22.493014],[-151.323835,-22.487438],[-151.322558,-22.481083],[-151.321122,-22.479428],[-151.321053,-22.477792],[-151.322595,-22.476288],[-151.32183,-22.472326],[-151.321875,-22.461069],[-151.322315,-22.457956],[-151.323418,-22.455152],[-151.329321,-22.453989],[-151.33517,-22.454213],[-151.340671,-22.451364],[-151.343557,-22.447756],[-151.344242,-22.445465],[-151.347148,-22.440304],[-151.349214,-22.437791],[-151.353002,-22.435247],[-151.365576,-22.430643],[-151.36973,-22.431787],[-151.372072,-22.434305],[-151.375812,-22.43998],[-151.377101,-22.443718],[-151.377336,-22.447909],[-151.377134,-22.453485],[-151.373109,-22.460847],[-151.372545,-22.465305],[-151.370272,-22.466927],[-151.36835,-22.469465],[-151.357445,-22.474616],[-151.355837,-22.474289],[-151.353507,-22.476446],[-151.351627,-22.481353],[-151.351808,-22.48669],[-151.353712,-22.490822],[-151.355106,-22.491754],[-151.35591,-22.496328],[-151.357056,-22.499051],[-151.35257,-22.507503],[-151.35145,-22.510092],[-151.348541,-22.518938],[-151.348644,-22.520919],[-151.346829,-22.523961],[-151.344021,-22.524828],[-151.341138,-22.523866]]],[[[-154.696466,-21.822003],[-154.69632,-21.81956],[-154.699184,-21.816739],[-154.701393,-21.817752],[-154.700905,-21.820267],[-154.702483,-21.822026],[-154.700203,-21.82378],[-154.6979,-21.823725],[-154.696466,-21.822003]]],[[[-154.698942,-21.796395],[-154.700772,-21.796213],[-154.701066,-21.802401],[-154.69974,-21.804265],[-154.697146,-21.804784],[-154.695114,-21.80627],[-154.694758,-21.809013],[-154.692758,-21.809059],[-154.691746,-21.80432],[-154.692528,-21.802496],[-154.69584,-21.798525],[-154.698942,-21.796395]]],[[[-151.517831,-16.661913],[-151.516054,-16.658147],[-151.514116,-16.6585],[-151.51216,-16.66246],[-151.51275,-16.664658],[-151.511622,-16.669106],[-151.508864,-16.671622],[-151.504292,-16.671113],[-151.500872,-16.676014],[-151.49773,-16.676771],[-151.496635,-16.66962],[-151.495249,-16.666274],[-151.497884,-16.658095],[-151.496533,-16.655141],[-151.495432,-16.657547],[-151.492965,-16.659346],[-151.491503,-16.658222],[-151.490593,-16.654621],[-151.488317,-16.655012],[-151.487815,-16.656503],[-151.488364,-16.660632],[-151.487932,-16.664386],[-151.486789,-16.666882],[-151.48365,-16.665956],[-151.482706,-16.667499],[-151.483476,-16.669953],[-151.482537,-16.675073],[-151.483354,-16.681316],[-151.484747,-16.684147],[-151.482534,-16.684353],[-151.47985,-16.683264],[-151.478773,-16.68157],[-151.476773,-16.680408],[-151.474602,-16.681746],[-151.469283,-16.682061],[-151.467323,-16.680565],[-151.465234,-16.68271],[-151.462472,-16.68],[-151.458958,-16.677767],[-151.456173,-16.676768],[-151.455952,-16.674511],[-151.459237,-16.669382],[-151.456902,-16.667884],[-151.453357,-16.670808],[-151.451203,-16.671681],[-151.449598,-16.669831],[-151.449932,-16.668179],[-151.446566,-16.661438],[-151.455301,-16.660496],[-151.456636,-16.65987],[-151.457016,-16.657151],[-151.453734,-16.655046],[-151.455728,-16.650908],[-151.457186,-16.64909],[-151.461152,-16.648401],[-151.46373,-16.647419],[-151.468257,-16.646799],[-151.469888,-16.645721],[-151.47449,-16.645238],[-151.475903,-16.644599],[-151.479371,-16.64482],[-151.48127,-16.643972],[-151.485359,-16.643429],[-151.487586,-16.639346],[-151.49121,-16.63756],[-151.490338,-16.635562],[-151.486104,-16.633515],[-151.485584,-16.635472],[-151.482594,-16.63669],[-151.482071,-16.637706],[-151.478067,-16.639648],[-151.475101,-16.637825],[-151.471116,-16.63648],[-151.465891,-16.635958],[-151.463162,-16.636504],[-151.461114,-16.642041],[-151.459517,-16.643487],[-151.454059,-16.644626],[-151.450686,-16.647182],[-151.448601,-16.647045],[-151.447042,-16.644766],[-151.446557,-16.642411],[-151.445183,-16.641885],[-151.444659,-16.639373],[-151.442321,-16.637089],[-151.442077,-16.635617],[-151.444371,-16.63399],[-151.44927,-16.63276],[-151.454987,-16.633178],[-151.459,-16.631952],[-151.459926,-16.628483],[-151.458654,-16.6257],[-151.456193,-16.625419],[-151.45178,-16.62797],[-151.448328,-16.627795],[-151.444596,-16.629202],[-151.440602,-16.629653],[-151.436838,-16.630651],[-151.434816,-16.627696],[-151.436003,-16.62658],[-151.434876,-16.622546],[-151.435225,-16.620699],[-151.433917,-16.616375],[-151.434675,-16.614492],[-151.436269,-16.613251],[-151.440313,-16.61462],[-151.442179,-16.613893],[-151.445507,-16.611308],[-151.446214,-16.607735],[-151.445484,-16.606376],[-151.442798,-16.605116],[-151.445976,-16.601443],[-151.447446,-16.600784],[-151.449965,-16.601173],[-151.453877,-16.599697],[-151.455208,-16.597116],[-151.457955,-16.598104],[-151.459184,-16.596793],[-151.463008,-16.594621],[-151.463211,-16.590574],[-151.463995,-16.589127],[-151.469147,-16.586147],[-151.47158,-16.588533],[-151.475689,-16.586333],[-151.476765,-16.584069],[-151.476936,-16.581858],[-151.479758,-16.582215],[-151.483487,-16.584888],[-151.484654,-16.581364],[-151.486667,-16.580756],[-151.489442,-16.581761],[-151.490148,-16.583052],[-151.494074,-16.583073],[-151.495886,-16.581712],[-151.498997,-16.583937],[-151.49995,-16.581048],[-151.502328,-16.580472],[-151.50515,-16.580796],[-151.509405,-16.577401],[-151.513094,-16.577634],[-151.514145,-16.577066],[-151.517013,-16.578583],[-151.518529,-16.581055],[-151.522716,-16.581912],[-151.524537,-16.585919],[-151.524951,-16.588622],[-151.527016,-16.589611],[-151.530203,-16.587607],[-151.53309,-16.58919],[-151.536963,-16.593304],[-151.537478,-16.594937],[-151.541714,-16.599889],[-151.540653,-16.603744],[-151.542331,-16.604553],[-151.545514,-16.604161],[-151.547251,-16.607751],[-151.547947,-16.610751],[-151.547191,-16.612127],[-151.5424,-16.61371],[-151.541251,-16.616137],[-151.54128,-16.618349],[-151.549379,-16.619179],[-151.549962,-16.620808],[-151.548465,-16.627842],[-151.548668,-16.630289],[-151.545951,-16.634802],[-151.547208,-16.637989],[-151.545188,-16.641641],[-151.540622,-16.644149],[-151.537036,-16.644227],[-151.535526,-16.646439],[-151.532992,-16.647463],[-151.528951,-16.644641],[-151.525047,-16.644646],[-151.523487,-16.645422],[-151.52263,-16.642698],[-151.520424,-16.643445],[-151.517218,-16.642133],[-151.516242,-16.640447],[-151.511604,-16.639811],[-151.51329,-16.642869],[-151.51522,-16.644638],[-151.519861,-16.646898],[-151.522123,-16.649585],[-151.528611,-16.652304],[-151.528019,-16.654869],[-151.524033,-16.657026],[-151.521743,-16.660463],[-151.517831,-16.661913]]],[[[-151.566325,-16.604534],[-151.567597,-16.602816],[-151.569019,-16.604094],[-151.566619,-16.607131],[-151.566129,-16.610414],[-151.563043,-16.608994],[-151.563059,-16.606422],[-151.566325,-16.604534]]],[[[-151.565815,-16.601385],[-151.567167,-16.602776],[-151.5648,-16.604305],[-151.564303,-16.602757],[-151.565815,-16.601385]]],[[[-151.529208,-16.555589],[-151.534051,-16.556043],[-151.534615,-16.560276],[-151.533232,-16.562197],[-151.527211,-16.562735],[-151.523734,-16.560503],[-151.518698,-16.559608],[-151.519539,-16.557674],[-151.522531,-16.556001],[-151.529208,-16.555589]]],[[[-151.505758,-16.555113],[-151.506126,-16.558061],[-151.505023,-16.560421],[-151.502506,-16.559299],[-151.500416,-16.559744],[-151.499387,-16.557959],[-151.500546,-16.555661],[-151.505758,-16.555113]]],[[[-151.487601,-16.674865],[-151.486865,-16.674079],[-151.487022,-16.670756],[-151.489059,-16.671526],[-151.489146,-16.673985],[-151.487601,-16.674865]]],[[[-151.425861,-16.652189],[-151.428621,-16.649729],[-151.428952,-16.652012],[-151.425861,-16.652189]]],[[[-151.438509,-16.577913],[-151.440738,-16.579671],[-151.436434,-16.580787],[-151.438509,-16.577913]]],[[[-151.450008,-16.561758],[-151.447432,-16.564942],[-151.449233,-16.566706],[-151.448871,-16.568049],[-151.446109,-16.571305],[-151.445252,-16.573318],[-151.442857,-16.575611],[-151.442576,-16.572874],[-151.446654,-16.565756],[-151.450008,-16.561758]]],[[[-151.453756,-16.558744],[-151.452613,-16.559892],[-151.454931,-16.562528],[-151.453553,-16.563484],[-151.45196,-16.560007],[-151.453756,-16.558744]]],[[[-139.099258,-9.895857],[-139.100321,-9.89673],[-139.099042,-9.899959],[-139.101499,-9.900056],[-139.103032,-9.901217],[-139.102538,-9.903299],[-139.105671,-9.905046],[-139.103231,-9.905975],[-139.102059,-9.907547],[-139.104071,-9.909987],[-139.107209,-9.909978],[-139.107503,-9.911222],[-139.105946,-9.913148],[-139.109082,-9.916296],[-139.11143,-9.914925],[-139.114135,-9.917811],[-139.112834,-9.919759],[-139.114133,-9.921579],[-139.113183,-9.922732],[-139.114465,-9.925854],[-139.117401,-9.92798],[-139.118054,-9.931457],[-139.115498,-9.93261],[-139.112028,-9.93313],[-139.109856,-9.934729],[-139.109691,-9.938397],[-139.111499,-9.939113],[-139.112706,-9.940899],[-139.114125,-9.941077],[-139.116867,-9.939955],[-139.118078,-9.942079],[-139.119672,-9.943198],[-139.118499,-9.94466],[-139.119994,-9.946253],[-139.119864,-9.948574],[-139.118139,-9.949511],[-139.117096,-9.952701],[-139.122109,-9.956159],[-139.121061,-9.959703],[-139.118812,-9.959383],[-139.117398,-9.961635],[-139.117804,-9.963631],[-139.12007,-9.965223],[-139.120069,-9.967501],[-139.123157,-9.969683],[-139.125659,-9.970217],[-139.12871,-9.96816],[-139.13118,-9.970122],[-139.130082,-9.971027],[-139.131732,-9.974484],[-139.132364,-9.978262],[-139.127618,-9.979632],[-139.128452,-9.982862],[-139.130311,-9.982743],[-139.130934,-9.986203],[-139.130467,-9.992042],[-139.129583,-9.993076],[-139.130049,-9.99691],[-139.129373,-9.998117],[-139.130924,-10.000089],[-139.127923,-10.001623],[-139.125741,-10.000468],[-139.124767,-10.00192],[-139.125753,-10.005178],[-139.125021,-10.008546],[-139.123089,-10.008999],[-139.124842,-10.011248],[-139.121933,-10.012273],[-139.121397,-10.014631],[-139.121647,-10.017832],[-139.120173,-10.019997],[-139.117697,-10.019445],[-139.118161,-10.023753],[-139.114445,-10.024995],[-139.114437,-10.02339],[-139.116411,-10.02134],[-139.114607,-10.01728],[-139.110268,-10.018543],[-139.109713,-10.016384],[-139.110145,-10.013028],[-139.1114,-10.008831],[-139.110221,-10.008111],[-139.108973,-10.004568],[-139.106452,-10.004298],[-139.107816,-10.001553],[-139.10795,-9.996932],[-139.106613,-9.995628],[-139.106996,-9.993281],[-139.105685,-9.991461],[-139.106976,-9.986965],[-139.104605,-9.983452],[-139.102147,-9.982499],[-139.100051,-9.983031],[-139.099593,-9.98523],[-139.097763,-9.984962],[-139.096589,-9.987419],[-139.094149,-9.983931],[-139.095745,-9.98194],[-139.093682,-9.975559],[-139.094089,-9.97402],[-139.092015,-9.971687],[-139.091801,-9.970361],[-139.08823,-9.970917],[-139.088,-9.969723],[-139.08344,-9.969501],[-139.081762,-9.967118],[-139.079567,-9.967655],[-139.079198,-9.966143],[-139.076747,-9.964476],[-139.073286,-9.964756],[-139.072243,-9.9641],[-139.077115,-9.961731],[-139.07879,-9.959272],[-139.078104,-9.956802],[-139.075853,-9.955928],[-139.073293,-9.956511],[-139.071403,-9.954584],[-139.070887,-9.951625],[-139.066526,-9.952571],[-139.062389,-9.950804],[-139.0614,-9.951754],[-139.057573,-9.952754],[-139.058436,-9.950742],[-139.054628,-9.948769],[-139.052122,-9.952516],[-139.047391,-9.955047],[-139.043954,-9.960121],[-139.042349,-9.959668],[-139.04351,-9.957286],[-139.043405,-9.955119],[-139.044537,-9.951748],[-139.042621,-9.949859],[-139.039448,-9.947769],[-139.035562,-9.941038],[-139.03766,-9.940628],[-139.038941,-9.93882],[-139.042114,-9.936455],[-139.04199,-9.934832],[-139.038851,-9.933933],[-139.03501,-9.934195],[-139.034078,-9.932968],[-139.03548,-9.929121],[-139.037569,-9.929528],[-139.038471,-9.927392],[-139.038137,-9.92562],[-139.039524,-9.92455],[-139.040012,-9.921901],[-139.04271,-9.918591],[-139.045935,-9.917503],[-139.048041,-9.917863],[-139.049044,-9.916394],[-139.046911,-9.915024],[-139.046998,-9.913615],[-139.053226,-9.913989],[-139.056135,-9.911497],[-139.052506,-9.9067],[-139.053548,-9.905705],[-139.056451,-9.90484],[-139.058055,-9.902507],[-139.061064,-9.904599],[-139.062875,-9.904456],[-139.06405,-9.90574],[-139.06643,-9.90511],[-139.066412,-9.90215],[-139.068826,-9.900516],[-139.068911,-9.898444],[-139.067179,-9.897793],[-139.067367,-9.895467],[-139.065783,-9.892535],[-139.067155,-9.890295],[-139.069988,-9.888358],[-139.071548,-9.888949],[-139.072686,-9.891535],[-139.074242,-9.89064],[-139.075177,-9.894841],[-139.077428,-9.893739],[-139.077549,-9.891532],[-139.080591,-9.892173],[-139.080459,-9.893583],[-139.082228,-9.89555],[-139.083575,-9.895682],[-139.085756,-9.892825],[-139.088377,-9.892148],[-139.090442,-9.893279],[-139.09039,-9.894643],[-139.094716,-9.895546],[-139.095178,-9.894346],[-139.097424,-9.893695],[-139.09781,-9.895832],[-139.099258,-9.895857]]],[[[-148.067298,-17.867788],[-148.070606,-17.868945],[-148.072272,-17.870996],[-148.075103,-17.871908],[-148.075505,-17.872843],[-148.074059,-17.875164],[-148.072969,-17.878367],[-148.0721,-17.882725],[-148.06945,-17.881448],[-148.06308,-17.883166],[-148.062556,-17.88113],[-148.061033,-17.878982],[-148.061392,-17.877226],[-148.059771,-17.875654],[-148.060594,-17.870852],[-148.067298,-17.867788]]],[[[-145.196562,-14.655313],[-145.199092,-14.655172],[-145.200884,-14.656155],[-145.20113,-14.658741],[-145.203731,-14.660465],[-145.206027,-14.660136],[-145.209261,-14.663534],[-145.207131,-14.663831],[-145.20119,-14.660631],[-145.196562,-14.655313]]],[[[-145.216008,-14.598902],[-145.218331,-14.597021],[-145.220062,-14.598369],[-145.226796,-14.600502],[-145.228612,-14.601855],[-145.233193,-14.608036],[-145.237502,-14.615644],[-145.238818,-14.621919],[-145.238288,-14.626735],[-145.238427,-14.63314],[-145.238866,-14.63715],[-145.240025,-14.642339],[-145.241923,-14.647845],[-145.243136,-14.653685],[-145.2467,-14.663621],[-145.248435,-14.669439],[-145.252154,-14.675485],[-145.25366,-14.678679],[-145.257162,-14.681417],[-145.258507,-14.683494],[-145.260299,-14.689879],[-145.26243,-14.695879],[-145.26142,-14.699673],[-145.254663,-14.704734],[-145.252532,-14.706748],[-145.250203,-14.710819],[-145.24703,-14.713275],[-145.245417,-14.712968],[-145.240503,-14.70827],[-145.2379,-14.707196],[-145.232611,-14.70347],[-145.231415,-14.700786],[-145.224842,-14.694582],[-145.223593,-14.693891],[-145.219531,-14.686791],[-145.21713,-14.682115],[-145.209992,-14.676612],[-145.209142,-14.666359],[-145.209309,-14.663963],[-145.210634,-14.663382],[-145.21245,-14.670446],[-145.213804,-14.674101],[-145.215838,-14.677229],[-145.219383,-14.680771],[-145.222411,-14.685099],[-145.224846,-14.690413],[-145.228976,-14.694797],[-145.232816,-14.696254],[-145.233063,-14.69936],[-145.235169,-14.701742],[-145.239287,-14.705095],[-145.242919,-14.70668],[-145.246202,-14.705366],[-145.250291,-14.704366],[-145.253292,-14.702303],[-145.256744,-14.697794],[-145.257285,-14.692426],[-145.256497,-14.688935],[-145.254479,-14.684526],[-145.252282,-14.681741],[-145.250113,-14.680883],[-145.249337,-14.677511],[-145.247465,-14.675544],[-145.247286,-14.674166],[-145.244713,-14.670078],[-145.244399,-14.66728],[-145.240388,-14.658078],[-145.238991,-14.649932],[-145.235796,-14.638819],[-145.235015,-14.629245],[-145.235184,-14.622017],[-145.234724,-14.618688],[-145.232603,-14.614265],[-145.2313,-14.612715],[-145.229968,-14.609341],[-145.224015,-14.603096],[-145.216008,-14.598902]]],[[[-145.185875,-14.645506],[-145.18397,-14.643772],[-145.181876,-14.640626],[-145.182492,-14.63917],[-145.186282,-14.641747],[-145.187679,-14.643917],[-145.190908,-14.64721],[-145.193495,-14.650675],[-145.192066,-14.651563],[-145.187922,-14.648257],[-145.185875,-14.645506]]],[[[-145.178857,-14.634247],[-145.180575,-14.633669],[-145.181845,-14.637192],[-145.180564,-14.638099],[-145.179047,-14.636614],[-145.178857,-14.634247]]],[[[-145.170178,-14.618225],[-145.172035,-14.619976],[-145.176492,-14.625851],[-145.176085,-14.626779],[-145.178849,-14.630988],[-145.176953,-14.631712],[-145.174825,-14.630059],[-145.171137,-14.621613],[-145.170178,-14.618225]]],[[[-145.214251,-14.597151],[-145.215589,-14.595584],[-145.217076,-14.59717],[-145.215495,-14.598162],[-145.214251,-14.597151]]],[[[-145.213161,-14.596474],[-145.211883,-14.594908],[-145.213011,-14.593461],[-145.214504,-14.595032],[-145.213161,-14.596474]]],[[[-145.160261,-14.550641],[-145.164729,-14.55125],[-145.167642,-14.553001],[-145.177068,-14.557733],[-145.185246,-14.560472],[-145.189209,-14.561356],[-145.191824,-14.563332],[-145.193723,-14.566265],[-145.19401,-14.56795],[-145.191834,-14.568977],[-145.190858,-14.56741],[-145.186286,-14.563872],[-145.18308,-14.562612],[-145.181995,-14.562861],[-145.17556,-14.56033],[-145.168653,-14.557197],[-145.166051,-14.55572],[-145.162094,-14.554432],[-145.157505,-14.554833],[-145.155005,-14.555869],[-145.149324,-14.560434],[-145.146673,-14.563902],[-145.144529,-14.56935],[-145.144495,-14.575361],[-145.143941,-14.576784],[-145.145087,-14.58398],[-145.146554,-14.585711],[-145.147243,-14.589051],[-145.149538,-14.591243],[-145.153071,-14.596629],[-145.151208,-14.597801],[-145.14882,-14.595281],[-145.149302,-14.593669],[-145.146691,-14.591087],[-145.143835,-14.585109],[-145.142719,-14.579926],[-145.141025,-14.578561],[-145.14072,-14.573983],[-145.141134,-14.57078],[-145.142291,-14.566673],[-145.144161,-14.562014],[-145.14813,-14.55658],[-145.15079,-14.554348],[-145.155587,-14.551768],[-145.160261,-14.550641]]],[[[-145.198147,-14.576174],[-145.197146,-14.573979],[-145.194497,-14.571447],[-145.196949,-14.570115],[-145.200235,-14.573506],[-145.200105,-14.575448],[-145.198147,-14.576174]]],[[[-145.160504,-14.604478],[-145.162734,-14.606601],[-145.160832,-14.607549],[-145.159776,-14.605401],[-145.160504,-14.604478]]],[[[-145.05422,-14.510569],[-145.055139,-14.509265],[-145.05761,-14.510785],[-145.055868,-14.512245],[-145.05422,-14.510569]]],[[[-145.045093,-14.508259],[-145.04988,-14.507906],[-145.051939,-14.509018],[-145.049852,-14.51052],[-145.045185,-14.509351],[-145.045093,-14.508259]]],[[[-145.054798,-14.50293],[-145.055862,-14.500202],[-145.063559,-14.503582],[-145.066787,-14.504538],[-145.069915,-14.507548],[-145.071064,-14.512197],[-145.069872,-14.51372],[-145.063813,-14.515504],[-145.061721,-14.515545],[-145.058866,-14.514222],[-145.058746,-14.512717],[-145.061978,-14.513171],[-145.064033,-14.511743],[-145.066328,-14.511146],[-145.065975,-14.508368],[-145.062307,-14.505532],[-145.060843,-14.505588],[-145.056498,-14.50313],[-145.054798,-14.50293]]],[[[-145.036075,-14.507603],[-145.041355,-14.507297],[-145.042035,-14.508834],[-145.036655,-14.508726],[-145.036075,-14.507603]]],[[[-145.045225,-14.491801],[-145.043716,-14.490109],[-145.044862,-14.488994],[-145.046442,-14.489786],[-145.045225,-14.491801]]],[[[-145.037061,-14.474137],[-145.037849,-14.471226],[-145.04106,-14.470645],[-145.040398,-14.473027],[-145.037792,-14.474923],[-145.037061,-14.474137]]],[[[-145.014281,-14.504312],[-145.015529,-14.503418],[-145.018115,-14.504213],[-145.019801,-14.50551],[-145.023067,-14.506151],[-145.027485,-14.507799],[-145.029684,-14.507012],[-145.029392,-14.510011],[-145.026522,-14.510127],[-145.019655,-14.508026],[-145.015258,-14.506311],[-145.014281,-14.504312]]],[[[-145.006251,-14.500351],[-145.002262,-14.498604],[-145.003292,-14.495958],[-145.011027,-14.501101],[-145.009171,-14.5019],[-145.006251,-14.500351]]],[[[-144.992966,-14.493799],[-144.995427,-14.493868],[-144.996359,-14.495382],[-144.998319,-14.495184],[-145.001605,-14.497114],[-144.999621,-14.498186],[-144.99498,-14.496823],[-144.992966,-14.493799]]],[[[-144.987563,-14.492976],[-144.989423,-14.492294],[-144.991034,-14.492881],[-144.990587,-14.494613],[-144.987563,-14.492976]]],[[[-144.979117,-14.487006],[-144.98191,-14.486763],[-144.984001,-14.48816],[-144.981852,-14.489886],[-144.979128,-14.487984],[-144.979117,-14.487006]]],[[[-144.976194,-14.485812],[-144.977375,-14.484045],[-144.97906,-14.485377],[-144.977778,-14.48722],[-144.976194,-14.485812]]],[[[-144.963613,-14.480191],[-144.965087,-14.479293],[-144.967694,-14.48039],[-144.972009,-14.481315],[-144.970344,-14.48331],[-144.966393,-14.481966],[-144.963613,-14.480191]]],[[[-144.958533,-14.47796],[-144.959608,-14.476392],[-144.96273,-14.477669],[-144.961486,-14.479485],[-144.958533,-14.47796]]],[[[-144.982266,-14.430863],[-144.983858,-14.429206],[-144.987577,-14.433324],[-144.992064,-14.436171],[-144.996171,-14.439859],[-144.997698,-14.44042],[-145.00069,-14.443641],[-145.005806,-14.446862],[-145.008782,-14.44824],[-145.011308,-14.450612],[-145.015553,-14.453382],[-145.019774,-14.454433],[-145.027193,-14.45451],[-145.030306,-14.455661],[-145.032467,-14.457434],[-145.036028,-14.461748],[-145.040469,-14.468229],[-145.038972,-14.469498],[-145.036279,-14.469225],[-145.03633,-14.467249],[-145.034754,-14.46596],[-145.033632,-14.462128],[-145.026774,-14.458356],[-145.02408,-14.457376],[-145.017354,-14.456928],[-145.01269,-14.453973],[-145.010265,-14.454135],[-145.009427,-14.452666],[-145.001995,-14.44744],[-144.998665,-14.446102],[-144.996273,-14.443123],[-144.993495,-14.441984],[-144.991903,-14.439781],[-144.985077,-14.435071],[-144.982266,-14.430863]]],[[[-144.972293,-14.420389],[-144.972664,-14.418767],[-144.974346,-14.418214],[-144.977576,-14.41997],[-144.978842,-14.421428],[-144.979938,-14.4247],[-144.977275,-14.424951],[-144.974591,-14.422007],[-144.972293,-14.420389]]],[[[-144.969245,-14.418458],[-144.967142,-14.417484],[-144.968695,-14.414988],[-144.970107,-14.417131],[-144.969245,-14.418458]]],[[[-144.96636,-14.416596],[-144.963602,-14.415593],[-144.964288,-14.413103],[-144.965816,-14.413508],[-144.96688,-14.415443],[-144.96636,-14.416596]]],[[[-144.96329,-14.414801],[-144.960955,-14.413945],[-144.962122,-14.412248],[-144.963742,-14.413056],[-144.96329,-14.414801]]],[[[-144.539733,-14.942849],[-144.541543,-14.942211],[-144.545494,-14.942765],[-144.552176,-14.945065],[-144.553489,-14.946095],[-144.555215,-14.949701],[-144.555852,-14.95215],[-144.563716,-14.959432],[-144.561901,-14.959785],[-144.559188,-14.958918],[-144.553421,-14.957936],[-144.548264,-14.958394],[-144.543731,-14.954827],[-144.53566,-14.951002],[-144.532382,-14.949121],[-144.531889,-14.94682],[-144.534624,-14.944746],[-144.537608,-14.943247],[-144.539733,-14.942849]]],[[[-144.951529,-14.472163],[-144.95551,-14.474275],[-144.955324,-14.476052],[-144.950919,-14.473464],[-144.951529,-14.472163]]],[[[-144.944186,-14.4684],[-144.946023,-14.467483],[-144.947987,-14.468529],[-144.949211,-14.470254],[-144.952108,-14.471426],[-144.950319,-14.472718],[-144.947816,-14.471716],[-144.944186,-14.4684]]],[[[-144.93505,-14.455306],[-144.934605,-14.453122],[-144.935751,-14.45252],[-144.937016,-14.454699],[-144.93505,-14.455306]]],[[[-144.931026,-14.449166],[-144.929103,-14.445335],[-144.930549,-14.443236],[-144.93154,-14.445995],[-144.933726,-14.448846],[-144.931026,-14.449166]]],[[[-144.927208,-14.442868],[-144.924183,-14.44101],[-144.924405,-14.439624],[-144.928686,-14.441534],[-144.927208,-14.442868]]],[[[-144.894065,-14.425961],[-144.893221,-14.423144],[-144.896302,-14.424287],[-144.897078,-14.425739],[-144.901981,-14.42869],[-144.904045,-14.428854],[-144.914405,-14.432381],[-144.917543,-14.434386],[-144.916559,-14.436134],[-144.913934,-14.434567],[-144.908968,-14.432596],[-144.89766,-14.429164],[-144.894065,-14.425961]]],[[[-144.942734,-14.406479],[-144.951764,-14.407349],[-144.959367,-14.410187],[-144.958546,-14.413043],[-144.950239,-14.410291],[-144.946762,-14.409636],[-144.941874,-14.410592],[-144.938378,-14.40962],[-144.932383,-14.410403],[-144.931737,-14.411087],[-144.927811,-14.410878],[-144.922493,-14.409523],[-144.923286,-14.407299],[-144.925074,-14.407019],[-144.931794,-14.408078],[-144.936071,-14.407957],[-144.942734,-14.406479]]],[[[-144.920083,-14.405616],[-144.921022,-14.408137],[-144.918521,-14.407822],[-144.920083,-14.405616]]],[[[-144.890872,-14.386916],[-144.896789,-14.387459],[-144.899927,-14.388657],[-144.90559,-14.393252],[-144.911044,-14.398986],[-144.919334,-14.404403],[-144.919637,-14.405649],[-144.918146,-14.407445],[-144.915958,-14.406011],[-144.914108,-14.405716],[-144.912188,-14.403237],[-144.906432,-14.400762],[-144.903884,-14.396729],[-144.902029,-14.395828],[-144.899424,-14.392955],[-144.894239,-14.391248],[-144.890258,-14.391006],[-144.888047,-14.391369],[-144.884405,-14.391039],[-144.878356,-14.391623],[-144.869891,-14.39384],[-144.866401,-14.396398],[-144.865679,-14.39894],[-144.867027,-14.404113],[-144.868528,-14.406994],[-144.872635,-14.409368],[-144.878331,-14.41129],[-144.880346,-14.412863],[-144.888293,-14.41651],[-144.891573,-14.418927],[-144.891035,-14.421992],[-144.883936,-14.416424],[-144.879977,-14.414326],[-144.874436,-14.4125],[-144.866386,-14.409353],[-144.859311,-14.408112],[-144.857077,-14.40721],[-144.855997,-14.405489],[-144.85655,-14.401328],[-144.858208,-14.397722],[-144.861696,-14.393572],[-144.864654,-14.391256],[-144.870177,-14.388572],[-144.87203,-14.388046],[-144.881751,-14.387137],[-144.890872,-14.386916]]],[[[-151.434392,-16.745911],[-151.437045,-16.746494],[-151.437594,-16.745215],[-151.43762,-16.740834],[-151.435363,-16.739772],[-151.434641,-16.738175],[-151.435344,-16.736146],[-151.43892,-16.735457],[-151.439658,-16.733655],[-151.439112,-16.732132],[-151.441899,-16.729386],[-151.443731,-16.726526],[-151.445538,-16.72635],[-151.447612,-16.72469],[-151.448923,-16.722235],[-151.450494,-16.723457],[-151.455106,-16.721577],[-151.464522,-16.722311],[-151.465878,-16.720774],[-151.46782,-16.722675],[-151.472911,-16.723231],[-151.47279,-16.724127],[-151.475287,-16.726576],[-151.477667,-16.727004],[-151.475748,-16.730532],[-151.480319,-16.731652],[-151.481461,-16.729696],[-151.482804,-16.734088],[-151.48269,-16.736413],[-151.484422,-16.736049],[-151.486299,-16.73857],[-151.485492,-16.741376],[-151.484215,-16.742376],[-151.481292,-16.74625],[-151.483725,-16.747262],[-151.486159,-16.745167],[-151.490445,-16.7451],[-151.489983,-16.746917],[-151.490762,-16.751698],[-151.492767,-16.757054],[-151.487953,-16.75878],[-151.489889,-16.761424],[-151.493155,-16.769445],[-151.490886,-16.770888],[-151.491977,-16.773941],[-151.488892,-16.780395],[-151.490019,-16.785081],[-151.489259,-16.789068],[-151.490734,-16.791079],[-151.493162,-16.792577],[-151.493277,-16.794214],[-151.490734,-16.796486],[-151.489843,-16.800622],[-151.490458,-16.803121],[-151.48822,-16.807256],[-151.486141,-16.810092],[-151.486387,-16.812327],[-151.485722,-16.815131],[-151.484449,-16.816403],[-151.482826,-16.820077],[-151.481146,-16.819485],[-151.48135,-16.817594],[-151.479604,-16.816572],[-151.477894,-16.81862],[-151.477282,-16.822357],[-151.478047,-16.824407],[-151.481273,-16.825804],[-151.481663,-16.827408],[-151.479173,-16.831342],[-151.480593,-16.832121],[-151.48184,-16.836682],[-151.48347,-16.838515],[-151.480777,-16.842403],[-151.482195,-16.843105],[-151.482943,-16.845345],[-151.479556,-16.847902],[-151.478269,-16.850313],[-151.481798,-16.854712],[-151.482393,-16.856925],[-151.482089,-16.859094],[-151.47964,-16.860131],[-151.476742,-16.858835],[-151.475017,-16.857106],[-151.470407,-16.856402],[-151.465381,-16.858435],[-151.466862,-16.861942],[-151.469527,-16.863171],[-151.471773,-16.866258],[-151.468583,-16.872441],[-151.46915,-16.873075],[-151.467732,-16.876597],[-151.463667,-16.882013],[-151.462448,-16.885164],[-151.459597,-16.885281],[-151.458103,-16.888701],[-151.46421,-16.892471],[-151.466762,-16.898835],[-151.468426,-16.900159],[-151.468249,-16.901689],[-151.470615,-16.906285],[-151.468816,-16.907297],[-151.460708,-16.909986],[-151.457945,-16.909937],[-151.457238,-16.911871],[-151.459354,-16.913996],[-151.458227,-16.916413],[-151.45346,-16.915314],[-151.449409,-16.918009],[-151.445782,-16.916714],[-151.442845,-16.911408],[-151.438968,-16.908305],[-151.437035,-16.908571],[-151.433413,-16.906926],[-151.43334,-16.901441],[-151.432103,-16.9006],[-151.433688,-16.895271],[-151.43303,-16.893648],[-151.430239,-16.893504],[-151.428857,-16.894304],[-151.426828,-16.893113],[-151.425772,-16.890916],[-151.426654,-16.888436],[-151.42872,-16.886725],[-151.429092,-16.885221],[-151.426508,-16.879418],[-151.423425,-16.878429],[-151.421871,-16.880772],[-151.421119,-16.88597],[-151.417748,-16.890424],[-151.417752,-16.89412],[-151.415493,-16.895731],[-151.414322,-16.895128],[-151.415698,-16.892435],[-151.415249,-16.89078],[-151.406383,-16.890929],[-151.405021,-16.89184],[-151.40344,-16.890498],[-151.398407,-16.89091],[-151.395518,-16.891537],[-151.393697,-16.889979],[-151.393182,-16.888215],[-151.39099,-16.886749],[-151.393364,-16.882861],[-151.391817,-16.880991],[-151.388501,-16.880595],[-151.383885,-16.884023],[-151.381658,-16.882889],[-151.383857,-16.879761],[-151.383366,-16.876747],[-151.381117,-16.877388],[-151.376994,-16.875984],[-151.375267,-16.873199],[-151.373542,-16.873773],[-151.373153,-16.876664],[-151.369278,-16.876272],[-151.368805,-16.874752],[-151.371058,-16.870832],[-151.368271,-16.868985],[-151.36661,-16.870933],[-151.364738,-16.871915],[-151.359565,-16.86552],[-151.356412,-16.863803],[-151.354975,-16.862031],[-151.351967,-16.851823],[-151.352734,-16.845872],[-151.355249,-16.845501],[-151.357409,-16.846781],[-151.36146,-16.847704],[-151.366666,-16.846315],[-151.36945,-16.847679],[-151.370799,-16.846422],[-151.369131,-16.843965],[-151.36723,-16.842898],[-151.360197,-16.841605],[-151.358865,-16.840284],[-151.357242,-16.836341],[-151.35838,-16.835136],[-151.361805,-16.835464],[-151.364434,-16.83513],[-151.368488,-16.836716],[-151.373577,-16.83665],[-151.374858,-16.835306],[-151.374818,-16.832802],[-151.370013,-16.829283],[-151.371269,-16.826873],[-151.37965,-16.824802],[-151.381944,-16.822649],[-151.384282,-16.823686],[-151.387852,-16.827425],[-151.389748,-16.828467],[-151.392102,-16.827484],[-151.391553,-16.824987],[-151.392603,-16.820291],[-151.394533,-16.818915],[-151.396462,-16.820252],[-151.397698,-16.819457],[-151.398285,-16.816585],[-151.395664,-16.812275],[-151.39534,-16.809082],[-151.39697,-16.809048],[-151.401591,-16.807018],[-151.404157,-16.808567],[-151.404212,-16.810495],[-151.406077,-16.811812],[-151.413537,-16.818266],[-151.413914,-16.820039],[-151.415847,-16.821296],[-151.420764,-16.822983],[-151.419206,-16.820681],[-151.41857,-16.8179],[-151.415582,-16.813374],[-151.412865,-16.811691],[-151.410872,-16.808015],[-151.407975,-16.804472],[-151.402504,-16.800395],[-151.399684,-16.795828],[-151.402826,-16.795751],[-151.408103,-16.794654],[-151.408995,-16.792973],[-151.40803,-16.786431],[-151.409964,-16.78473],[-151.41161,-16.7858],[-151.413966,-16.785197],[-151.415302,-16.782721],[-151.414386,-16.779595],[-151.413015,-16.777859],[-151.414015,-16.775319],[-151.415718,-16.774449],[-151.417205,-16.77738],[-151.422021,-16.778217],[-151.42417,-16.776388],[-151.423437,-16.772658],[-151.421495,-16.771873],[-151.422981,-16.764997],[-151.422582,-16.762584],[-151.425482,-16.760875],[-151.426317,-16.758461],[-151.428282,-16.756441],[-151.429125,-16.754112],[-151.43071,-16.752292],[-151.433439,-16.751149],[-151.431496,-16.748884],[-151.433626,-16.748374],[-151.434392,-16.745911]]],[[[-151.385598,-16.789524],[-151.384559,-16.787103],[-151.387703,-16.788214],[-151.388233,-16.790659],[-151.385598,-16.789524]]],[[[-138.366128,-17.353008],[-138.365214,-17.352169],[-138.366157,-17.349987],[-138.367994,-17.350947],[-138.366128,-17.353008]]],[[[-138.356084,-17.345808],[-138.359035,-17.347363],[-138.362046,-17.347131],[-138.361387,-17.349114],[-138.359477,-17.350904],[-138.355821,-17.349256],[-138.354738,-17.346591],[-138.356084,-17.345808]]],[[[-138.352785,-17.342833],[-138.353842,-17.344129],[-138.353006,-17.346167],[-138.35122,-17.345124],[-138.352785,-17.342833]]],[[[-138.336889,-17.326225],[-138.341815,-17.32637],[-138.351134,-17.327543],[-138.359853,-17.328245],[-138.377749,-17.328393],[-138.392259,-17.327219],[-138.402886,-17.327271],[-138.4117,-17.328041],[-138.416188,-17.328765],[-138.425043,-17.330724],[-138.432195,-17.332858],[-138.435904,-17.334522],[-138.4373,-17.335706],[-138.443194,-17.337903],[-138.447359,-17.340656],[-138.451238,-17.342759],[-138.45502,-17.346435],[-138.456214,-17.348655],[-138.45686,-17.352467],[-138.455969,-17.354797],[-138.453427,-17.355915],[-138.447843,-17.356356],[-138.441538,-17.356133],[-138.441807,-17.352645],[-138.447856,-17.34987],[-138.449771,-17.347991],[-138.443501,-17.341844],[-138.437901,-17.339225],[-138.435902,-17.33901],[-138.43125,-17.336039],[-138.427002,-17.335499],[-138.426156,-17.334743],[-138.422691,-17.334393],[-138.417679,-17.332172],[-138.410797,-17.331468],[-138.408325,-17.330421],[-138.404561,-17.330045],[-138.402194,-17.330667],[-138.392734,-17.329597],[-138.384479,-17.330702],[-138.366116,-17.330867],[-138.358488,-17.330487],[-138.356655,-17.331011],[-138.351671,-17.330247],[-138.346261,-17.330023],[-138.345095,-17.331167],[-138.342385,-17.330194],[-138.333809,-17.32922],[-138.334705,-17.330884],[-138.332768,-17.334946],[-138.331332,-17.335041],[-138.329196,-17.331278],[-138.329754,-17.329415],[-138.331974,-17.327592],[-138.336889,-17.326225]]],[[[-138.34072,-17.338904],[-138.33931,-17.33706],[-138.341708,-17.335385],[-138.342666,-17.337078],[-138.34072,-17.338904]]],[[[-149.444889,-23.387114],[-149.43925,-23.380846],[-149.438036,-23.378236],[-149.436656,-23.373178],[-149.436528,-23.367189],[-149.437226,-23.362708],[-149.438587,-23.358204],[-149.441514,-23.354256],[-149.447044,-23.34883],[-149.450158,-23.347033],[-149.454577,-23.345817],[-149.458248,-23.3441],[-149.462925,-23.342777],[-149.467327,-23.34269],[-149.469075,-23.342187],[-149.477411,-23.344266],[-149.483923,-23.344832],[-149.493184,-23.34756],[-149.495858,-23.34935],[-149.500231,-23.350257],[-149.505414,-23.354139],[-149.514433,-23.354425],[-149.517083,-23.356354],[-149.522982,-23.363199],[-149.527641,-23.366545],[-149.530898,-23.369316],[-149.527672,-23.374648],[-149.527647,-23.378394],[-149.526107,-23.380551],[-149.52418,-23.381792],[-149.520751,-23.385556],[-149.512011,-23.397837],[-149.507579,-23.402658],[-149.504516,-23.403093],[-149.500503,-23.401421],[-149.494511,-23.399666],[-149.492074,-23.39845],[-149.485475,-23.396593],[-149.4795,-23.395499],[-149.473557,-23.395567],[-149.464286,-23.394432],[-149.460544,-23.39434],[-149.455837,-23.393422],[-149.448971,-23.390767],[-149.444889,-23.387114]]],[[[-149.396092,-23.370466],[-149.394688,-23.369661],[-149.394419,-23.36703],[-149.397028,-23.364551],[-149.398688,-23.365297],[-149.396092,-23.370466]]],[[[-149.413065,-23.340666],[-149.414975,-23.342642],[-149.411974,-23.343707],[-149.411579,-23.3422],[-149.413065,-23.340666]]],[[[-151.47324,-16.868573],[-151.47442,-16.867284],[-151.476163,-16.869321],[-151.473292,-16.869901],[-151.47324,-16.868573]]],[[[-151.487553,-16.831498],[-151.487128,-16.830431],[-151.489219,-16.828452],[-151.490084,-16.829857],[-151.487553,-16.831498]]],[[[-151.422708,-16.91623],[-151.426085,-16.915481],[-151.429505,-16.9178],[-151.428111,-16.919112],[-151.424879,-16.918073],[-151.420453,-16.918472],[-151.421091,-16.91661],[-151.422708,-16.91623]]],[[[-151.426705,-16.899945],[-151.427562,-16.900668],[-151.425349,-16.907609],[-151.423817,-16.904738],[-151.423728,-16.900852],[-151.426705,-16.899945]]],[[[-151.467128,-16.887679],[-151.464035,-16.884837],[-151.465716,-16.883877],[-151.467128,-16.887679]]],[[[-139.019139,-21.888507],[-139.020437,-21.886991],[-139.024369,-21.888027],[-139.021764,-21.890113],[-139.016847,-21.891135],[-139.013299,-21.891147],[-139.009405,-21.89023],[-139.007641,-21.887675],[-139.012879,-21.887181],[-139.013789,-21.888077],[-139.017114,-21.887712],[-139.019139,-21.888507]]],[[[-139.027889,-21.885907],[-139.029339,-21.885647],[-139.029619,-21.886197],[-139.029899,-21.887287],[-139.027889,-21.885907]],[[-139.029339,-21.885647],[-139.029899,-21.887287],[-139.029619,-21.886197],[-139.029339,-21.885647]]],[[[-139.038069,-21.884397],[-139.033099,-21.886461],[-139.032345,-21.883462],[-139.03457,-21.880674],[-139.03454,-21.876571],[-139.032467,-21.876303],[-139.033986,-21.874112],[-139.038126,-21.876679],[-139.041241,-21.87938],[-139.041783,-21.882184],[-139.038069,-21.884397]]],[[[-139.004144,-21.857422],[-139.008174,-21.857084],[-139.009292,-21.858692],[-139.008681,-21.860364],[-139.000893,-21.860141],[-138.996707,-21.860638],[-138.996231,-21.857959],[-139.004144,-21.857422]]],[[[-140.661577,-21.664988],[-140.662144,-21.663728],[-140.668242,-21.668099],[-140.669608,-21.67204],[-140.66635,-21.672816],[-140.662832,-21.668876],[-140.661577,-21.664988]]],[[[-140.657068,-21.657943],[-140.660658,-21.662006],[-140.658872,-21.66293],[-140.656126,-21.658536],[-140.657068,-21.657943]]],[[[-140.651477,-21.64235],[-140.654172,-21.644329],[-140.655803,-21.647265],[-140.656511,-21.650284],[-140.656998,-21.655834],[-140.654858,-21.655552],[-140.65381,-21.653048],[-140.653789,-21.650617],[-140.652852,-21.64881],[-140.652828,-21.645908],[-140.651477,-21.64235]]],[[[-140.623975,-21.624052],[-140.627937,-21.62433],[-140.628103,-21.627161],[-140.626757,-21.628643],[-140.622181,-21.627663],[-140.616768,-21.628501],[-140.614259,-21.62975],[-140.613176,-21.633944],[-140.613396,-21.635311],[-140.610957,-21.646295],[-140.608856,-21.646217],[-140.610202,-21.640973],[-140.611201,-21.635584],[-140.611547,-21.630862],[-140.612704,-21.628053],[-140.615559,-21.625865],[-140.620606,-21.624448],[-140.623975,-21.624052]]],[[[-140.643786,-21.625083],[-140.646303,-21.626079],[-140.647297,-21.628198],[-140.649554,-21.636468],[-140.651888,-21.640993],[-140.650146,-21.641464],[-140.647518,-21.637582],[-140.645197,-21.632661],[-140.640798,-21.630266],[-140.639456,-21.631135],[-140.634429,-21.631739],[-140.631478,-21.630748],[-140.630237,-21.628987],[-140.636373,-21.629429],[-140.640514,-21.627972],[-140.643786,-21.625083]]],[[[-139.138305,-20.767713],[-139.142652,-20.767791],[-139.145825,-20.768598],[-139.148141,-20.769957],[-139.150182,-20.772496],[-139.151438,-20.77572],[-139.152296,-20.780323],[-139.152056,-20.782341],[-139.148159,-20.781735],[-139.148254,-20.780009],[-139.147261,-20.776699],[-139.145679,-20.77352],[-139.143962,-20.772182],[-139.137796,-20.770323],[-139.133541,-20.771251],[-139.131996,-20.772177],[-139.131029,-20.77414],[-139.132297,-20.777202],[-139.132596,-20.780002],[-139.134858,-20.782723],[-139.13474,-20.784711],[-139.136035,-20.786837],[-139.136729,-20.790223],[-139.138974,-20.792136],[-139.142179,-20.792108],[-139.145455,-20.790789],[-139.146944,-20.789514],[-139.148137,-20.787066],[-139.147211,-20.783773],[-139.147678,-20.782613],[-139.15203,-20.78254],[-139.150448,-20.788625],[-139.147301,-20.794004],[-139.144958,-20.795538],[-139.142021,-20.795933],[-139.140123,-20.795302],[-139.136319,-20.79235],[-139.134251,-20.789945],[-139.131074,-20.783027],[-139.129436,-20.775709],[-139.130621,-20.771387],[-139.132525,-20.769624],[-139.135319,-20.768344],[-139.138305,-20.767713]]],[[[-138.935709,-21.876647],[-138.93825,-21.877925],[-138.936829,-21.879367],[-138.935709,-21.876647]]],[[[-138.840839,-21.874077],[-138.839488,-21.872882],[-138.841133,-21.871217],[-138.844112,-21.872636],[-138.846623,-21.872541],[-138.856705,-21.874696],[-138.857349,-21.876187],[-138.855151,-21.87725],[-138.850843,-21.877155],[-138.840839,-21.874077]]],[[[-138.927929,-21.872757],[-138.930144,-21.872716],[-138.933016,-21.873745],[-138.931473,-21.875097],[-138.927929,-21.872757]]],[[[-138.921808,-21.870747],[-138.921721,-21.868454],[-138.92412,-21.869007],[-138.927816,-21.871103],[-138.926653,-21.872324],[-138.921808,-21.870747]]],[[[-138.892919,-21.865537],[-138.894369,-21.865557],[-138.898014,-21.864321],[-138.90146,-21.865176],[-138.900864,-21.867212],[-138.893434,-21.867491],[-138.891606,-21.868035],[-138.888025,-21.870276],[-138.883377,-21.87186],[-138.873031,-21.873188],[-138.871132,-21.874397],[-138.86921,-21.873766],[-138.869153,-21.871857],[-138.872027,-21.872756],[-138.8768,-21.871427],[-138.876427,-21.869986],[-138.881417,-21.869563],[-138.885453,-21.868636],[-138.889925,-21.866779],[-138.89099,-21.86737],[-138.892919,-21.865537]]],[[[-138.908682,-21.865884],[-138.910513,-21.865519],[-138.916871,-21.867027],[-138.921132,-21.86839],[-138.919741,-21.870194],[-138.912029,-21.868767],[-138.908383,-21.86742],[-138.908682,-21.865884]]],[[[-138.892876,-21.778164],[-138.896949,-21.777794],[-138.903514,-21.777906],[-138.908645,-21.779442],[-138.909929,-21.78166],[-138.912629,-21.783324],[-138.91079,-21.785261],[-138.909604,-21.783286],[-138.907216,-21.782087],[-138.901588,-21.780721],[-138.895173,-21.780515],[-138.889272,-21.781653],[-138.881336,-21.782261],[-138.874336,-21.784064],[-138.867841,-21.786444],[-138.865699,-21.785064],[-138.870228,-21.783052],[-138.881539,-21.779992],[-138.888465,-21.779146],[-138.892876,-21.778164]]],[[[-138.759484,-22.267153],[-138.761943,-22.266992],[-138.762492,-22.269626],[-138.761998,-22.271992],[-138.759013,-22.271452],[-138.759484,-22.267153]]],[[[-138.759413,-22.259271],[-138.759861,-22.25761],[-138.761773,-22.257745],[-138.762217,-22.25957],[-138.761228,-22.263401],[-138.759253,-22.262055],[-138.759413,-22.259271]]],[[[-138.78442,-22.222522],[-138.788,-22.220262],[-138.790435,-22.220596],[-138.791304,-22.222686],[-138.7894,-22.22503],[-138.787244,-22.223398],[-138.78442,-22.222522]]],[[[-138.760404,-22.20154],[-138.761638,-22.200933],[-138.76533,-22.202588],[-138.768575,-22.205028],[-138.76744,-22.206083],[-138.763629,-22.203925],[-138.759839,-22.202515],[-138.760404,-22.20154]]],[[[-138.829123,-21.867873],[-138.828999,-21.865639],[-138.833214,-21.867547],[-138.834407,-21.868885],[-138.832948,-21.870087],[-138.829123,-21.867873]]],[[[-138.791169,-21.838747],[-138.794425,-21.840865],[-138.797992,-21.842178],[-138.80316,-21.845808],[-138.805768,-21.846343],[-138.80953,-21.848587],[-138.811988,-21.851366],[-138.813519,-21.851651],[-138.814815,-21.853531],[-138.817041,-21.853853],[-138.823751,-21.861352],[-138.825203,-21.86231],[-138.826639,-21.865291],[-138.824205,-21.865076],[-138.81999,-21.86179],[-138.81863,-21.859244],[-138.814389,-21.854896],[-138.809054,-21.851896],[-138.804711,-21.848977],[-138.800944,-21.847411],[-138.798388,-21.845372],[-138.795814,-21.844897],[-138.79276,-21.84265],[-138.790454,-21.841921],[-138.783727,-21.838011],[-138.780864,-21.835541],[-138.779499,-21.832561],[-138.779467,-21.830868],[-138.782213,-21.825954],[-138.784584,-21.822979],[-138.790157,-21.817709],[-138.79348,-21.815119],[-138.795158,-21.81317],[-138.798442,-21.810737],[-138.803589,-21.80841],[-138.806262,-21.807891],[-138.821958,-21.808254],[-138.835593,-21.80649],[-138.839792,-21.805016],[-138.843029,-21.805567],[-138.839136,-21.807869],[-138.830913,-21.810213],[-138.827174,-21.810949],[-138.821695,-21.811033],[-138.820732,-21.811448],[-138.815032,-21.811386],[-138.812747,-21.810718],[-138.807213,-21.810825],[-138.803244,-21.811565],[-138.798819,-21.813937],[-138.792659,-21.818457],[-138.785432,-21.825679],[-138.784464,-21.829005],[-138.78584,-21.835033],[-138.788094,-21.836991],[-138.791169,-21.838747]]],[[[-138.724943,-22.262804],[-138.725403,-22.262504],[-138.731547,-22.264445],[-138.731651,-22.265583],[-138.734568,-22.265738],[-138.739014,-22.267262],[-138.741321,-22.268921],[-138.747631,-22.27187],[-138.751417,-22.274477],[-138.754032,-22.278778],[-138.758104,-22.278273],[-138.758819,-22.275994],[-138.761858,-22.274609],[-138.762016,-22.278018],[-138.760309,-22.279502],[-138.760402,-22.281547],[-138.756222,-22.281491],[-138.754061,-22.280434],[-138.750112,-22.276213],[-138.744966,-22.273048],[-138.742246,-22.271987],[-138.739284,-22.269952],[-138.724845,-22.264659],[-138.724943,-22.262804]]],[[[-138.746732,-22.196383],[-138.749144,-22.19544],[-138.751538,-22.196827],[-138.758898,-22.200181],[-138.756989,-22.201238],[-138.750737,-22.197167],[-138.743241,-22.20033],[-138.738402,-22.202961],[-138.731459,-22.208813],[-138.726401,-22.214999],[-138.70821,-22.233128],[-138.705985,-22.236264],[-138.704823,-22.239128],[-138.705213,-22.242978],[-138.707403,-22.253369],[-138.708564,-22.255275],[-138.708331,-22.257954],[-138.711998,-22.260987],[-138.716581,-22.26134],[-138.716016,-22.263841],[-138.710015,-22.262933],[-138.706585,-22.259231],[-138.70601,-22.255111],[-138.704728,-22.25071],[-138.70364,-22.245135],[-138.703125,-22.238292],[-138.703532,-22.23634],[-138.705105,-22.233822],[-138.712813,-22.225741],[-138.726472,-22.212384],[-138.730816,-22.206912],[-138.735403,-22.202971],[-138.740347,-22.199534],[-138.746732,-22.196383]]],[[[-138.553774,-20.862445],[-138.55575,-20.864309],[-138.552542,-20.867691],[-138.550487,-20.868609],[-138.545573,-20.86865],[-138.545546,-20.867174],[-138.549789,-20.866532],[-138.552927,-20.864172],[-138.553774,-20.862445]]],[[[-138.573165,-20.839238],[-138.574361,-20.839541],[-138.575519,-20.844404],[-138.575131,-20.847436],[-138.573696,-20.849938],[-138.567316,-20.85156],[-138.56752,-20.849305],[-138.570209,-20.848524],[-138.572656,-20.84544],[-138.572463,-20.839949],[-138.573165,-20.839238]]],[[[-138.564613,-20.769031],[-138.567333,-20.769828],[-138.568159,-20.771711],[-138.569155,-20.785249],[-138.569827,-20.787378],[-138.569664,-20.791138],[-138.570456,-20.795657],[-138.571446,-20.798144],[-138.571359,-20.801987],[-138.573206,-20.805013],[-138.573124,-20.807141],[-138.571475,-20.807711],[-138.570758,-20.804304],[-138.567655,-20.798214],[-138.566912,-20.79371],[-138.567033,-20.790609],[-138.565989,-20.787523],[-138.566071,-20.783404],[-138.565629,-20.781086],[-138.565882,-20.777331],[-138.565248,-20.774894],[-138.560232,-20.772545],[-138.55847,-20.772792],[-138.553887,-20.774807],[-138.546353,-20.781088],[-138.533265,-20.788862],[-138.521202,-20.796492],[-138.512399,-20.800935],[-138.509692,-20.803219],[-138.507279,-20.807522],[-138.504423,-20.819196],[-138.503935,-20.822943],[-138.505785,-20.831456],[-138.507668,-20.838041],[-138.508162,-20.840945],[-138.509618,-20.844722],[-138.509479,-20.845997],[-138.510894,-20.849828],[-138.511191,-20.855855],[-138.510876,-20.866732],[-138.511464,-20.873545],[-138.513805,-20.881967],[-138.516604,-20.883327],[-138.521211,-20.884381],[-138.525818,-20.883611],[-138.529048,-20.881302],[-138.531812,-20.875487],[-138.533411,-20.876189],[-138.530337,-20.883235],[-138.527496,-20.885165],[-138.522097,-20.886813],[-138.519535,-20.886974],[-138.515545,-20.885982],[-138.512116,-20.883364],[-138.509861,-20.878488],[-138.508518,-20.871111],[-138.508473,-20.867707],[-138.509141,-20.858561],[-138.508511,-20.849343],[-138.507678,-20.844455],[-138.50605,-20.837915],[-138.504798,-20.834243],[-138.502842,-20.82674],[-138.502216,-20.822198],[-138.502551,-20.819107],[-138.504851,-20.808635],[-138.506461,-20.804024],[-138.509951,-20.800386],[-138.526287,-20.791236],[-138.533263,-20.78668],[-138.534972,-20.785846],[-138.547693,-20.777584],[-138.552154,-20.773762],[-138.55596,-20.771478],[-138.562839,-20.76918],[-138.564613,-20.769031]]],[[[-138.575319,-20.822096],[-138.57523,-20.818564],[-138.574225,-20.815079],[-138.571996,-20.80962],[-138.57398,-20.808702],[-138.575739,-20.811495],[-138.576886,-20.814779],[-138.577498,-20.819157],[-138.575319,-20.822096]]],[[[-139.550619,-8.8654],[-139.555813,-8.866836],[-139.558344,-8.867944],[-139.560699,-8.871741],[-139.562396,-8.869227],[-139.565084,-8.869584],[-139.567273,-8.870817],[-139.567746,-8.873531],[-139.569042,-8.876104],[-139.574226,-8.873968],[-139.576381,-8.876264],[-139.578371,-8.874382],[-139.576752,-8.87107],[-139.579586,-8.871557],[-139.586779,-8.869211],[-139.587418,-8.872877],[-139.585846,-8.87664],[-139.588719,-8.877756],[-139.588085,-8.8803],[-139.590215,-8.881662],[-139.591565,-8.881536],[-139.595239,-8.886265],[-139.594831,-8.889504],[-139.598373,-8.889761],[-139.600049,-8.890923],[-139.598931,-8.894009],[-139.602706,-8.893938],[-139.605796,-8.895823],[-139.607841,-8.902216],[-139.612257,-8.909553],[-139.612834,-8.911516],[-139.611555,-8.913181],[-139.612669,-8.917035],[-139.613884,-8.918924],[-139.613937,-8.923236],[-139.611257,-8.926092],[-139.611281,-8.92841],[-139.613205,-8.929583],[-139.609898,-8.931873],[-139.609432,-8.930177],[-139.607845,-8.92995],[-139.605738,-8.932265],[-139.605356,-8.934262],[-139.603955,-8.935395],[-139.602336,-8.938468],[-139.598693,-8.939462],[-139.598733,-8.942169],[-139.594124,-8.941491],[-139.593736,-8.943704],[-139.592423,-8.945518],[-139.591143,-8.95039],[-139.588037,-8.950502],[-139.583213,-8.951968],[-139.581645,-8.953602],[-139.579577,-8.953906],[-139.578995,-8.952619],[-139.575461,-8.950448],[-139.575219,-8.949398],[-139.572343,-8.947307],[-139.571353,-8.944832],[-139.572995,-8.940964],[-139.574459,-8.940001],[-139.574746,-8.937591],[-139.573294,-8.9372],[-139.572669,-8.93956],[-139.570592,-8.941132],[-139.568851,-8.944336],[-139.567005,-8.943246],[-139.56681,-8.941536],[-139.564802,-8.939551],[-139.562014,-8.938378],[-139.561028,-8.939908],[-139.558122,-8.940095],[-139.556408,-8.939005],[-139.555383,-8.940241],[-139.551862,-8.940471],[-139.549978,-8.939222],[-139.548794,-8.936159],[-139.54894,-8.933899],[-139.545504,-8.933601],[-139.543709,-8.930694],[-139.54264,-8.932958],[-139.54112,-8.933187],[-139.539381,-8.935026],[-139.535961,-8.932924],[-139.535148,-8.930148],[-139.53634,-8.927041],[-139.533951,-8.924699],[-139.531848,-8.927003],[-139.530158,-8.931758],[-139.52877,-8.93256],[-139.526342,-8.930641],[-139.524764,-8.931685],[-139.521915,-8.927693],[-139.518376,-8.927733],[-139.515158,-8.933897],[-139.513266,-8.933141],[-139.512336,-8.929491],[-139.511176,-8.92822],[-139.508301,-8.932233],[-139.507088,-8.932268],[-139.506057,-8.934437],[-139.50283,-8.937259],[-139.501223,-8.939759],[-139.498377,-8.93949],[-139.496941,-8.937468],[-139.495591,-8.937484],[-139.494672,-8.939418],[-139.492839,-8.938683],[-139.490471,-8.938897],[-139.48815,-8.937261],[-139.486903,-8.933842],[-139.489949,-8.934014],[-139.492172,-8.932976],[-139.494842,-8.930843],[-139.494338,-8.930019],[-139.491057,-8.92949],[-139.490834,-8.927141],[-139.489676,-8.925301],[-139.486659,-8.926259],[-139.484774,-8.924923],[-139.486386,-8.923062],[-139.486146,-8.921487],[-139.489097,-8.921979],[-139.493109,-8.920444],[-139.494992,-8.920357],[-139.494053,-8.917777],[-139.490031,-8.917418],[-139.488856,-8.916005],[-139.485571,-8.914465],[-139.487929,-8.913009],[-139.487927,-8.911278],[-139.490455,-8.910363],[-139.490641,-8.907986],[-139.495654,-8.906976],[-139.499006,-8.907767],[-139.499653,-8.906223],[-139.493214,-8.901967],[-139.495145,-8.900272],[-139.495522,-8.897524],[-139.498409,-8.898486],[-139.500043,-8.898017],[-139.502154,-8.899467],[-139.504021,-8.897891],[-139.501844,-8.894686],[-139.498594,-8.892845],[-139.499661,-8.889719],[-139.502188,-8.887573],[-139.501501,-8.885992],[-139.504824,-8.886239],[-139.504176,-8.884017],[-139.50823,-8.882222],[-139.511217,-8.88402],[-139.513216,-8.886553],[-139.514869,-8.88205],[-139.51662,-8.885219],[-139.519134,-8.884948],[-139.51914,-8.881917],[-139.518328,-8.880717],[-139.520194,-8.877004],[-139.522201,-8.878056],[-139.52492,-8.877636],[-139.524211,-8.875914],[-139.526243,-8.873195],[-139.526766,-8.870789],[-139.529838,-8.871834],[-139.532191,-8.870374],[-139.533833,-8.871687],[-139.535556,-8.871693],[-139.536108,-8.874213],[-139.538338,-8.872049],[-139.537758,-8.868872],[-139.539329,-8.868866],[-139.539975,-8.87073],[-139.542094,-8.872579],[-139.5427,-8.86942],[-139.545494,-8.867969],[-139.547092,-8.869688],[-139.549013,-8.868284],[-139.550619,-8.8654]]],[[[-140.055636,-9.467002],[-140.054664,-9.46553],[-140.052825,-9.466203],[-140.052256,-9.462645],[-140.05015,-9.461049],[-140.050324,-9.456896],[-140.049373,-9.453555],[-140.047204,-9.452468],[-140.045811,-9.449879],[-140.042557,-9.451795],[-140.039527,-9.449392],[-140.036859,-9.448264],[-140.037249,-9.444801],[-140.038778,-9.439405],[-140.038422,-9.436593],[-140.041303,-9.435969],[-140.043189,-9.436956],[-140.045482,-9.436333],[-140.045653,-9.433304],[-140.038197,-9.430184],[-140.03646,-9.427377],[-140.038933,-9.423695],[-140.036102,-9.422875],[-140.038022,-9.42133],[-140.034451,-9.419988],[-140.031137,-9.41598],[-140.030495,-9.412192],[-140.033513,-9.409533],[-140.036789,-9.4088],[-140.036618,-9.406352],[-140.033306,-9.406632],[-140.030894,-9.40605],[-140.029318,-9.40451],[-140.028965,-9.401251],[-140.029563,-9.395036],[-140.031744,-9.392758],[-140.027814,-9.392087],[-140.025506,-9.389057],[-140.026516,-9.386085],[-140.028754,-9.385296],[-140.033084,-9.385827],[-140.036605,-9.385311],[-140.037615,-9.38274],[-140.035972,-9.381561],[-140.03506,-9.37933],[-140.032126,-9.378331],[-140.031667,-9.376733],[-140.028555,-9.376851],[-140.024003,-9.375312],[-140.024957,-9.372351],[-140.026451,-9.371817],[-140.023957,-9.366676],[-140.021639,-9.364259],[-140.024229,-9.362914],[-140.02535,-9.365151],[-140.027374,-9.366212],[-140.028808,-9.364833],[-140.032258,-9.358944],[-140.03403,-9.358404],[-140.036182,-9.361477],[-140.038489,-9.362139],[-140.040955,-9.359629],[-140.038312,-9.356483],[-140.039312,-9.355236],[-140.041745,-9.355752],[-140.044941,-9.35564],[-140.045724,-9.358462],[-140.047437,-9.359978],[-140.049886,-9.359344],[-140.05051,-9.355278],[-140.051221,-9.354633],[-140.050632,-9.350896],[-140.051765,-9.350541],[-140.054561,-9.347145],[-140.064075,-9.34285],[-140.065586,-9.343021],[-140.070168,-9.339472],[-140.070353,-9.335495],[-140.072679,-9.3356],[-140.074147,-9.336902],[-140.077046,-9.337853],[-140.080858,-9.336989],[-140.082139,-9.340773],[-140.081719,-9.342592],[-140.08541,-9.344801],[-140.089321,-9.344648],[-140.091375,-9.343673],[-140.091677,-9.341564],[-140.096432,-9.344366],[-140.095833,-9.347163],[-140.099847,-9.347967],[-140.100922,-9.348702],[-140.100078,-9.350734],[-140.100905,-9.354031],[-140.102171,-9.35415],[-140.103306,-9.356847],[-140.103052,-9.358587],[-140.106392,-9.359587],[-140.110147,-9.356713],[-140.112991,-9.359475],[-140.111021,-9.361201],[-140.111762,-9.364516],[-140.111117,-9.367581],[-140.114718,-9.369801],[-140.114025,-9.37136],[-140.116501,-9.37209],[-140.11754,-9.373492],[-140.119512,-9.372714],[-140.121403,-9.375575],[-140.122513,-9.378811],[-140.12621,-9.379164],[-140.128043,-9.379886],[-140.128082,-9.382707],[-140.135067,-9.380342],[-140.134454,-9.383147],[-140.132063,-9.384873],[-140.129666,-9.385564],[-140.127015,-9.38416],[-140.126619,-9.389905],[-140.127916,-9.394031],[-140.129012,-9.395358],[-140.126704,-9.396528],[-140.126475,-9.398456],[-140.129246,-9.398618],[-140.130598,-9.399885],[-140.128855,-9.401484],[-140.127802,-9.404855],[-140.12415,-9.404323],[-140.122223,-9.408751],[-140.120209,-9.409538],[-140.115127,-9.416184],[-140.112926,-9.417713],[-140.114432,-9.421166],[-140.111773,-9.423564],[-140.108144,-9.424111],[-140.107747,-9.428968],[-140.104155,-9.432209],[-140.103066,-9.431238],[-140.099954,-9.431656],[-140.100251,-9.433685],[-140.096122,-9.433598],[-140.095487,-9.434751],[-140.097401,-9.438466],[-140.096158,-9.439746],[-140.095508,-9.441981],[-140.094028,-9.443578],[-140.0925,-9.442962],[-140.091043,-9.443834],[-140.08881,-9.442585],[-140.088646,-9.444696],[-140.091066,-9.44701],[-140.088578,-9.448209],[-140.086256,-9.450565],[-140.086755,-9.452706],[-140.082161,-9.454459],[-140.07635,-9.454104],[-140.075654,-9.455554],[-140.077013,-9.45687],[-140.076103,-9.461376],[-140.071696,-9.463334],[-140.069847,-9.461806],[-140.065138,-9.462894],[-140.064645,-9.461039],[-140.062825,-9.461143],[-140.057334,-9.464555],[-140.055636,-9.467002]]],[[[-140.072311,-9.463901],[-140.073606,-9.467466],[-140.072009,-9.467899],[-140.072311,-9.463901]]],[[[-140.047822,-9.475077],[-140.048851,-9.475229],[-140.05053,-9.47883],[-140.049747,-9.479908],[-140.044162,-9.484092],[-140.043288,-9.483425],[-140.045995,-9.477685],[-140.047822,-9.475077]]],[[[-140.017917,-9.359885],[-140.019846,-9.361598],[-140.018131,-9.362916],[-140.015921,-9.361871],[-140.017917,-9.359885]]]]},"properties":{"code":"987","nom":"Polynésie française"}},
{"type":"Feature","geometry":{"type":"MultiPolygon","coordinates":[[[[163.706526,-19.902093],[163.707166,-19.900584],[163.707658,-19.895832],[163.705872,-19.897063],[163.706526,-19.902093]]],[[[163.702015,-19.880387],[163.703552,-19.87957],[163.702116,-19.877242],[163.70099,-19.87902],[163.702015,-19.880387]]],[[[163.697763,-19.846636],[163.69958,-19.84489],[163.699243,-19.843357],[163.700439,-19.841883],[163.700233,-19.83857],[163.697791,-19.838506],[163.698365,-19.842349],[163.697407,-19.844586],[163.697763,-19.846636]]],[[[163.695582,-19.833913],[163.700473,-19.832592],[163.698412,-19.828967],[163.698531,-19.827904],[163.695457,-19.827611],[163.696211,-19.831077],[163.695582,-19.833913]]],[[[163.679484,-19.814839],[163.679639,-19.818629],[163.676717,-19.821461],[163.67291,-19.822478],[163.673626,-19.823615],[163.673224,-19.826785],[163.678219,-19.825192],[163.681459,-19.825497],[163.684392,-19.82239],[163.687142,-19.820644],[163.687782,-19.818577],[163.685535,-19.814292],[163.684556,-19.809325],[163.682566,-19.810554],[163.681441,-19.813952],[163.679484,-19.814839]]],[[[163.702408,-19.769357],[163.703649,-19.769151],[163.705044,-19.764576],[163.704419,-19.762747],[163.705114,-19.759548],[163.704707,-19.755535],[163.70156,-19.747744],[163.699767,-19.744201],[163.699112,-19.738331],[163.694495,-19.740672],[163.691203,-19.739923],[163.687697,-19.737944],[163.684655,-19.73456],[163.684322,-19.731761],[163.681623,-19.729126],[163.677295,-19.729362],[163.673071,-19.723823],[163.672805,-19.722111],[163.675781,-19.716457],[163.674392,-19.711354],[163.675203,-19.710171],[163.674525,-19.708255],[163.675351,-19.704324],[163.674662,-19.702775],[163.674532,-19.699349],[163.673259,-19.694801],[163.674608,-19.693471],[163.672403,-19.68556],[163.670179,-19.682302],[163.6685,-19.680759],[163.667441,-19.677819],[163.665564,-19.675808],[163.662643,-19.670014],[163.659783,-19.668178],[163.659103,-19.665253],[163.653383,-19.65618],[163.649661,-19.652482],[163.648532,-19.65012],[163.645706,-19.647983],[163.643355,-19.642917],[163.639567,-19.637288],[163.635984,-19.630145],[163.63397,-19.627005],[163.630837,-19.624651],[163.626897,-19.623305],[163.621739,-19.621022],[163.623054,-19.624629],[163.62371,-19.631234],[163.628809,-19.636561],[163.629624,-19.638521],[163.633279,-19.640859],[163.636366,-19.643956],[163.638827,-19.647841],[163.638132,-19.649893],[163.640207,-19.652463],[163.640142,-19.654158],[163.641524,-19.65653],[163.640655,-19.659212],[163.640851,-19.662015],[163.646091,-19.670619],[163.645984,-19.67284],[163.643339,-19.676067],[163.639954,-19.6765],[163.638023,-19.677618],[163.63525,-19.681866],[163.633121,-19.682994],[163.629362,-19.688967],[163.631749,-19.693144],[163.630735,-19.696804],[163.63189,-19.698091],[163.635431,-19.705198],[163.635023,-19.709674],[163.637888,-19.709664],[163.644667,-19.711692],[163.646214,-19.71501],[163.643086,-19.718972],[163.640045,-19.72184],[163.642306,-19.727848],[163.64667,-19.73165],[163.648148,-19.734478],[163.650938,-19.73555],[163.652233,-19.736985],[163.653072,-19.739591],[163.653461,-19.744665],[163.652771,-19.747194],[163.653162,-19.750449],[163.652679,-19.752045],[163.653927,-19.754971],[163.655762,-19.755246],[163.660076,-19.75768],[163.66098,-19.759386],[163.66308,-19.761022],[163.664224,-19.763522],[163.663784,-19.765779],[163.667541,-19.768294],[163.670565,-19.769138],[163.672974,-19.771392],[163.67302,-19.776915],[163.672015,-19.779887],[163.674884,-19.782154],[163.676225,-19.787362],[163.678359,-19.785653],[163.678354,-19.780739],[163.679051,-19.779025],[163.679293,-19.771361],[163.681577,-19.768453],[163.684016,-19.766889],[163.687268,-19.766053],[163.689723,-19.766208],[163.690552,-19.768505],[163.691815,-19.769493],[163.695628,-19.770274],[163.696837,-19.769462],[163.702408,-19.769357]]],[[[163.573981,-19.563444],[163.576778,-19.566303],[163.579627,-19.571367],[163.581242,-19.57146],[163.582788,-19.568026],[163.584412,-19.566529],[163.586247,-19.566418],[163.586802,-19.569373],[163.588011,-19.570353],[163.58919,-19.573487],[163.59043,-19.574349],[163.588832,-19.579066],[163.58755,-19.579877],[163.584978,-19.579338],[163.582152,-19.582133],[163.584705,-19.585743],[163.583833,-19.587842],[163.585204,-19.589536],[163.585435,-19.591574],[163.583759,-19.592313],[163.584734,-19.594983],[163.58816,-19.59612],[163.592175,-19.599914],[163.594044,-19.603853],[163.596011,-19.604394],[163.597561,-19.603559],[163.601664,-19.59959],[163.604819,-19.600046],[163.606372,-19.59896],[163.613142,-19.597067],[163.617518,-19.592587],[163.617265,-19.591722],[163.612163,-19.589608],[163.60974,-19.589006],[163.608791,-19.58654],[163.607431,-19.586227],[163.606688,-19.584144],[163.600769,-19.576515],[163.598501,-19.575606],[163.597507,-19.568753],[163.594237,-19.565487],[163.589354,-19.562657],[163.58776,-19.559415],[163.587124,-19.555449],[163.582947,-19.551044],[163.581519,-19.547425],[163.580882,-19.544165],[163.579594,-19.543596],[163.578736,-19.540343],[163.576899,-19.539405],[163.572691,-19.541614],[163.572098,-19.543553],[163.575206,-19.545139],[163.575862,-19.547892],[163.575119,-19.549928],[163.571528,-19.55132],[163.571084,-19.553497],[163.569697,-19.555111],[163.572102,-19.558803],[163.572034,-19.560686],[163.573981,-19.563444]]],[[[166.054914,-22.037322],[166.053822,-22.034501],[166.054359,-22.03248],[166.051492,-22.030746],[166.049662,-22.02871],[166.043049,-22.027413],[166.042816,-22.030341],[166.040059,-22.036528],[166.037373,-22.038891],[166.033073,-22.041083],[166.02902,-22.041981],[166.028835,-22.044853],[166.027201,-22.045856],[166.029594,-22.05009],[166.03245,-22.052468],[166.035181,-22.053206],[166.038275,-22.056419],[166.037707,-22.057613],[166.039334,-22.0595],[166.04014,-22.061797],[166.040703,-22.066001],[166.045461,-22.071277],[166.047656,-22.072328],[166.049315,-22.074074],[166.053796,-22.075677],[166.060653,-22.076078],[166.060351,-22.074554],[166.05788,-22.074345],[166.054491,-22.072185],[166.051431,-22.068292],[166.05028,-22.065639],[166.048311,-22.065788],[166.046161,-22.062315],[166.04575,-22.059583],[166.045877,-22.055445],[166.048733,-22.052886],[166.053539,-22.051807],[166.056137,-22.049059],[166.055328,-22.04726],[166.052906,-22.044578],[166.052627,-22.040507],[166.054914,-22.037322]]],[[[165.938188,-22.007967],[165.935489,-22.00781],[165.936946,-22.011123],[165.938013,-22.01121],[165.944099,-22.009258],[165.938188,-22.007967]]],[[[166.104062,-21.996731],[166.102186,-22.000397],[166.10376,-22.00116],[166.104896,-22.004469],[166.107816,-22.004055],[166.108954,-22.000617],[166.104062,-21.996731]]],[[[166.060855,-22.005442],[166.062022,-22.00352],[166.064396,-22.003297],[166.071082,-22.003717],[166.071832,-22.00113],[166.068908,-21.999834],[166.068508,-21.99489],[166.064662,-21.994472],[166.062128,-21.993013],[166.060786,-21.994298],[166.05724,-21.992638],[166.055372,-21.993342],[166.054016,-21.995901],[166.054492,-21.998419],[166.052528,-21.999289],[166.051886,-22.003086],[166.049208,-22.003429],[166.045389,-22.001358],[166.047604,-21.995809],[166.046473,-21.993081],[166.044242,-21.990952],[166.037075,-21.989628],[166.034563,-21.98761],[166.030495,-21.986327],[166.026682,-21.98565],[166.021048,-21.983884],[166.019357,-21.984898],[166.019921,-21.988321],[166.02218,-21.990188],[166.023093,-21.993387],[166.025099,-21.997758],[166.025749,-22.000335],[166.025389,-22.00276],[166.023856,-22.004587],[166.024154,-22.007135],[166.023082,-22.010268],[166.025037,-22.013728],[166.025861,-22.017457],[166.028522,-22.020473],[166.028828,-22.023694],[166.030291,-22.027388],[166.036618,-22.026225],[166.038938,-22.023682],[166.041639,-22.023596],[166.045128,-22.022349],[166.045311,-22.019378],[166.046706,-22.017051],[166.04641,-22.012092],[166.052558,-22.012542],[166.053295,-22.011069],[166.0522,-22.009759],[166.052108,-22.007295],[166.053936,-22.005834],[166.058198,-22.007713],[166.059047,-22.008897],[166.062244,-22.010735],[166.062775,-22.008574],[166.061994,-22.00612],[166.060855,-22.005442]],[[166.029379,-22.011565],[166.032126,-22.007888],[166.036476,-22.009861],[166.035861,-22.014214],[166.033019,-22.013],[166.031615,-22.015179],[166.030207,-22.011586],[166.029379,-22.011565]]],[[[166.101672,-21.983307],[166.101094,-21.982363],[166.097565,-21.981644],[166.096104,-21.981943],[166.098094,-21.986889],[166.101398,-21.984588],[166.101672,-21.983307]]],[[[166.111341,-21.981196],[166.108767,-21.979756],[166.106074,-21.979286],[166.105302,-21.98061],[166.109107,-21.98268],[166.109884,-21.985163],[166.111995,-21.983277],[166.111341,-21.981196]]],[[[166.066357,-21.980834],[166.067815,-21.980022],[166.066935,-21.97774],[166.063541,-21.977679],[166.064098,-21.981151],[166.066357,-21.980834]]],[[[166.010521,-21.97002],[166.012621,-21.968977],[166.011398,-21.967566],[166.00837,-21.968283],[166.010521,-21.97002]]],[[[165.967888,-21.9751],[165.968191,-21.97044],[165.966872,-21.967004],[165.963994,-21.964624],[165.961369,-21.964094],[165.957487,-21.966218],[165.954996,-21.964767],[165.950681,-21.963427],[165.94791,-21.964779],[165.943943,-21.96497],[165.946264,-21.967309],[165.94927,-21.971759],[165.950723,-21.975332],[165.957259,-21.975717],[165.958684,-21.976294],[165.959402,-21.979308],[165.962217,-21.980305],[165.963889,-21.981781],[165.967345,-21.980761],[165.967888,-21.9751]]],[[[165.972087,-21.966445],[165.974497,-21.969515],[165.977319,-21.971666],[165.979108,-21.971898],[165.984036,-21.976343],[165.985299,-21.979201],[165.989288,-21.98187],[165.989916,-21.983233],[165.992487,-21.983975],[165.996514,-21.986944],[165.998405,-21.98935],[166.001589,-21.988129],[166.001675,-21.985916],[166.003348,-21.984041],[166.005491,-21.983468],[166.007767,-21.981626],[166.010039,-21.981553],[166.011565,-21.979976],[166.014001,-21.979732],[166.011342,-21.976182],[166.008057,-21.973705],[166.004837,-21.972348],[166.00155,-21.972454],[165.997451,-21.971066],[165.997156,-21.968193],[165.994782,-21.966447],[165.992603,-21.966987],[165.989756,-21.966051],[165.987882,-21.96648],[165.982794,-21.965016],[165.979359,-21.962694],[165.976757,-21.962228],[165.972316,-21.96232],[165.971089,-21.965064],[165.972087,-21.966445]]],[[[166.083244,-21.9748],[166.080134,-21.976146],[166.076823,-21.975911],[166.076894,-21.97794],[166.074741,-21.981275],[166.076396,-21.987111],[166.078296,-21.987312],[166.079826,-21.985423],[166.083262,-21.985813],[166.083555,-21.98267],[166.08617,-21.981094],[166.090107,-21.98011],[166.094116,-21.978497],[166.093014,-21.976471],[166.09452,-21.970488],[166.094137,-21.967559],[166.097899,-21.96454],[166.098629,-21.962669],[166.096645,-21.962333],[166.095206,-21.960693],[166.09307,-21.959804],[166.092819,-21.958255],[166.093861,-21.955497],[166.092751,-21.953837],[166.090053,-21.953928],[166.091029,-21.956335],[166.090411,-21.958145],[166.085141,-21.958481],[166.086626,-21.959997],[166.089052,-21.959893],[166.090876,-21.962172],[166.090415,-21.965353],[166.088486,-21.966707],[166.087964,-21.969238],[166.084845,-21.973878],[166.083244,-21.9748]]],[[[166.033931,-21.949092],[166.028694,-21.951163],[166.026655,-21.954791],[166.030216,-21.955264],[166.03393,-21.952775],[166.033931,-21.949092]]],[[[166.098489,-21.945859],[166.097017,-21.947143],[166.10064,-21.947958],[166.100763,-21.945537],[166.098489,-21.945859]]],[[[166.067267,-21.944456],[166.065652,-21.94415],[166.066027,-21.947243],[166.067632,-21.94759],[166.067267,-21.944456]]],[[[166.092587,-21.945048],[166.091428,-21.944677],[166.091097,-21.942289],[166.088319,-21.942082],[166.08804,-21.94318],[166.091065,-21.94594],[166.092587,-21.945048]]],[[[165.919677,-21.945808],[165.923332,-21.948261],[165.923886,-21.946346],[165.921153,-21.941203],[165.918931,-21.938709],[165.917066,-21.937634],[165.915768,-21.939415],[165.915731,-21.942157],[165.919677,-21.945808]]],[[[165.913048,-21.933564],[165.910799,-21.932922],[165.910956,-21.935902],[165.915132,-21.935714],[165.913048,-21.933564]]],[[[166.090233,-21.931505],[166.092982,-21.93265],[166.092759,-21.930521],[166.090233,-21.931505]]],[[[165.907415,-21.93032],[165.904673,-21.929164],[165.902194,-21.926635],[165.900712,-21.926344],[165.89923,-21.927928],[165.903963,-21.930376],[165.905478,-21.931935],[165.906466,-21.934727],[165.907948,-21.934863],[165.910004,-21.933171],[165.907415,-21.93032]]],[[[165.929395,-21.919458],[165.928004,-21.919777],[165.925978,-21.921859],[165.926906,-21.924878],[165.928701,-21.925339],[165.928671,-21.921095],[165.929395,-21.919458]]],[[[166.055909,-21.891028],[166.060996,-21.891318],[166.060219,-21.889721],[166.056413,-21.889547],[166.055909,-21.891028]]],[[[166.035333,-21.889935],[166.030832,-21.891581],[166.031345,-21.892799],[166.035333,-21.889935]]],[[[166.161887,-21.993721],[166.158573,-21.995705],[166.153596,-21.999867],[166.149456,-22.00034],[166.147399,-22.001838],[166.146542,-22.004316],[166.150337,-22.005609],[166.15098,-22.00768],[166.149318,-22.009945],[166.149427,-22.016754],[166.151644,-22.016441],[166.155833,-22.013046],[166.156765,-22.010441],[166.165763,-22.010164],[166.165953,-22.013078],[166.163965,-22.014932],[166.160582,-22.015862],[166.162249,-22.018827],[166.16527,-22.019299],[166.16551,-22.016451],[166.171825,-22.014971],[166.171307,-22.016235],[166.172409,-22.020611],[166.173781,-22.021193],[166.177093,-22.019276],[166.177448,-22.017784],[166.182724,-22.016392],[166.184493,-22.017852],[166.185255,-22.022846],[166.186666,-22.024717],[166.184758,-22.02591],[166.185742,-22.029426],[166.189209,-22.026898],[166.190793,-22.028468],[166.194957,-22.027532],[166.196811,-22.02653],[166.195919,-22.023955],[166.197465,-22.022469],[166.200939,-22.020831],[166.202573,-22.018177],[166.202133,-22.015783],[166.203141,-22.014449],[166.200193,-22.013454],[166.198675,-22.01542],[166.197763,-22.010735],[166.199042,-22.009446],[166.202482,-22.010596],[166.204069,-22.014515],[166.207381,-22.016912],[166.20755,-22.019635],[166.202702,-22.019919],[166.201103,-22.021457],[166.197987,-22.022678],[166.199947,-22.025142],[166.202428,-22.026043],[166.202087,-22.028019],[166.203783,-22.030033],[166.207133,-22.02975],[166.208257,-22.026419],[166.210565,-22.028101],[166.209347,-22.030738],[166.209391,-22.032581],[166.212503,-22.033507],[166.215934,-22.032711],[166.215135,-22.034721],[166.210243,-22.034289],[166.207948,-22.032493],[166.207292,-22.034539],[166.205795,-22.034977],[166.205248,-22.037065],[166.203402,-22.036583],[166.198715,-22.039531],[166.199425,-22.042211],[166.198924,-22.044259],[166.196479,-22.046792],[166.193255,-22.04403],[166.192808,-22.04233],[166.186201,-22.040125],[166.184713,-22.040871],[166.180194,-22.040325],[166.177027,-22.04134],[166.17674,-22.038772],[166.1756,-22.036227],[166.171568,-22.033399],[166.170612,-22.034811],[166.173416,-22.037712],[166.172437,-22.039873],[166.169497,-22.036043],[166.16743,-22.035105],[166.165585,-22.036412],[166.165505,-22.0383],[166.162677,-22.038939],[166.160967,-22.038442],[166.159309,-22.039453],[166.155464,-22.035636],[166.153438,-22.034879],[166.152281,-22.033225],[166.147825,-22.033747],[166.14528,-22.03132],[166.143483,-22.034331],[166.141087,-22.036467],[166.138055,-22.037529],[166.136132,-22.037366],[166.131573,-22.034256],[166.13066,-22.032469],[166.12777,-22.030918],[166.123606,-22.030361],[166.122699,-22.029233],[166.11981,-22.028088],[166.11711,-22.025076],[166.116002,-22.027354],[166.117319,-22.02783],[166.117966,-22.029911],[166.115625,-22.030759],[166.115333,-22.032948],[166.118678,-22.036316],[166.122009,-22.036884],[166.124738,-22.038349],[166.12715,-22.037623],[166.130944,-22.040247],[166.137154,-22.037556],[166.140419,-22.037846],[166.145377,-22.036833],[166.146281,-22.038421],[166.144591,-22.040749],[166.145878,-22.041769],[166.150417,-22.040786],[166.152918,-22.042103],[166.155698,-22.04152],[166.159874,-22.043424],[166.162553,-22.045562],[166.163425,-22.047015],[166.163959,-22.050662],[166.163571,-22.05328],[166.159905,-22.055787],[166.157454,-22.05567],[166.156766,-22.057915],[166.159954,-22.059132],[166.16124,-22.060924],[166.16068,-22.064111],[166.163094,-22.06618],[166.163715,-22.070583],[166.167203,-22.071226],[166.16862,-22.072824],[166.167559,-22.074186],[166.167478,-22.076681],[166.170434,-22.081318],[166.169667,-22.082806],[166.170487,-22.085871],[166.166301,-22.087378],[166.165384,-22.086082],[166.165216,-22.083162],[166.163036,-22.080959],[166.163719,-22.077074],[166.16108,-22.074963],[166.157621,-22.076662],[166.151755,-22.073941],[166.148331,-22.073765],[166.148677,-22.075938],[166.150147,-22.078076],[166.147194,-22.07865],[166.147651,-22.075865],[166.142199,-22.07522],[166.141565,-22.073341],[166.142977,-22.072391],[166.137579,-22.06873],[166.135906,-22.070427],[166.133233,-22.07153],[166.129952,-22.070905],[166.12835,-22.069536],[166.128549,-22.068072],[166.130939,-22.063475],[166.129508,-22.062074],[166.125153,-22.062177],[166.12043,-22.059723],[166.117179,-22.059573],[166.112383,-22.061991],[166.11408,-22.062894],[166.116923,-22.06233],[166.11931,-22.063542],[166.121439,-22.063596],[166.120897,-22.06699],[166.122773,-22.069302],[166.125645,-22.070597],[166.125291,-22.072943],[166.126249,-22.073932],[166.1263,-22.076729],[166.125538,-22.079072],[166.122328,-22.081306],[166.11983,-22.084213],[166.115714,-22.086318],[166.114827,-22.088493],[166.118488,-22.089721],[166.11921,-22.090579],[166.124171,-22.090493],[166.125889,-22.096022],[166.125046,-22.09904],[166.127027,-22.100168],[166.129635,-22.099259],[166.131924,-22.099567],[166.134122,-22.097836],[166.136559,-22.098342],[166.139184,-22.096271],[166.13852,-22.093682],[166.140166,-22.091186],[166.140326,-22.089442],[166.146583,-22.084944],[166.150682,-22.082721],[166.154449,-22.082668],[166.156619,-22.084539],[166.161941,-22.084258],[166.166162,-22.088207],[166.16603,-22.090836],[166.170631,-22.096314],[166.172075,-22.095609],[166.175251,-22.097497],[166.173908,-22.099848],[166.175191,-22.102004],[166.173988,-22.10308],[166.171337,-22.102498],[166.17185,-22.104754],[166.18087,-22.104993],[166.183505,-22.105672],[166.184759,-22.107691],[166.193062,-22.108768],[166.195591,-22.109484],[166.201203,-22.112088],[166.202458,-22.11464],[166.204652,-22.11548],[166.209087,-22.118106],[166.213487,-22.121916],[166.217676,-22.124407],[166.221517,-22.128836],[166.222128,-22.130954],[166.224878,-22.132124],[166.223726,-22.133651],[166.221457,-22.133731],[166.222252,-22.135812],[166.221576,-22.140501],[166.218784,-22.143412],[166.220163,-22.144125],[166.223299,-22.143905],[166.22995,-22.144678],[166.233974,-22.146717],[166.234544,-22.147687],[166.239483,-22.147906],[166.243134,-22.149145],[166.245865,-22.151973],[166.247264,-22.155061],[166.246873,-22.157642],[166.245584,-22.158971],[166.245863,-22.163831],[166.251974,-22.159897],[166.255135,-22.158524],[166.258655,-22.161119],[166.262143,-22.162073],[166.264273,-22.163268],[166.266762,-22.167498],[166.269057,-22.170008],[166.272256,-22.168467],[166.276418,-22.16814],[166.278046,-22.163952],[166.280077,-22.165447],[166.282189,-22.165734],[166.283941,-22.16795],[166.286957,-22.165485],[166.290623,-22.16445],[166.289304,-22.162916],[166.288882,-22.160587],[166.290597,-22.158416],[166.289226,-22.155907],[166.28774,-22.154962],[166.287233,-22.151957],[166.28563,-22.151516],[166.28341,-22.148539],[166.282524,-22.146283],[166.285538,-22.14512],[166.284207,-22.142676],[166.285754,-22.142302],[166.28884,-22.144913],[166.290697,-22.145634],[166.292891,-22.145316],[166.294331,-22.148692],[166.294411,-22.151592],[166.296281,-22.151929],[166.298115,-22.155034],[166.297925,-22.157575],[166.300986,-22.161168],[166.304945,-22.159803],[166.306791,-22.156262],[166.306479,-22.152692],[166.309338,-22.151349],[166.313375,-22.154244],[166.316914,-22.152186],[166.321534,-22.151885],[166.323501,-22.152638],[166.324139,-22.149167],[166.326936,-22.147813],[166.324319,-22.146411],[166.324123,-22.144961],[166.328074,-22.140418],[166.332027,-22.138171],[166.334112,-22.135563],[166.337416,-22.13512],[166.338378,-22.136591],[166.335315,-22.142131],[166.338706,-22.142791],[166.339623,-22.13951],[166.33965,-22.137114],[166.341336,-22.136152],[166.345794,-22.137045],[166.34746,-22.131887],[166.349002,-22.133637],[166.351528,-22.13198],[166.352708,-22.133901],[166.349815,-22.140405],[166.348887,-22.144511],[166.346327,-22.14632],[166.345902,-22.149632],[166.348797,-22.149621],[166.348921,-22.152996],[166.350701,-22.157579],[166.353639,-22.158246],[166.35439,-22.156434],[166.358898,-22.155033],[166.36228,-22.156719],[166.363134,-22.158616],[166.362257,-22.160558],[166.363402,-22.164091],[166.361999,-22.165849],[166.359371,-22.166388],[166.346933,-22.164107],[166.345416,-22.161968],[166.341371,-22.16035],[166.337538,-22.161315],[166.333631,-22.158548],[166.333378,-22.153951],[166.331576,-22.154542],[166.331824,-22.157062],[166.325386,-22.160299],[166.321523,-22.159136],[166.320444,-22.159866],[166.323789,-22.163451],[166.324711,-22.166192],[166.321893,-22.169822],[166.318908,-22.170134],[166.315306,-22.16861],[166.310122,-22.1681],[166.309485,-22.166979],[166.306884,-22.167215],[166.306162,-22.170411],[166.308558,-22.171554],[166.312242,-22.172243],[166.313257,-22.17445],[166.314916,-22.174595],[166.315765,-22.172808],[166.317283,-22.172456],[166.324667,-22.174534],[166.328883,-22.180345],[166.328701,-22.182417],[166.326598,-22.18424],[166.323107,-22.183147],[166.321062,-22.184076],[166.32061,-22.18542],[166.322213,-22.187174],[166.325902,-22.18824],[166.329868,-22.190078],[166.332456,-22.192717],[166.332075,-22.196235],[166.334119,-22.196952],[166.338991,-22.196605],[166.339739,-22.194341],[166.342994,-22.193009],[166.3451,-22.193207],[166.347259,-22.194857],[166.348159,-22.197601],[166.346436,-22.200076],[166.347435,-22.203074],[166.347539,-22.206468],[166.345906,-22.209185],[166.341935,-22.213273],[166.34051,-22.213593],[166.337981,-22.21226],[166.336614,-22.21319],[166.334244,-22.212381],[166.331973,-22.213933],[166.331334,-22.215737],[166.333367,-22.217131],[166.335186,-22.219432],[166.334628,-22.221289],[166.341545,-22.223963],[166.343778,-22.224482],[166.346022,-22.220802],[166.34981,-22.218594],[166.355073,-22.218395],[166.356524,-22.213835],[166.356896,-22.210472],[166.356193,-22.207524],[166.353012,-22.204706],[166.353942,-22.20204],[166.357787,-22.199794],[166.361856,-22.199751],[166.362866,-22.198257],[166.366399,-22.195936],[166.365889,-22.194003],[166.366836,-22.19128],[166.374211,-22.187001],[166.375301,-22.189376],[166.375757,-22.193321],[166.375069,-22.195599],[166.371968,-22.196298],[166.370964,-22.198148],[166.368952,-22.199501],[166.366526,-22.202268],[166.368404,-22.205202],[166.372272,-22.206427],[166.37374,-22.202859],[166.373889,-22.200753],[166.377957,-22.198805],[166.378608,-22.196132],[166.377546,-22.194184],[166.378893,-22.189896],[166.377283,-22.186554],[166.374972,-22.183815],[166.374006,-22.181134],[166.37232,-22.179591],[166.370285,-22.179051],[166.369406,-22.17642],[166.368194,-22.17675],[166.367008,-22.17157],[166.367307,-22.167824],[166.368912,-22.167321],[166.37262,-22.169458],[166.375483,-22.168195],[166.377005,-22.169925],[166.379936,-22.16884],[166.378878,-22.166439],[166.376301,-22.164033],[166.378075,-22.163084],[166.380236,-22.166165],[166.384922,-22.16816],[166.388986,-22.170382],[166.387495,-22.173063],[166.3935,-22.171562],[166.395778,-22.172667],[166.397011,-22.174175],[166.399023,-22.173831],[166.405012,-22.173895],[166.40666,-22.172939],[166.408677,-22.173768],[166.409159,-22.176782],[166.412917,-22.179005],[166.413664,-22.183807],[166.416148,-22.18248],[166.415484,-22.179428],[166.41672,-22.176571],[166.415668,-22.174915],[166.416679,-22.173265],[166.419775,-22.173451],[166.420201,-22.170672],[166.426002,-22.165912],[166.425954,-22.163722],[166.426919,-22.162481],[166.430991,-22.162559],[166.431448,-22.165195],[166.435321,-22.167553],[166.4397,-22.167346],[166.440955,-22.170142],[166.440136,-22.171391],[166.438356,-22.172582],[166.437092,-22.171129],[166.434681,-22.171156],[166.434402,-22.173398],[166.437791,-22.172429],[166.438147,-22.172688],[166.43898,-22.17238],[166.44061,-22.172807],[166.440821,-22.174716],[166.442196,-22.175294],[166.443399,-22.173578],[166.442536,-22.170033],[166.443649,-22.168034],[166.445181,-22.16187],[166.442752,-22.159477],[166.445944,-22.15637],[166.450014,-22.155443],[166.451372,-22.153575],[166.453011,-22.154338],[166.449384,-22.156431],[166.445581,-22.157298],[166.449439,-22.158648],[166.450079,-22.160102],[166.446268,-22.160894],[166.44543,-22.168741],[166.444797,-22.171685],[166.445152,-22.174102],[166.441899,-22.177091],[166.445834,-22.176515],[166.446923,-22.179719],[166.443963,-22.181813],[166.437359,-22.182114],[166.4354,-22.178209],[166.433135,-22.179824],[166.432849,-22.181573],[166.430708,-22.181542],[166.427287,-22.177817],[166.425601,-22.180894],[166.428034,-22.182196],[166.43072,-22.182571],[166.433137,-22.184111],[166.438086,-22.189667],[166.442053,-22.192483],[166.439422,-22.193679],[166.438113,-22.192247],[166.432787,-22.192814],[166.428475,-22.194681],[166.428043,-22.191892],[166.425815,-22.19162],[166.425059,-22.194345],[166.426368,-22.195851],[166.430618,-22.195927],[166.435329,-22.197077],[166.435438,-22.199338],[166.4371,-22.19959],[166.439404,-22.197596],[166.441229,-22.198976],[166.438822,-22.200911],[166.440988,-22.202864],[166.439524,-22.203974],[166.437962,-22.202903],[166.437197,-22.20519],[166.43202,-22.200586],[166.428404,-22.201304],[166.425865,-22.200219],[166.422053,-22.200551],[166.424766,-22.203377],[166.426773,-22.203359],[166.42989,-22.20569],[166.431034,-22.207218],[166.433151,-22.20798],[166.43509,-22.210038],[166.438564,-22.210714],[166.441362,-22.20869],[166.444047,-22.209228],[166.444501,-22.211339],[166.44741,-22.210429],[166.449368,-22.207709],[166.451161,-22.211779],[166.454227,-22.211388],[166.455446,-22.209631],[166.457402,-22.212106],[166.455421,-22.214721],[166.460426,-22.212649],[166.461832,-22.213323],[166.463957,-22.217503],[166.468347,-22.218256],[166.465473,-22.220809],[166.466627,-22.223264],[166.459649,-22.224619],[166.460619,-22.226273],[166.455918,-22.231172],[166.45733,-22.23448],[166.457057,-22.24164],[166.457336,-22.24363],[166.462349,-22.244121],[166.465768,-22.238394],[166.467305,-22.239483],[166.466365,-22.244697],[166.466403,-22.247103],[166.464041,-22.247735],[166.463561,-22.245398],[166.46157,-22.244435],[166.455459,-22.244497],[166.455413,-22.241953],[166.456459,-22.240774],[166.45694,-22.234861],[166.453922,-22.228129],[166.453816,-22.225118],[166.445182,-22.221578],[166.439403,-22.221838],[166.437937,-22.227961],[166.439177,-22.230652],[166.437744,-22.232393],[166.43646,-22.230766],[166.433478,-22.230168],[166.433156,-22.227651],[166.435154,-22.225494],[166.432946,-22.224335],[166.42929,-22.225379],[166.42994,-22.229963],[166.429664,-22.231271],[166.425727,-22.231451],[166.423492,-22.228707],[166.420974,-22.229925],[166.419963,-22.228029],[166.415207,-22.228393],[166.410671,-22.23278],[166.407395,-22.232648],[166.403987,-22.228155],[166.402623,-22.2274],[166.398948,-22.230591],[166.395521,-22.229289],[166.394052,-22.230681],[166.40016,-22.234775],[166.404387,-22.235681],[166.405913,-22.234295],[166.408443,-22.23543],[166.408943,-22.237037],[166.406589,-22.240287],[166.411539,-22.242591],[166.413095,-22.239456],[166.416085,-22.239278],[166.416426,-22.241083],[166.41558,-22.245319],[166.419232,-22.243709],[166.421617,-22.247111],[166.425544,-22.248022],[166.426801,-22.24643],[166.424769,-22.244642],[166.423918,-22.242568],[166.424446,-22.241222],[166.429163,-22.240387],[166.430345,-22.242066],[166.434501,-22.242821],[166.435345,-22.244736],[166.437488,-22.242994],[166.441193,-22.244296],[166.444081,-22.247192],[166.440772,-22.247795],[166.431686,-22.244669],[166.429294,-22.246114],[166.426528,-22.25042],[166.426105,-22.252502],[166.428615,-22.253741],[166.432907,-22.254621],[166.434441,-22.256902],[166.438603,-22.261807],[166.441647,-22.259631],[166.443289,-22.261818],[166.441368,-22.264601],[166.437545,-22.265438],[166.428947,-22.263368],[166.42558,-22.263642],[166.424748,-22.265929],[166.427217,-22.268365],[166.436945,-22.268373],[166.437629,-22.275855],[166.440888,-22.275577],[166.441035,-22.277174],[166.438221,-22.278753],[166.435046,-22.279781],[166.432508,-22.282768],[166.433922,-22.284009],[166.435487,-22.282761],[166.440682,-22.284505],[166.442995,-22.284679],[166.444421,-22.285851],[166.444066,-22.288241],[166.442663,-22.289599],[166.440611,-22.288935],[166.43925,-22.289969],[166.436852,-22.28999],[166.438843,-22.292537],[166.43792,-22.294127],[166.435984,-22.292395],[166.432345,-22.292947],[166.43236,-22.294611],[166.435496,-22.294732],[166.438022,-22.29701],[166.438134,-22.300133],[166.437144,-22.301582],[166.435163,-22.301776],[166.434615,-22.303629],[166.441002,-22.30268],[166.445608,-22.303436],[166.447231,-22.304586],[166.448472,-22.308455],[166.448921,-22.31149],[166.4513,-22.311189],[166.454652,-22.311993],[166.458452,-22.310669],[166.46092,-22.307034],[166.458092,-22.303257],[166.45751,-22.301014],[166.459054,-22.298004],[166.458516,-22.295523],[166.459513,-22.29228],[166.459254,-22.288982],[166.457591,-22.286352],[166.459165,-22.284604],[166.458226,-22.281737],[166.459578,-22.279892],[166.462615,-22.27931],[166.468216,-22.280874],[166.469206,-22.279707],[166.469158,-22.276495],[166.470912,-22.272893],[166.47304,-22.273245],[166.473001,-22.276254],[166.47182,-22.278257],[166.47464,-22.279636],[166.471886,-22.280695],[166.470483,-22.282507],[166.468906,-22.281672],[166.466563,-22.283049],[166.466186,-22.28577],[166.468341,-22.286156],[166.471546,-22.283618],[166.474381,-22.282352],[166.477315,-22.279874],[166.479354,-22.280616],[166.478804,-22.283389],[166.481337,-22.28337],[166.47838,-22.277957],[166.479458,-22.277103],[166.478866,-22.274052],[166.475606,-22.271101],[166.475442,-22.268659],[166.473771,-22.268916],[166.47197,-22.267313],[166.472545,-22.264679],[166.473983,-22.264309],[166.473981,-22.261597],[166.47586,-22.259023],[166.473476,-22.25607],[166.473395,-22.25109],[166.476942,-22.251775],[166.476598,-22.253746],[166.474186,-22.255362],[166.476027,-22.258905],[166.478814,-22.25741],[166.47809,-22.25341],[166.480735,-22.252682],[166.483103,-22.254464],[166.481061,-22.25562],[166.48396,-22.25833],[166.487968,-22.253882],[166.490591,-22.259799],[166.491499,-22.258012],[166.493477,-22.256808],[166.490324,-22.255375],[166.493865,-22.254215],[166.493211,-22.252462],[166.489606,-22.252057],[166.49066,-22.249717],[166.488954,-22.248986],[166.486615,-22.246258],[166.490307,-22.242716],[166.489587,-22.241878],[166.486212,-22.243167],[166.484487,-22.242359],[166.489133,-22.239236],[166.48855,-22.237951],[166.485943,-22.23753],[166.48778,-22.235221],[166.490807,-22.237407],[166.490278,-22.23911],[166.492716,-22.240371],[166.49658,-22.238777],[166.502233,-22.241092],[166.503254,-22.238807],[166.501413,-22.238316],[166.498501,-22.235803],[166.496829,-22.233644],[166.492927,-22.231744],[166.494133,-22.229701],[166.494404,-22.226995],[166.492308,-22.226703],[166.493897,-22.223704],[166.495753,-22.223223],[166.497373,-22.225833],[166.502914,-22.228527],[166.506839,-22.225575],[166.507237,-22.22772],[166.505654,-22.229197],[166.505766,-22.23228],[166.508191,-22.233319],[166.511747,-22.230227],[166.513341,-22.228161],[166.515569,-22.228307],[166.517987,-22.229518],[166.521158,-22.228918],[166.524285,-22.230805],[166.524025,-22.232843],[166.52623,-22.233927],[166.52671,-22.236641],[166.528614,-22.238007],[166.52928,-22.239885],[166.531692,-22.233564],[166.529494,-22.231538],[166.531197,-22.23016],[166.532971,-22.230636],[166.533363,-22.232349],[166.536109,-22.229819],[166.53688,-22.231387],[166.532889,-22.234955],[166.532235,-22.237082],[166.53869,-22.238246],[166.54011,-22.239679],[166.544426,-22.23429],[166.546053,-22.23632],[166.545184,-22.239631],[166.543855,-22.239579],[166.541541,-22.241702],[166.545219,-22.241624],[166.546529,-22.240003],[166.546738,-22.237923],[166.550084,-22.236585],[166.549562,-22.233877],[166.552146,-22.231027],[166.55261,-22.233742],[166.555291,-22.234401],[166.560196,-22.23139],[166.562856,-22.231494],[166.564473,-22.233731],[166.561129,-22.234917],[166.565898,-22.236178],[166.566654,-22.238316],[166.563375,-22.238904],[166.566209,-22.24219],[166.567135,-22.241818],[166.570506,-22.23778],[166.573623,-22.236763],[166.571464,-22.241084],[166.57367,-22.24128],[166.572968,-22.243571],[166.570772,-22.244501],[166.568822,-22.244023],[166.567292,-22.245952],[166.566483,-22.248458],[166.567113,-22.249737],[166.565135,-22.251975],[166.562079,-22.253557],[166.561116,-22.255664],[166.56183,-22.257819],[166.559443,-22.258879],[166.559221,-22.256155],[166.55591,-22.25585],[166.554663,-22.25691],[166.557216,-22.26062],[166.562037,-22.262404],[166.562414,-22.266873],[166.557578,-22.264447],[166.55707,-22.269485],[166.555864,-22.271107],[166.564104,-22.270632],[166.568889,-22.272095],[166.571583,-22.273664],[166.571539,-22.275754],[166.573254,-22.278124],[166.575123,-22.278585],[166.578892,-22.281905],[166.581792,-22.282959],[166.585595,-22.285126],[166.587472,-22.287845],[166.587677,-22.289514],[166.590678,-22.292518],[166.592751,-22.292757],[166.598938,-22.292084],[166.599601,-22.292791],[166.605219,-22.29138],[166.608308,-22.290141],[166.609723,-22.290505],[166.612494,-22.28886],[166.618406,-22.287109],[166.622833,-22.284141],[166.622804,-22.279562],[166.623247,-22.276905],[166.626632,-22.274661],[166.631664,-22.27438],[166.63411,-22.27705],[166.638317,-22.278549],[166.640269,-22.282541],[166.645331,-22.285063],[166.646785,-22.286697],[166.646622,-22.288241],[166.648111,-22.289251],[166.649526,-22.291772],[166.650263,-22.2946],[166.652939,-22.296498],[166.654336,-22.29598],[166.658937,-22.296138],[166.664241,-22.297284],[166.666048,-22.298775],[166.669662,-22.304007],[166.671638,-22.305717],[166.676792,-22.30714],[166.680576,-22.306659],[166.68294,-22.30838],[166.684611,-22.307261],[166.684241,-22.312836],[166.683323,-22.316927],[166.682262,-22.318408],[166.684452,-22.322521],[166.687367,-22.322551],[166.690522,-22.323812],[166.694649,-22.324442],[166.696555,-22.322087],[166.695555,-22.321184],[166.698283,-22.314762],[166.698349,-22.313219],[166.700289,-22.31046],[166.702857,-22.309411],[166.705216,-22.310081],[166.707182,-22.31151],[166.704959,-22.318107],[166.703815,-22.319962],[166.704208,-22.322014],[166.703854,-22.325826],[166.702949,-22.32702],[166.701694,-22.331673],[166.700372,-22.334061],[166.700787,-22.335233],[166.706793,-22.337611],[166.707894,-22.33877],[166.712893,-22.33993],[166.715393,-22.340988],[166.721277,-22.342098],[166.723776,-22.343972],[166.726508,-22.344578],[166.73271,-22.344428],[166.73875,-22.341558],[166.740243,-22.341682],[166.748105,-22.339837],[166.751709,-22.340589],[166.754042,-22.342574],[166.756215,-22.340876],[166.758096,-22.34278],[166.758001,-22.347898],[166.752606,-22.348515],[166.750976,-22.348063],[166.747921,-22.349577],[166.746283,-22.34879],[166.744575,-22.349913],[166.74187,-22.354335],[166.739053,-22.355553],[166.737245,-22.358205],[166.734354,-22.359785],[166.730315,-22.36393],[166.730596,-22.368056],[166.729322,-22.372588],[166.730878,-22.374663],[166.7334,-22.376083],[166.737032,-22.379478],[166.742831,-22.382316],[166.746023,-22.382773],[166.750606,-22.382117],[166.75684,-22.383389],[166.762647,-22.385421],[166.766691,-22.385688],[166.769214,-22.387068],[166.771663,-22.391004],[166.772769,-22.39065],[166.781857,-22.39085],[166.786131,-22.389419],[166.788623,-22.38686],[166.794794,-22.384934],[166.798127,-22.382754],[166.797574,-22.3776],[166.798889,-22.376036],[166.801183,-22.377303],[166.804151,-22.374636],[166.808288,-22.372708],[166.814765,-22.372646],[166.817793,-22.374918],[166.822797,-22.376161],[166.827149,-22.37996],[166.82682,-22.382287],[166.830708,-22.383348],[166.830281,-22.385789],[166.834256,-22.387894],[166.838169,-22.387422],[166.842412,-22.387415],[166.843746,-22.385044],[166.841775,-22.381327],[166.841906,-22.379074],[166.838338,-22.375821],[166.834216,-22.374405],[166.831861,-22.371476],[166.830933,-22.369244],[166.830785,-22.365676],[166.833009,-22.363593],[166.831947,-22.362699],[166.829589,-22.363101],[166.826782,-22.360789],[166.824113,-22.361214],[166.821569,-22.359027],[166.820035,-22.361379],[166.816328,-22.361716],[166.814516,-22.361031],[166.810623,-22.361001],[166.809231,-22.358525],[166.811193,-22.356668],[166.81419,-22.357087],[166.816955,-22.354304],[166.815697,-22.351083],[166.811113,-22.347042],[166.812987,-22.344332],[166.818478,-22.34483],[166.820493,-22.345805],[166.821676,-22.343545],[166.825421,-22.339519],[166.825268,-22.337463],[166.827557,-22.335421],[166.826941,-22.334151],[166.82436,-22.334426],[166.820661,-22.333376],[166.820776,-22.328805],[166.822604,-22.328238],[166.823656,-22.326031],[166.826037,-22.325563],[166.82772,-22.324264],[166.825886,-22.32196],[166.825813,-22.319724],[166.827896,-22.319739],[166.831421,-22.317869],[166.833559,-22.315147],[166.835596,-22.313845],[166.834905,-22.312533],[166.835874,-22.310241],[166.83743,-22.30903],[166.843951,-22.310693],[166.846772,-22.30888],[166.845455,-22.306958],[166.843652,-22.306655],[166.842288,-22.303993],[166.840563,-22.306198],[166.838809,-22.306406],[166.837362,-22.30425],[166.839243,-22.303918],[166.839985,-22.30243],[166.842009,-22.301386],[166.844177,-22.302165],[166.845372,-22.304127],[166.84785,-22.30343],[166.850292,-22.304837],[166.852174,-22.304047],[166.85441,-22.300694],[166.860231,-22.301635],[166.861267,-22.30323],[166.857489,-22.303639],[166.855288,-22.305034],[166.853006,-22.307842],[166.849869,-22.30962],[166.850495,-22.310841],[166.848519,-22.314058],[166.843851,-22.314788],[166.841609,-22.313788],[166.839876,-22.314251],[166.841118,-22.316778],[166.841452,-22.320523],[166.840537,-22.321303],[166.841306,-22.325406],[166.84259,-22.326761],[166.842062,-22.329049],[166.843989,-22.330386],[166.844775,-22.332321],[166.846792,-22.331856],[166.847395,-22.333799],[166.85137,-22.334036],[166.852539,-22.336148],[166.850435,-22.338131],[166.851007,-22.340618],[166.850655,-22.344122],[166.852119,-22.347402],[166.852204,-22.350396],[166.853918,-22.350385],[166.857114,-22.348697],[166.860835,-22.348466],[166.865372,-22.34733],[166.86563,-22.344505],[166.862641,-22.342101],[166.862544,-22.340645],[166.857671,-22.336085],[166.855712,-22.332622],[166.857932,-22.328966],[166.858635,-22.325993],[166.858368,-22.322722],[166.862407,-22.320849],[166.864221,-22.322111],[166.865462,-22.32488],[166.869776,-22.32528],[166.870832,-22.323084],[166.873884,-22.320469],[166.87714,-22.320291],[166.876777,-22.325902],[166.877919,-22.328562],[166.876665,-22.33054],[166.879231,-22.332777],[166.879259,-22.334432],[166.877595,-22.335625],[166.876978,-22.338067],[166.878428,-22.340781],[166.882688,-22.34162],[166.884375,-22.344262],[166.889556,-22.347474],[166.89105,-22.351156],[166.89125,-22.353057],[166.8975,-22.356529],[166.896706,-22.358017],[166.900849,-22.359946],[166.902058,-22.362865],[166.900375,-22.36518],[166.896616,-22.364518],[166.893587,-22.364799],[166.891517,-22.367222],[166.890252,-22.367597],[166.887997,-22.371556],[166.888303,-22.374931],[166.890686,-22.375037],[166.896207,-22.372715],[166.897469,-22.373812],[166.901172,-22.372883],[166.903304,-22.373703],[166.905867,-22.373299],[166.910549,-22.374525],[166.911557,-22.371693],[166.912886,-22.370867],[166.91524,-22.37204],[166.91591,-22.37413],[166.9184,-22.373499],[166.919612,-22.375799],[166.921289,-22.377117],[166.920891,-22.378715],[166.916118,-22.377599],[166.913389,-22.379178],[166.916063,-22.38229],[166.912822,-22.383157],[166.91092,-22.381819],[166.908663,-22.381949],[166.907647,-22.384189],[166.908777,-22.385335],[166.904781,-22.386069],[166.901242,-22.383694],[166.897243,-22.386564],[166.894972,-22.385434],[166.893376,-22.38565],[166.892387,-22.388632],[166.896783,-22.390245],[166.897031,-22.39164],[166.900716,-22.391956],[166.902799,-22.393341],[166.906553,-22.394563],[166.90758,-22.393558],[166.917228,-22.394846],[166.91963,-22.394381],[166.923796,-22.395541],[166.925294,-22.395122],[166.929588,-22.38996],[166.932917,-22.387045],[166.935467,-22.386243],[166.93713,-22.38259],[166.939431,-22.380902],[166.941789,-22.375957],[166.944919,-22.37458],[166.948417,-22.370996],[166.95095,-22.370649],[166.9514,-22.369135],[166.953713,-22.36659],[166.958564,-22.363582],[166.961696,-22.362702],[166.961188,-22.36067],[166.9592,-22.358552],[166.956935,-22.358421],[166.95617,-22.357135],[166.951865,-22.354925],[166.952311,-22.351664],[166.954835,-22.347808],[166.95721,-22.347081],[166.95778,-22.344455],[166.95572,-22.342228],[166.958195,-22.340743],[166.961998,-22.339478],[166.961233,-22.343219],[166.963236,-22.34558],[166.963879,-22.347649],[166.970902,-22.349735],[166.972772,-22.351049],[166.974252,-22.353194],[166.975802,-22.351927],[166.976116,-22.349438],[166.978683,-22.342895],[166.978774,-22.338088],[166.981813,-22.33584],[166.984159,-22.335579],[166.986821,-22.336736],[166.987244,-22.33786],[166.985963,-22.34015],[166.989372,-22.342945],[166.99086,-22.340831],[166.992757,-22.34054],[166.994123,-22.341543],[166.996536,-22.341661],[166.997297,-22.339319],[167.001733,-22.338643],[167.003602,-22.335106],[167.003473,-22.33276],[167.002371,-22.331467],[167.00394,-22.329074],[167.007191,-22.327711],[167.007763,-22.325353],[167.007137,-22.323689],[167.007854,-22.321991],[167.009809,-22.321564],[167.012435,-22.318181],[167.009512,-22.310538],[167.010604,-22.30467],[167.01357,-22.298716],[167.01394,-22.294867],[167.015647,-22.289733],[167.01807,-22.286506],[167.018552,-22.284809],[167.02231,-22.279704],[167.023344,-22.277212],[167.021432,-22.274168],[167.021613,-22.272701],[167.019806,-22.268623],[167.019767,-22.265454],[167.015113,-22.262021],[167.012786,-22.261106],[167.009928,-22.261393],[167.007295,-22.258595],[167.009112,-22.257822],[167.009711,-22.25986],[167.01265,-22.259357],[167.013089,-22.254547],[167.01198,-22.252504],[167.012442,-22.248445],[167.011839,-22.245182],[167.012749,-22.243084],[167.011847,-22.240296],[167.01255,-22.238853],[167.01142,-22.234317],[167.008266,-22.230441],[167.005616,-22.228107],[167.004676,-22.226125],[167.000303,-22.220936],[166.998978,-22.21766],[166.996384,-22.213371],[166.994999,-22.213123],[166.993318,-22.210822],[166.992764,-22.208413],[166.991254,-22.20718],[166.98938,-22.198872],[166.986943,-22.200022],[166.98425,-22.198626],[166.982113,-22.194959],[166.977978,-22.190202],[166.977492,-22.188112],[166.973493,-22.183493],[166.972822,-22.181955],[166.973046,-22.179385],[166.970413,-22.174507],[166.966642,-22.173195],[166.966649,-22.172219],[166.963148,-22.168639],[166.96028,-22.168869],[166.956528,-22.161977],[166.953233,-22.159709],[166.952834,-22.157248],[166.950474,-22.155793],[166.949305,-22.157427],[166.947718,-22.156328],[166.944541,-22.157669],[166.9419,-22.156908],[166.939146,-22.157521],[166.93581,-22.15608],[166.932298,-22.156668],[166.928143,-22.156274],[166.925992,-22.154635],[166.921895,-22.154963],[166.919817,-22.156833],[166.916169,-22.156839],[166.912865,-22.154892],[166.912356,-22.151942],[166.915521,-22.154955],[166.918677,-22.155183],[166.921023,-22.153102],[166.923477,-22.152316],[166.926292,-22.152347],[166.930188,-22.153664],[166.935498,-22.14963],[166.93778,-22.149326],[166.942177,-22.146326],[166.943248,-22.148116],[166.944854,-22.147466],[166.946583,-22.148474],[166.947704,-22.142196],[166.946486,-22.141092],[166.946097,-22.138282],[166.947836,-22.133266],[166.945914,-22.131604],[166.945513,-22.128479],[166.946504,-22.12685],[166.945288,-22.125745],[166.945429,-22.121864],[166.94764,-22.11891],[166.951513,-22.118454],[166.949081,-22.110457],[166.948336,-22.10953],[166.947847,-22.104162],[166.946092,-22.104423],[166.947749,-22.100362],[166.94659,-22.098054],[166.942643,-22.093755],[166.941433,-22.094175],[166.936225,-22.09294],[166.933316,-22.088466],[166.932004,-22.082952],[166.92766,-22.082449],[166.925405,-22.080817],[166.921692,-22.07951],[166.919715,-22.077366],[166.916824,-22.075617],[166.916116,-22.074109],[166.912182,-22.071621],[166.909373,-22.07084],[166.907292,-22.068691],[166.906443,-22.066655],[166.902962,-22.062942],[166.903244,-22.060462],[166.899872,-22.058929],[166.893352,-22.054703],[166.891191,-22.052918],[166.890867,-22.051349],[166.888523,-22.048067],[166.887203,-22.048165],[166.886947,-22.05047],[166.882423,-22.048506],[166.878768,-22.044428],[166.8762,-22.044073],[166.874238,-22.042666],[166.871148,-22.037899],[166.86924,-22.03857],[166.866608,-22.036776],[166.862536,-22.0348],[166.861551,-22.032751],[166.858381,-22.032287],[166.856579,-22.030982],[166.856864,-22.028977],[166.853579,-22.028998],[166.851187,-22.030639],[166.845469,-22.029839],[166.84072,-22.02806],[166.838995,-22.026897],[166.835698,-22.026411],[166.82644,-22.026194],[166.823579,-22.026484],[166.820307,-22.025818],[166.81746,-22.024172],[166.812293,-22.020344],[166.805107,-22.018436],[166.802988,-22.018736],[166.800248,-22.017265],[166.797455,-22.016997],[166.791471,-22.015177],[166.777588,-22.015701],[166.774095,-22.011874],[166.769245,-22.010358],[166.764814,-22.011117],[166.763889,-22.012359],[166.758606,-22.013745],[166.757074,-22.017834],[166.754083,-22.020985],[166.753885,-22.017226],[166.756438,-22.013028],[166.755776,-22.010211],[166.758218,-22.009727],[166.758661,-22.007671],[166.757087,-22.005304],[166.759033,-22.003259],[166.759118,-22.001544],[166.757702,-22.000247],[166.75769,-21.998652],[166.759702,-21.995493],[166.758648,-21.992425],[166.76105,-21.988472],[166.759782,-21.9851],[166.754522,-21.987147],[166.755544,-21.990033],[166.754359,-21.991438],[166.750078,-21.991442],[166.747117,-21.989466],[166.741346,-21.986905],[166.739062,-21.98659],[166.735448,-21.984785],[166.733596,-21.985516],[166.731328,-21.983857],[166.729294,-21.983269],[166.726359,-21.980844],[166.720924,-21.981795],[166.7168,-21.981084],[166.714954,-21.981779],[166.710833,-21.980266],[166.707184,-21.98231],[166.704238,-21.982488],[166.702513,-21.9812],[166.700782,-21.981431],[166.700071,-21.983007],[166.697907,-21.984226],[166.695932,-21.983997],[166.695217,-21.985388],[166.69249,-21.985453],[166.689746,-21.987628],[166.687344,-21.986452],[166.68658,-21.984994],[166.683454,-21.98297],[166.680907,-21.982169],[166.682714,-21.978716],[166.682227,-21.977295],[166.678965,-21.978847],[166.677512,-21.981206],[166.676332,-21.978584],[166.6747,-21.978851],[166.677004,-21.974387],[166.673661,-21.970794],[166.675547,-21.9696],[166.676094,-21.967528],[166.678956,-21.967357],[166.677539,-21.970827],[166.679281,-21.973792],[166.68183,-21.973328],[166.683409,-21.97494],[166.683614,-21.977313],[166.687541,-21.976505],[166.690849,-21.978037],[166.692836,-21.977168],[166.692512,-21.974332],[166.694794,-21.97201],[166.697303,-21.967347],[166.699474,-21.967144],[166.698851,-21.96498],[166.696967,-21.963489],[166.69892,-21.962169],[166.700805,-21.962857],[166.703719,-21.96233],[166.704028,-21.963966],[166.706848,-21.964641],[166.708736,-21.961444],[166.71565,-21.963842],[166.716932,-21.961577],[166.71901,-21.959902],[166.719307,-21.958146],[166.715127,-21.954992],[166.713874,-21.9524],[166.709271,-21.949128],[166.705516,-21.945759],[166.70278,-21.944609],[166.699943,-21.941803],[166.696808,-21.940471],[166.693737,-21.939992],[166.689212,-21.938048],[166.685688,-21.935342],[166.684363,-21.931082],[166.681849,-21.929331],[166.679783,-21.927048],[166.674598,-21.923648],[166.670206,-21.922874],[166.669268,-21.925411],[166.666994,-21.928968],[166.66839,-21.929621],[166.669637,-21.932569],[166.668685,-21.934535],[166.671235,-21.937218],[166.671216,-21.938848],[166.673609,-21.941013],[166.672674,-21.942767],[166.67024,-21.943898],[166.667948,-21.943944],[166.666899,-21.942908],[166.663241,-21.942594],[166.656347,-21.937043],[166.654477,-21.938882],[166.653094,-21.937079],[166.647767,-21.935111],[166.645725,-21.93547],[166.643167,-21.93438],[166.63954,-21.931139],[166.640391,-21.92765],[166.643838,-21.92484],[166.642089,-21.923603],[166.633809,-21.920782],[166.631076,-21.920352],[166.628932,-21.919029],[166.627066,-21.919633],[166.625923,-21.921256],[166.623464,-21.921654],[166.621373,-21.920948],[166.61836,-21.917949],[166.61681,-21.915344],[166.617339,-21.913461],[166.615475,-21.908999],[166.616091,-21.906596],[166.620727,-21.903405],[166.622863,-21.903513],[166.625174,-21.902037],[166.623026,-21.900813],[166.620733,-21.901296],[166.61772,-21.903556],[166.617645,-21.904719],[166.614993,-21.905423],[166.614279,-21.903621],[166.608659,-21.900768],[166.605316,-21.899488],[166.601636,-21.896895],[166.597509,-21.8922],[166.592876,-21.888315],[166.58696,-21.887097],[166.581669,-21.885529],[166.579654,-21.883033],[166.5771,-21.880862],[166.571924,-21.878839],[166.568701,-21.876718],[166.563994,-21.87701],[166.56303,-21.875749],[166.562915,-21.873349],[166.56187,-21.871086],[166.559915,-21.863793],[166.556185,-21.857129],[166.55412,-21.850972],[166.551967,-21.848484],[166.551995,-21.847398],[166.549222,-21.84588],[166.546343,-21.843563],[166.542819,-21.838466],[166.53958,-21.835888],[166.538162,-21.835565],[166.53072,-21.829212],[166.528989,-21.828911],[166.527471,-21.826868],[166.527127,-21.823216],[166.523587,-21.819475],[166.518966,-21.819759],[166.515805,-21.817347],[166.513137,-21.816519],[166.508378,-21.815938],[166.507702,-21.813552],[166.504424,-21.814555],[166.501311,-21.813573],[166.499559,-21.810464],[166.50386,-21.81182],[166.509953,-21.809641],[166.510152,-21.806488],[166.505309,-21.806207],[166.499287,-21.801845],[166.495313,-21.796839],[166.492813,-21.795755],[166.487052,-21.794089],[166.484919,-21.792162],[166.482877,-21.792754],[166.481806,-21.791149],[166.481455,-21.787757],[166.479735,-21.785221],[166.476098,-21.782785],[166.475123,-21.780425],[166.473507,-21.780532],[166.471101,-21.778129],[166.468343,-21.773954],[166.46639,-21.773347],[166.463982,-21.77688],[166.460222,-21.77745],[166.457918,-21.775203],[166.456463,-21.774854],[166.44666,-21.775243],[166.446594,-21.773889],[166.44999,-21.773933],[166.453054,-21.77326],[166.457803,-21.773668],[166.460254,-21.775794],[166.461962,-21.776349],[166.463974,-21.775525],[166.465062,-21.770838],[166.46904,-21.771376],[166.472235,-21.770927],[166.473961,-21.768317],[166.472989,-21.765389],[166.47487,-21.761407],[166.474639,-21.760068],[166.471996,-21.758784],[166.470836,-21.755576],[166.4676,-21.752931],[166.465152,-21.749091],[166.461005,-21.746456],[166.45842,-21.74384],[166.454128,-21.741741],[166.452884,-21.73993],[166.448236,-21.735858],[166.446164,-21.734953],[166.444189,-21.732606],[166.441245,-21.731354],[166.435785,-21.73098],[166.43163,-21.728996],[166.429817,-21.730022],[166.426933,-21.728354],[166.42736,-21.723722],[166.425451,-21.722452],[166.423433,-21.724448],[166.420479,-21.725271],[166.417477,-21.725186],[166.412713,-21.723652],[166.410072,-21.720872],[166.410888,-21.719958],[166.41367,-21.722802],[166.418052,-21.723696],[166.420175,-21.723543],[166.421474,-21.721582],[166.425396,-21.720636],[166.423985,-21.717759],[166.419843,-21.712595],[166.412519,-21.705476],[166.41108,-21.701682],[166.40966,-21.699844],[166.408018,-21.700738],[166.405809,-21.703272],[166.40317,-21.705055],[166.400997,-21.705695],[166.396683,-21.705566],[166.390376,-21.704059],[166.385713,-21.701349],[166.379636,-21.7016],[166.376732,-21.700741],[166.375043,-21.701154],[166.371335,-21.697902],[166.369923,-21.697438],[166.367324,-21.694731],[166.365801,-21.694364],[166.36366,-21.691443],[166.361814,-21.690082],[166.359061,-21.689569],[166.352852,-21.6859],[166.351136,-21.686225],[166.348909,-21.683967],[166.345862,-21.684946],[166.345125,-21.682975],[166.342008,-21.679837],[166.341408,-21.677557],[166.342199,-21.675035],[166.340925,-21.673841],[166.337559,-21.674271],[166.334926,-21.669847],[166.334395,-21.666055],[166.331751,-21.664761],[166.32857,-21.66196],[166.329862,-21.657536],[166.331433,-21.65584],[166.334292,-21.657595],[166.336262,-21.657533],[166.338921,-21.6599],[166.340709,-21.659788],[166.342545,-21.662181],[166.345434,-21.662725],[166.348296,-21.664752],[166.351385,-21.660786],[166.354476,-21.662208],[166.356241,-21.661583],[166.359085,-21.662446],[166.359548,-21.660542],[166.358829,-21.656216],[166.35638,-21.653516],[166.354224,-21.652255],[166.3516,-21.652198],[166.350037,-21.649969],[166.345073,-21.651465],[166.343833,-21.651245],[166.342123,-21.648753],[166.338954,-21.646212],[166.337499,-21.644206],[166.332952,-21.643917],[166.329693,-21.64079],[166.327457,-21.641312],[166.327718,-21.643388],[166.325433,-21.647096],[166.32383,-21.648664],[166.318789,-21.646732],[166.315508,-21.646575],[166.313565,-21.645165],[166.312114,-21.645909],[166.307715,-21.644921],[166.306693,-21.64376],[166.304058,-21.643782],[166.301307,-21.639144],[166.299233,-21.638047],[166.295963,-21.639838],[166.290237,-21.637696],[166.287299,-21.635453],[166.285137,-21.635791],[166.283572,-21.634253],[166.283447,-21.63235],[166.279487,-21.630783],[166.275141,-21.628043],[166.27345,-21.627888],[166.271719,-21.625691],[166.263324,-21.623527],[166.255181,-21.617364],[166.249433,-21.615565],[166.247603,-21.614396],[166.244684,-21.614707],[166.239074,-21.614138],[166.2355,-21.610943],[166.234347,-21.607999],[166.234883,-21.60636],[166.232127,-21.603947],[166.230454,-21.60607],[166.228373,-21.604318],[166.225297,-21.607869],[166.220134,-21.609848],[166.217891,-21.609958],[166.216911,-21.608052],[166.216946,-21.607512],[166.217431,-21.606701],[166.218401,-21.606009],[166.219395,-21.60423],[166.219566,-21.601863],[166.217875,-21.600814],[166.216736,-21.599781],[166.215698,-21.598427],[166.215415,-21.597824],[166.214912,-21.59609],[166.213717,-21.596224],[166.213277,-21.596163],[166.212604,-21.595723],[166.211456,-21.594598],[166.210834,-21.593415],[166.209757,-21.593806],[166.209326,-21.593736],[166.209021,-21.593265],[166.207496,-21.591625],[166.208895,-21.589702],[166.20826,-21.587838],[166.204726,-21.584492],[166.197421,-21.576012],[166.194314,-21.574511],[166.192554,-21.575085],[166.189545,-21.57228],[166.184986,-21.573138],[166.181879,-21.571597],[166.179879,-21.567656],[166.178029,-21.566278],[166.172583,-21.565828],[166.170393,-21.563258],[166.169438,-21.561081],[166.167107,-21.559594],[166.163994,-21.556236],[166.16119,-21.551543],[166.154238,-21.546773],[166.153096,-21.545319],[166.149682,-21.543966],[166.148693,-21.542346],[166.143929,-21.540439],[166.141594,-21.537706],[166.137024,-21.534953],[166.134017,-21.531824],[166.131161,-21.530273],[166.129941,-21.527297],[166.127323,-21.523319],[166.127,-21.520704],[166.12327,-21.519174],[166.120053,-21.515055],[166.11801,-21.514326],[166.114341,-21.51416],[166.109379,-21.516115],[166.105828,-21.516806],[166.100327,-21.515806],[166.097253,-21.512996],[166.091231,-21.51283],[166.088566,-21.513946],[166.090235,-21.519201],[166.089475,-21.523755],[166.086184,-21.526457],[166.085097,-21.529179],[166.08331,-21.530326],[166.079287,-21.53063],[166.076556,-21.53003],[166.070173,-21.533181],[166.068169,-21.530918],[166.066035,-21.530319],[166.06236,-21.53108],[166.059849,-21.529176],[166.056661,-21.52826],[166.053684,-21.530463],[166.052055,-21.535278],[166.050273,-21.533924],[166.050054,-21.529937],[166.051959,-21.529742],[166.05356,-21.527743],[166.057036,-21.527204],[166.061442,-21.528106],[166.067568,-21.527351],[166.070335,-21.525571],[166.068232,-21.522234],[166.068984,-21.520921],[166.071952,-21.519707],[166.070199,-21.517331],[166.070272,-21.515371],[166.066617,-21.514013],[166.066339,-21.510963],[166.064143,-21.510101],[166.062596,-21.508356],[166.062139,-21.505946],[166.062923,-21.50394],[166.065575,-21.502086],[166.063581,-21.500456],[166.064464,-21.497456],[166.066377,-21.496322],[166.067067,-21.493672],[166.064621,-21.492784],[166.063767,-21.49361],[166.060965,-21.493625],[166.059146,-21.492114],[166.059263,-21.488861],[166.057332,-21.487217],[166.053551,-21.486994],[166.051304,-21.485689],[166.045481,-21.487336],[166.043501,-21.488561],[166.04056,-21.486562],[166.039496,-21.484013],[166.040287,-21.480016],[166.044503,-21.476396],[166.047032,-21.47673],[166.051528,-21.473381],[166.053453,-21.473871],[166.05533,-21.470521],[166.058236,-21.467738],[166.058436,-21.465408],[166.054881,-21.466446],[166.051196,-21.466017],[166.048902,-21.46449],[166.048233,-21.462803],[166.046108,-21.461348],[166.043912,-21.463665],[166.040865,-21.464253],[166.039159,-21.466698],[166.037458,-21.467062],[166.034843,-21.466146],[166.033701,-21.464107],[166.034931,-21.459749],[166.032175,-21.46088],[166.029913,-21.460245],[166.028959,-21.456893],[166.027964,-21.456709],[166.022771,-21.45983],[166.019379,-21.457264],[166.019428,-21.45481],[166.021317,-21.450511],[166.019895,-21.450637],[166.017845,-21.453604],[166.016253,-21.454194],[166.011562,-21.453235],[166.00905,-21.451001],[166.006649,-21.447242],[166.006138,-21.444612],[166.007108,-21.442005],[166.006482,-21.440386],[166.003634,-21.44087],[166.000988,-21.442049],[165.997619,-21.441191],[165.995556,-21.43864],[165.994673,-21.436181],[165.992522,-21.436022],[165.990653,-21.434779],[165.989995,-21.432709],[165.990406,-21.430736],[165.992669,-21.428041],[165.991391,-21.426855],[165.984533,-21.427051],[165.982231,-21.423614],[165.982071,-21.422451],[165.979158,-21.41848],[165.976666,-21.416631],[165.975872,-21.414874],[165.976195,-21.412764],[165.974551,-21.410937],[165.969741,-21.410002],[165.967652,-21.409048],[165.963348,-21.405917],[165.960293,-21.404643],[165.957507,-21.405164],[165.957193,-21.40717],[165.954127,-21.408753],[165.953213,-21.413918],[165.95413,-21.418431],[165.957197,-21.423629],[165.957342,-21.427489],[165.961529,-21.427393],[165.962904,-21.428779],[165.962441,-21.433411],[165.965321,-21.435589],[165.965736,-21.438395],[165.967588,-21.44065],[165.967086,-21.444824],[165.968014,-21.446332],[165.966537,-21.450758],[165.963912,-21.455291],[165.967592,-21.45514],[165.97293,-21.456468],[165.973333,-21.458311],[165.971749,-21.459816],[165.969481,-21.464457],[165.972838,-21.465443],[165.975342,-21.461809],[165.979732,-21.462256],[165.981913,-21.46405],[165.983819,-21.464051],[165.987956,-21.466957],[165.986889,-21.47058],[165.983028,-21.472429],[165.97816,-21.471642],[165.976613,-21.473097],[165.979257,-21.475605],[165.979881,-21.47739],[165.981693,-21.479281],[165.988311,-21.480535],[165.990915,-21.481849],[165.991887,-21.485915],[165.989666,-21.488066],[165.989255,-21.493883],[165.991282,-21.49496],[165.993162,-21.496983],[165.994591,-21.497378],[165.995063,-21.499494],[165.993259,-21.500487],[165.990011,-21.503968],[165.989348,-21.506069],[165.99004,-21.507734],[165.988871,-21.510581],[165.984697,-21.51164],[165.979926,-21.511069],[165.976133,-21.51344],[165.976791,-21.51699],[165.977769,-21.518883],[165.977718,-21.521012],[165.976095,-21.523618],[165.976561,-21.525907],[165.975169,-21.52725],[165.972285,-21.526835],[165.971357,-21.525507],[165.972371,-21.523058],[165.973846,-21.522171],[165.976052,-21.522332],[165.967756,-21.517272],[165.963251,-21.517179],[165.96074,-21.515739],[165.960202,-21.512611],[165.961678,-21.509659],[165.960248,-21.508311],[165.957825,-21.509116],[165.957747,-21.505307],[165.958337,-21.503373],[165.956161,-21.502184],[165.954613,-21.498557],[165.952389,-21.496695],[165.953698,-21.495389],[165.959853,-21.495431],[165.96401,-21.498863],[165.965413,-21.498959],[165.967582,-21.50063],[165.9715,-21.50116],[165.972602,-21.499901],[165.972967,-21.496649],[165.974876,-21.494754],[165.972291,-21.494371],[165.969275,-21.492126],[165.967131,-21.488906],[165.961763,-21.488346],[165.959219,-21.486503],[165.955514,-21.482083],[165.949708,-21.480594],[165.948701,-21.479092],[165.94705,-21.479067],[165.942905,-21.477468],[165.940096,-21.474535],[165.938421,-21.474403],[165.933497,-21.470278],[165.933949,-21.467795],[165.932918,-21.465429],[165.931368,-21.465897],[165.926309,-21.468839],[165.925343,-21.467267],[165.920963,-21.465892],[165.91937,-21.464092],[165.919264,-21.462068],[165.921644,-21.459362],[165.924272,-21.460116],[165.927014,-21.458387],[165.930076,-21.459097],[165.931573,-21.457103],[165.934305,-21.457003],[165.93955,-21.460648],[165.941073,-21.46265],[165.94426,-21.463122],[165.947456,-21.465689],[165.949593,-21.464766],[165.948512,-21.463048],[165.948375,-21.460034],[165.946918,-21.456794],[165.94805,-21.455303],[165.946965,-21.453497],[165.947563,-21.451161],[165.949997,-21.449569],[165.947844,-21.445947],[165.948528,-21.44353],[165.946366,-21.442615],[165.945016,-21.440407],[165.944796,-21.437821],[165.943474,-21.436331],[165.940076,-21.434714],[165.938041,-21.430421],[165.933112,-21.426845],[165.932864,-21.425234],[165.930312,-21.423769],[165.929302,-21.421187],[165.92736,-21.418975],[165.922212,-21.414622],[165.920883,-21.41449],[165.916697,-21.41256],[165.914598,-21.412774],[165.912721,-21.410924],[165.913272,-21.408443],[165.915543,-21.404776],[165.914285,-21.400456],[165.911347,-21.397023],[165.909048,-21.395625],[165.906545,-21.390387],[165.903345,-21.385533],[165.901135,-21.383038],[165.89956,-21.382265],[165.897438,-21.379345],[165.89739,-21.376644],[165.895875,-21.372698],[165.893559,-21.370743],[165.893363,-21.369007],[165.891544,-21.365808],[165.886937,-21.362339],[165.885298,-21.359683],[165.884528,-21.356354],[165.88165,-21.354596],[165.875537,-21.354804],[165.873546,-21.354143],[165.871922,-21.356353],[165.87783,-21.360255],[165.880737,-21.363635],[165.881814,-21.365885],[165.881976,-21.368629],[165.881244,-21.370897],[165.882681,-21.375595],[165.882656,-21.377651],[165.880102,-21.380884],[165.876601,-21.381764],[165.875725,-21.384586],[165.877413,-21.386685],[165.878139,-21.390859],[165.882231,-21.393392],[165.88292,-21.395792],[165.879453,-21.396851],[165.877287,-21.39659],[165.875185,-21.394593],[165.871624,-21.39349],[165.870147,-21.390287],[165.869723,-21.387848],[165.867753,-21.38618],[165.866442,-21.383143],[165.866554,-21.38009],[165.865339,-21.376066],[165.862001,-21.371644],[165.856596,-21.371999],[165.851674,-21.371794],[165.846278,-21.372486],[165.843636,-21.373383],[165.842949,-21.375116],[165.843767,-21.376501],[165.842532,-21.380131],[165.842298,-21.382549],[165.839108,-21.385249],[165.834384,-21.386596],[165.835006,-21.388056],[165.838173,-21.389203],[165.840582,-21.390719],[165.840263,-21.391969],[165.842127,-21.39464],[165.842113,-21.397561],[165.844516,-21.398963],[165.844788,-21.401129],[165.846946,-21.403308],[165.847204,-21.406093],[165.849785,-21.408923],[165.850964,-21.412709],[165.853363,-21.413334],[165.855882,-21.414874],[165.860128,-21.419264],[165.858706,-21.420936],[165.854802,-21.420173],[165.852789,-21.418502],[165.850768,-21.418368],[165.848624,-21.420887],[165.845942,-21.420234],[165.84388,-21.417708],[165.844157,-21.414779],[165.841992,-21.414238],[165.838038,-21.41218],[165.834594,-21.40856],[165.833412,-21.404284],[165.833432,-21.399518],[165.829848,-21.397004],[165.830025,-21.394086],[165.828299,-21.393686],[165.827323,-21.392091],[165.825452,-21.391464],[165.824701,-21.390456],[165.823974,-21.390181],[165.824063,-21.38936],[165.822586,-21.389933],[165.820592,-21.392277],[165.818913,-21.390621],[165.819875,-21.387518],[165.822365,-21.385145],[165.820021,-21.383013],[165.818596,-21.378545],[165.825315,-21.374864],[165.821964,-21.37003],[165.821816,-21.367066],[165.823451,-21.365257],[165.826848,-21.364798],[165.831419,-21.361844],[165.832411,-21.359604],[165.828893,-21.35752],[165.826757,-21.355016],[165.82191,-21.356438],[165.821013,-21.354939],[165.821443,-21.352525],[165.81689,-21.354504],[165.814068,-21.354878],[165.811224,-21.354054],[165.807903,-21.354812],[165.806007,-21.357137],[165.804071,-21.357398],[165.801421,-21.355553],[165.8005,-21.353379],[165.801118,-21.351065],[165.807336,-21.347356],[165.80627,-21.344939],[165.804175,-21.344539],[165.795344,-21.346072],[165.793095,-21.345697],[165.788725,-21.34074],[165.787246,-21.335691],[165.786428,-21.330987],[165.783066,-21.332924],[165.780241,-21.333075],[165.780295,-21.331103],[165.783831,-21.329953],[165.784999,-21.328588],[165.781061,-21.323639],[165.781689,-21.321329],[165.77613,-21.317182],[165.775228,-21.315428],[165.772426,-21.313067],[165.767378,-21.307477],[165.765887,-21.306789],[165.762015,-21.302313],[165.760168,-21.300945],[165.759937,-21.299344],[165.757563,-21.298481],[165.753126,-21.298391],[165.751365,-21.298941],[165.748513,-21.297948],[165.743165,-21.298485],[165.741285,-21.296981],[165.740384,-21.295075],[165.73661,-21.297502],[165.732317,-21.298248],[165.72788,-21.300351],[165.722299,-21.301674],[165.721372,-21.303206],[165.714764,-21.303766],[165.712212,-21.302135],[165.710174,-21.29957],[165.706932,-21.294043],[165.703484,-21.290445],[165.701472,-21.289976],[165.69701,-21.286767],[165.692442,-21.284831],[165.688501,-21.28533],[165.685271,-21.286955],[165.681106,-21.286815],[165.676119,-21.286154],[165.672879,-21.286499],[165.670827,-21.285365],[165.668043,-21.284933],[165.666403,-21.283103],[165.664464,-21.283153],[165.66113,-21.281527],[165.658087,-21.278828],[165.654319,-21.278284],[165.651431,-21.278733],[165.64743,-21.275317],[165.646408,-21.27311],[165.640134,-21.269684],[165.639607,-21.271355],[165.640803,-21.273271],[165.639779,-21.274823],[165.637995,-21.275358],[165.637481,-21.279428],[165.640676,-21.28303],[165.640542,-21.285771],[165.638566,-21.284462],[165.639368,-21.282369],[165.637512,-21.280498],[165.636463,-21.277971],[165.637213,-21.275294],[165.634732,-21.275729],[165.632188,-21.273393],[165.630492,-21.275192],[165.625576,-21.276307],[165.620049,-21.275028],[165.618179,-21.275014],[165.619885,-21.271205],[165.622281,-21.270379],[165.624283,-21.270867],[165.627433,-21.266533],[165.624763,-21.264938],[165.623875,-21.261788],[165.624617,-21.2609],[165.619872,-21.25758],[165.617869,-21.255231],[165.616047,-21.251626],[165.615444,-21.249224],[165.613269,-21.250761],[165.612759,-21.247797],[165.614663,-21.245711],[165.612608,-21.244555],[165.607985,-21.240121],[165.605201,-21.236471],[165.603353,-21.232567],[165.601253,-21.224787],[165.598755,-21.22215],[165.594604,-21.218748],[165.592548,-21.218374],[165.587463,-21.214785],[165.582571,-21.212677],[165.581338,-21.210493],[165.577072,-21.208314],[165.573328,-21.204864],[165.570667,-21.201733],[165.568689,-21.202221],[165.560931,-21.196658],[165.558742,-21.194365],[165.556724,-21.194746],[165.553097,-21.193959],[165.550663,-21.191956],[165.550855,-21.190686],[165.547266,-21.188759],[165.549703,-21.183146],[165.551799,-21.181287],[165.556258,-21.182153],[165.557154,-21.183442],[165.560073,-21.183068],[165.562956,-21.185057],[165.564224,-21.187153],[165.567008,-21.189407],[165.567869,-21.192882],[165.572181,-21.192627],[165.576897,-21.195186],[165.581925,-21.1961],[165.5827,-21.198178],[165.586757,-21.199099],[165.588367,-21.20106],[165.593417,-21.202033],[165.593686,-21.203245],[165.596424,-21.203697],[165.599601,-21.207223],[165.602703,-21.206543],[165.603447,-21.207212],[165.610219,-21.208471],[165.614552,-21.206681],[165.618976,-21.204267],[165.618081,-21.20256],[165.617414,-21.198303],[165.61439,-21.193425],[165.612185,-21.191564],[165.610759,-21.183094],[165.609836,-21.181307],[165.605125,-21.179452],[165.600973,-21.177224],[165.598635,-21.177186],[165.592924,-21.173805],[165.589435,-21.172825],[165.584542,-21.170546],[165.578724,-21.166313],[165.574806,-21.161975],[165.568765,-21.15627],[165.565035,-21.151781],[165.560944,-21.147956],[165.557313,-21.146315],[165.555756,-21.146645],[165.553675,-21.148878],[165.548568,-21.149908],[165.545532,-21.150914],[165.543719,-21.15368],[165.540215,-21.154291],[165.536475,-21.151769],[165.535772,-21.150075],[165.539473,-21.145992],[165.544458,-21.143853],[165.545703,-21.141731],[165.548614,-21.139609],[165.546951,-21.137647],[165.542681,-21.136635],[165.540103,-21.135441],[165.536653,-21.132905],[165.530378,-21.132593],[165.526621,-21.130269],[165.523545,-21.13142],[165.519462,-21.131865],[165.518328,-21.131449],[165.516078,-21.132743],[165.512716,-21.132629],[165.511548,-21.13193],[165.50918,-21.132455],[165.505758,-21.134751],[165.502868,-21.135488],[165.500604,-21.135213],[165.493098,-21.135769],[165.491701,-21.13795],[165.489215,-21.136181],[165.488538,-21.138861],[165.489247,-21.140968],[165.490997,-21.142933],[165.489668,-21.144],[165.488179,-21.142678],[165.486774,-21.138862],[165.485354,-21.137302],[165.484047,-21.133337],[165.484336,-21.131516],[165.48627,-21.129661],[165.487703,-21.127062],[165.490243,-21.125612],[165.487709,-21.123425],[165.484311,-21.116778],[165.481833,-21.113294],[165.47949,-21.11107],[165.478228,-21.111205],[165.472534,-21.108677],[165.466398,-21.107138],[165.462591,-21.104949],[165.459232,-21.104983],[165.451757,-21.102112],[165.449395,-21.10211],[165.445618,-21.097442],[165.444474,-21.094749],[165.438289,-21.0924],[165.432222,-21.094061],[165.431827,-21.093325],[165.438543,-21.090914],[165.438712,-21.089433],[165.435779,-21.086451],[165.433079,-21.085097],[165.430303,-21.082616],[165.426246,-21.080106],[165.424043,-21.077326],[165.422171,-21.076524],[165.418939,-21.073421],[165.417614,-21.067473],[165.412765,-21.061648],[165.408395,-21.060748],[165.40619,-21.056823],[165.405259,-21.053613],[165.403559,-21.043106],[165.403924,-21.039474],[165.403399,-21.035103],[165.404453,-21.03038],[165.402865,-21.027646],[165.402602,-21.024907],[165.400524,-21.022371],[165.39899,-21.022525],[165.397206,-21.020616],[165.396458,-21.017263],[165.396803,-21.012842],[165.394524,-21.013325],[165.392155,-21.015068],[165.387295,-21.015602],[165.3855,-21.020897],[165.383186,-21.015799],[165.379557,-21.012928],[165.377978,-21.013034],[165.373605,-21.01614],[165.371103,-21.01682],[165.368845,-21.020457],[165.364444,-21.020991],[165.362626,-21.01882],[165.362584,-21.016848],[165.36637,-21.016058],[165.366077,-21.014618],[165.363651,-21.01367],[165.36271,-21.012054],[165.364349,-21.010806],[165.368831,-21.011923],[165.370666,-21.011144],[165.37067,-21.008992],[165.377233,-21.008261],[165.37897,-21.008866],[165.38083,-21.011871],[165.384269,-21.011383],[165.389159,-21.011788],[165.391921,-21.011072],[165.397327,-21.011764],[165.40021,-21.010033],[165.401804,-21.010402],[165.404628,-21.009331],[165.406778,-21.004793],[165.405282,-21.004279],[165.404991,-21.001474],[165.402882,-20.998388],[165.400473,-20.992136],[165.400053,-20.988711],[165.402374,-20.984513],[165.401571,-20.979498],[165.406775,-20.975511],[165.409345,-20.969167],[165.409142,-20.963986],[165.413889,-20.959352],[165.415838,-20.956124],[165.416418,-20.953926],[165.41573,-20.949285],[165.413623,-20.945637],[165.409069,-20.943015],[165.407795,-20.943887],[165.405101,-20.94215],[165.404536,-20.940545],[165.399617,-20.938152],[165.396904,-20.937904],[165.395403,-20.939341],[165.393219,-20.937003],[165.387716,-20.935883],[165.377613,-20.935789],[165.375386,-20.934835],[165.372647,-20.93476],[165.367107,-20.936505],[165.364,-20.936547],[165.360984,-20.937321],[165.357404,-20.936499],[165.354957,-20.937425],[165.353625,-20.936454],[165.348859,-20.935081],[165.345774,-20.936036],[165.339754,-20.935367],[165.33649,-20.937181],[165.33263,-20.934304],[165.330336,-20.934391],[165.328847,-20.932351],[165.321202,-20.928773],[165.318404,-20.926669],[165.316298,-20.922163],[165.315032,-20.918011],[165.311641,-20.915054],[165.309925,-20.914361],[165.302474,-20.907205],[165.300931,-20.904453],[165.299812,-20.904149],[165.300308,-20.897756],[165.299766,-20.895636],[165.298112,-20.893984],[165.297005,-20.895943],[165.292011,-20.892663],[165.291097,-20.89122],[165.288824,-20.891407],[165.286656,-20.890601],[165.281223,-20.890728],[165.278453,-20.889772],[165.277871,-20.886832],[165.276206,-20.88282],[165.273828,-20.881843],[165.275152,-20.879782],[165.279838,-20.879968],[165.276295,-20.877194],[165.273871,-20.877103],[165.27256,-20.873545],[165.271285,-20.871937],[165.26894,-20.87122],[165.265655,-20.869087],[165.264021,-20.867025],[165.260468,-20.869049],[165.257766,-20.869287],[165.252571,-20.868761],[165.248735,-20.870109],[165.247546,-20.875756],[165.247563,-20.878341],[165.24623,-20.882812],[165.245,-20.882963],[165.245175,-20.879338],[165.246299,-20.872435],[165.245219,-20.870067],[165.246066,-20.868485],[165.249156,-20.867974],[165.251007,-20.866226],[165.254215,-20.864657],[165.256117,-20.864539],[165.260128,-20.862383],[165.26012,-20.860878],[165.258688,-20.858108],[165.256723,-20.851971],[165.255173,-20.850129],[165.253629,-20.850204],[165.252458,-20.847584],[165.25426,-20.844809],[165.257514,-20.844923],[165.258776,-20.839966],[165.258409,-20.832048],[165.259677,-20.826109],[165.259384,-20.82448],[165.255751,-20.819568],[165.253916,-20.81827],[165.253361,-20.815823],[165.254096,-20.814777],[165.257194,-20.814337],[165.259188,-20.815408],[165.261179,-20.814483],[165.262464,-20.812289],[165.263262,-20.806606],[165.262327,-20.799941],[165.261029,-20.796219],[165.263407,-20.794062],[165.256767,-20.784901],[165.255479,-20.785702],[165.258779,-20.790359],[165.257577,-20.79115],[165.254371,-20.789703],[165.253338,-20.790273],[165.251324,-20.788376],[165.250283,-20.789729],[165.246776,-20.788037],[165.243481,-20.783757],[165.244258,-20.782535],[165.243515,-20.780578],[165.243721,-20.777874],[165.243074,-20.776259],[165.244013,-20.77476],[165.241902,-20.773475],[165.237796,-20.774255],[165.236228,-20.77883],[165.234673,-20.780013],[165.231198,-20.780848],[165.228857,-20.780131],[165.22576,-20.78036],[165.220985,-20.781759],[165.219437,-20.781423],[165.218671,-20.779634],[165.221567,-20.77799],[165.222697,-20.780601],[165.224886,-20.779577],[165.22232,-20.773021],[165.222462,-20.771101],[165.220075,-20.768405],[165.219182,-20.765733],[165.216813,-20.765879],[165.214509,-20.768624],[165.212621,-20.769752],[165.211962,-20.771339],[165.214784,-20.774764],[165.214325,-20.777091],[165.211766,-20.777219],[165.211281,-20.771859],[165.209151,-20.766273],[165.206208,-20.765263],[165.20388,-20.763592],[165.199274,-20.761937],[165.196871,-20.76168],[165.188735,-20.762129],[165.186297,-20.765088],[165.183616,-20.766662],[165.182884,-20.774037],[165.183444,-20.775864],[165.186395,-20.778085],[165.186048,-20.780607],[165.182279,-20.779869],[165.179027,-20.780052],[165.178378,-20.78111],[165.174809,-20.783206],[165.176297,-20.779233],[165.179155,-20.777734],[165.180139,-20.774702],[165.177413,-20.767846],[165.173717,-20.76809],[165.171839,-20.770058],[165.169083,-20.770182],[165.165832,-20.768279],[165.163483,-20.768312],[165.160069,-20.764694],[165.162178,-20.761732],[165.163861,-20.761487],[165.167588,-20.758835],[165.167349,-20.757928],[165.160448,-20.75706],[165.155199,-20.755767],[165.145681,-20.754038],[165.138862,-20.753039],[165.133345,-20.754131],[165.130434,-20.753903],[165.125293,-20.754388],[165.120219,-20.755429],[165.117177,-20.755307],[165.109651,-20.752471],[165.106665,-20.751858],[165.102917,-20.7501],[165.100848,-20.749895],[165.099287,-20.748602],[165.096067,-20.747589],[165.093896,-20.745742],[165.090828,-20.744954],[165.088448,-20.745022],[165.080566,-20.741497],[165.074427,-20.740114],[165.070419,-20.739932],[165.061725,-20.73512],[165.056509,-20.732925],[165.047044,-20.725414],[165.044114,-20.724392],[165.042312,-20.724631],[165.0431,-20.727436],[165.046982,-20.729122],[165.050382,-20.733069],[165.054138,-20.736729],[165.056936,-20.741551],[165.053816,-20.743407],[165.051108,-20.741845],[165.050279,-20.73949],[165.047105,-20.738765],[165.04691,-20.737138],[165.043701,-20.735978],[165.04316,-20.732579],[165.040039,-20.732344],[165.039843,-20.730742],[165.042811,-20.728897],[165.042209,-20.726892],[165.039248,-20.727115],[165.036336,-20.725343],[165.034455,-20.723081],[165.033056,-20.7199],[165.030795,-20.716975],[165.029951,-20.718538],[165.026729,-20.717906],[165.024605,-20.71985],[165.022964,-20.725877],[165.020292,-20.721684],[165.018168,-20.719371],[165.01894,-20.718384],[165.021978,-20.71822],[165.023388,-20.715868],[165.027639,-20.716723],[165.028299,-20.714574],[165.024103,-20.711846],[165.018816,-20.709946],[165.016534,-20.708559],[165.014111,-20.705923],[165.010236,-20.703737],[165.006252,-20.700488],[165.004431,-20.699806],[164.996094,-20.69388],[164.985072,-20.686956],[164.981998,-20.686666],[164.981274,-20.687787],[164.982909,-20.689312],[164.98297,-20.690981],[164.984879,-20.693054],[164.987385,-20.693439],[164.986784,-20.695312],[164.989185,-20.695278],[164.993498,-20.696778],[164.99485,-20.698849],[164.993955,-20.701],[164.990733,-20.699291],[164.989674,-20.697626],[164.984771,-20.697331],[164.982973,-20.698247],[164.982748,-20.695261],[164.979614,-20.693359],[164.97986,-20.691508],[164.974896,-20.689293],[164.973911,-20.687165],[164.970392,-20.687229],[164.967231,-20.684797],[164.969452,-20.68414],[164.970686,-20.685979],[164.975981,-20.686917],[164.980685,-20.688587],[164.979532,-20.683985],[164.978188,-20.682561],[164.973944,-20.680355],[164.971287,-20.679813],[164.9657,-20.679547],[164.96188,-20.682863],[164.959819,-20.68258],[164.95412,-20.684206],[164.956048,-20.687718],[164.954756,-20.690692],[164.950664,-20.691753],[164.94913,-20.690865],[164.94508,-20.691648],[164.944416,-20.693587],[164.945893,-20.696923],[164.94537,-20.699698],[164.942606,-20.700452],[164.936275,-20.700604],[164.937404,-20.702283],[164.934917,-20.702691],[164.932376,-20.700355],[164.934203,-20.698105],[164.938265,-20.698801],[164.943919,-20.697958],[164.944253,-20.695919],[164.942863,-20.69537],[164.942803,-20.692246],[164.943698,-20.690437],[164.947158,-20.689328],[164.945117,-20.683452],[164.943973,-20.681868],[164.939127,-20.680698],[164.935162,-20.68098],[164.933175,-20.678756],[164.930477,-20.679654],[164.923035,-20.680617],[164.920497,-20.679833],[164.917634,-20.680335],[164.916138,-20.679551],[164.915348,-20.677613],[164.915562,-20.675396],[164.909205,-20.677623],[164.91012,-20.675747],[164.914272,-20.674207],[164.916219,-20.674844],[164.918576,-20.678347],[164.922246,-20.6775],[164.926592,-20.678219],[164.930479,-20.677372],[164.933717,-20.677597],[164.937194,-20.672423],[164.939215,-20.671006],[164.93937,-20.669753],[164.935679,-20.668415],[164.933927,-20.665471],[164.932802,-20.665183],[164.928674,-20.66226],[164.92518,-20.657581],[164.923474,-20.653926],[164.919243,-20.651785],[164.915305,-20.649039],[164.913455,-20.645593],[164.907409,-20.644623],[164.904783,-20.642313],[164.901329,-20.641041],[164.895654,-20.635665],[164.89384,-20.635816],[164.891164,-20.634182],[164.886996,-20.63356],[164.881725,-20.629595],[164.878805,-20.627779],[164.876714,-20.62767],[164.873992,-20.626564],[164.872013,-20.6289],[164.868624,-20.630139],[164.865474,-20.629835],[164.863078,-20.627818],[164.861595,-20.625592],[164.8588,-20.625252],[164.85624,-20.623995],[164.854223,-20.624505],[164.850904,-20.626499],[164.849339,-20.628701],[164.846373,-20.630538],[164.837007,-20.633316],[164.8411,-20.630594],[164.845828,-20.629337],[164.847922,-20.628085],[164.851888,-20.621838],[164.854021,-20.619939],[164.853929,-20.617884],[164.851235,-20.615532],[164.850147,-20.613344],[164.848354,-20.61255],[164.846611,-20.610125],[164.847068,-20.608442],[164.845177,-20.604637],[164.840395,-20.599182],[164.833951,-20.588538],[164.832597,-20.586899],[164.829207,-20.584614],[164.829659,-20.582668],[164.827253,-20.578326],[164.825738,-20.577246],[164.825245,-20.574701],[164.823811,-20.573358],[164.822407,-20.567298],[164.82099,-20.565871],[164.818449,-20.561623],[164.814243,-20.559137],[164.809945,-20.557837],[164.80658,-20.5578],[164.805058,-20.555862],[164.799772,-20.552111],[164.799525,-20.548826],[164.797648,-20.544784],[164.796473,-20.544089],[164.793684,-20.537802],[164.790798,-20.537139],[164.788322,-20.534135],[164.782607,-20.529431],[164.781069,-20.527568],[164.776135,-20.524358],[164.773718,-20.518727],[164.771305,-20.516422],[164.767276,-20.514901],[164.766696,-20.51327],[164.763355,-20.508906],[164.761005,-20.503062],[164.761419,-20.501405],[164.759838,-20.498229],[164.75547,-20.493148],[164.752336,-20.492301],[164.745127,-20.486892],[164.741704,-20.482072],[164.738101,-20.479813],[164.733288,-20.477917],[164.730078,-20.47535],[164.727047,-20.47437],[164.724718,-20.474528],[164.719799,-20.473556],[164.718169,-20.473687],[164.712388,-20.471517],[164.710176,-20.470033],[164.705033,-20.469878],[164.699333,-20.46798],[164.695726,-20.462993],[164.691048,-20.459581],[164.687467,-20.459853],[164.683858,-20.457847],[164.681235,-20.455535],[164.676618,-20.454209],[164.673321,-20.452612],[164.668407,-20.447822],[164.667845,-20.444915],[164.665579,-20.441194],[164.664322,-20.440953],[164.6621,-20.437848],[164.65811,-20.4364],[164.656035,-20.435084],[164.652741,-20.430722],[164.647739,-20.427924],[164.646698,-20.426649],[164.643588,-20.425879],[164.64108,-20.42638],[164.640493,-20.425095],[164.634322,-20.422897],[164.632707,-20.421807],[164.626364,-20.42171],[164.622685,-20.42017],[164.621575,-20.418662],[164.619071,-20.418111],[164.617825,-20.416865],[164.618784,-20.413862],[164.61798,-20.411154],[164.616029,-20.409644],[164.614136,-20.410405],[164.610382,-20.409453],[164.607041,-20.40797],[164.605151,-20.407743],[164.605088,-20.410771],[164.602017,-20.411751],[164.600155,-20.409827],[164.598342,-20.406496],[164.597905,-20.404609],[164.592925,-20.404509],[164.5921,-20.401867],[164.589561,-20.398715],[164.587036,-20.393959],[164.586793,-20.391488],[164.582922,-20.391578],[164.580188,-20.388057],[164.580779,-20.385667],[164.576732,-20.386611],[164.575515,-20.382388],[164.578284,-20.377814],[164.57784,-20.373254],[164.577011,-20.370542],[164.574883,-20.370314],[164.573367,-20.368731],[164.572451,-20.3662],[164.566923,-20.363466],[164.567581,-20.362344],[164.566839,-20.359588],[164.563817,-20.35801],[164.562911,-20.35644],[164.561006,-20.356194],[164.557478,-20.35226],[164.555588,-20.349575],[164.553122,-20.349779],[164.551736,-20.348332],[164.552245,-20.346774],[164.551787,-20.343929],[164.548296,-20.344446],[164.544115,-20.342721],[164.54322,-20.341227],[164.543554,-20.338162],[164.538884,-20.337541],[164.537736,-20.336785],[164.533338,-20.328812],[164.530981,-20.328882],[164.530473,-20.32701],[164.528872,-20.326058],[164.525911,-20.325929],[164.523821,-20.321712],[164.52508,-20.320146],[164.522895,-20.318212],[164.520707,-20.319097],[164.51893,-20.317457],[164.51594,-20.31703],[164.514452,-20.315234],[164.510603,-20.313694],[164.507476,-20.31109],[164.507017,-20.309426],[164.503918,-20.309303],[164.499408,-20.306891],[164.498446,-20.305389],[164.496447,-20.30566],[164.494617,-20.303779],[164.492701,-20.303574],[164.491679,-20.301714],[164.489245,-20.300391],[164.487367,-20.301918],[164.486758,-20.297502],[164.487435,-20.295288],[164.484821,-20.293386],[164.481045,-20.295152],[164.477246,-20.295519],[164.474083,-20.293846],[164.471742,-20.293634],[164.468053,-20.29192],[164.465318,-20.289241],[164.46237,-20.28775],[164.459352,-20.285182],[164.45728,-20.282654],[164.45333,-20.28014],[164.444584,-20.278694],[164.439954,-20.27546],[164.430994,-20.274453],[164.428247,-20.273334],[164.426319,-20.273908],[164.424141,-20.272405],[164.422172,-20.268809],[164.414486,-20.261653],[164.412547,-20.261905],[164.403923,-20.259421],[164.399159,-20.260281],[164.396931,-20.259731],[164.390589,-20.261235],[164.388529,-20.259463],[164.386899,-20.259686],[164.383191,-20.258835],[164.380628,-20.257493],[164.378161,-20.257797],[164.375267,-20.257045],[164.374412,-20.253583],[164.371071,-20.255967],[164.365741,-20.255778],[164.365822,-20.254034],[164.364661,-20.251618],[164.36324,-20.251015],[164.361454,-20.248372],[164.359256,-20.247392],[164.358183,-20.24465],[164.360146,-20.242756],[164.358231,-20.241429],[164.355537,-20.242124],[164.351639,-20.240291],[164.350134,-20.240794],[164.349577,-20.243532],[164.346419,-20.243451],[164.339383,-20.238988],[164.336121,-20.237356],[164.332354,-20.23675],[164.329131,-20.233641],[164.326967,-20.232697],[164.318083,-20.231155],[164.315879,-20.232489],[164.312908,-20.233103],[164.310014,-20.231882],[164.307749,-20.232048],[164.305835,-20.230872],[164.301829,-20.230533],[164.30115,-20.233691],[164.301918,-20.234687],[164.304228,-20.234479],[164.306574,-20.235867],[164.304245,-20.238595],[164.304281,-20.241989],[164.307596,-20.246736],[164.305976,-20.249304],[164.307048,-20.25158],[164.304976,-20.255783],[164.305433,-20.257978],[164.306977,-20.258973],[164.309029,-20.264299],[164.311751,-20.267097],[164.312444,-20.26993],[164.311609,-20.272388],[164.313397,-20.273773],[164.31354,-20.276115],[164.317151,-20.283935],[164.317338,-20.286298],[164.318553,-20.287742],[164.321492,-20.289253],[164.321558,-20.292204],[164.324772,-20.293432],[164.324832,-20.295279],[164.326254,-20.297327],[164.328039,-20.297469],[164.3305,-20.299715],[164.333291,-20.304747],[164.335237,-20.305546],[164.333001,-20.309398],[164.334322,-20.310583],[164.332877,-20.311893],[164.332452,-20.316069],[164.333177,-20.319667],[164.331219,-20.321129],[164.328655,-20.320189],[164.324527,-20.320054],[164.322557,-20.320921],[164.322202,-20.322665],[164.325064,-20.323347],[164.33422,-20.324661],[164.335255,-20.32329],[164.337167,-20.322839],[164.337495,-20.324667],[164.340922,-20.326798],[164.346132,-20.328505],[164.348038,-20.327124],[164.349227,-20.329429],[164.351328,-20.329177],[164.350729,-20.331915],[164.346999,-20.331799],[164.346148,-20.334315],[164.351079,-20.333649],[164.357527,-20.336205],[164.357247,-20.333894],[164.359158,-20.333336],[164.361915,-20.330831],[164.363878,-20.3342],[164.368368,-20.335519],[164.368697,-20.337252],[164.366498,-20.339042],[164.369533,-20.340134],[164.371466,-20.339184],[164.372617,-20.341367],[164.371345,-20.342099],[164.367744,-20.340244],[164.364717,-20.34012],[164.365057,-20.342162],[164.367372,-20.343224],[164.369558,-20.343079],[164.372776,-20.344728],[164.375041,-20.344778],[164.377869,-20.342612],[164.376874,-20.339155],[164.378526,-20.33851],[164.381783,-20.336026],[164.384428,-20.337602],[164.382743,-20.341149],[164.378854,-20.342514],[164.375511,-20.345222],[164.373472,-20.34535],[164.368887,-20.343419],[164.365573,-20.344533],[164.367188,-20.346605],[164.3708,-20.349362],[164.372882,-20.349898],[164.378456,-20.348393],[164.379231,-20.350858],[164.37772,-20.351129],[164.377653,-20.352346],[164.379804,-20.355372],[164.381651,-20.35518],[164.382477,-20.352713],[164.384733,-20.353358],[164.386193,-20.356325],[164.38804,-20.358236],[164.383403,-20.359061],[164.380488,-20.361502],[164.380188,-20.358323],[164.378881,-20.356776],[164.378734,-20.354233],[164.377795,-20.353254],[164.376978,-20.351155],[164.368121,-20.35192],[164.364912,-20.35065],[164.361863,-20.344993],[164.360088,-20.340074],[164.357479,-20.337516],[164.355804,-20.339547],[164.358768,-20.339789],[164.360188,-20.342541],[164.35986,-20.343973],[164.360895,-20.34666],[164.362735,-20.347636],[164.362475,-20.348961],[164.365424,-20.351138],[164.366863,-20.352918],[164.365112,-20.354373],[164.362994,-20.351313],[164.359705,-20.35197],[164.3592,-20.35342],[164.357111,-20.354499],[164.353053,-20.354651],[164.352967,-20.352934],[164.354977,-20.352785],[164.354995,-20.350955],[164.356146,-20.349311],[164.354914,-20.34501],[164.353542,-20.343819],[164.349304,-20.342477],[164.347837,-20.341014],[164.346489,-20.34319],[164.345337,-20.342654],[164.347231,-20.338889],[164.344986,-20.337844],[164.344806,-20.340153],[164.342677,-20.34158],[164.341184,-20.3436],[164.341351,-20.345601],[164.340398,-20.34752],[164.340161,-20.351215],[164.338477,-20.351081],[164.339169,-20.345653],[164.337442,-20.346658],[164.335793,-20.344856],[164.339231,-20.343254],[164.340917,-20.339367],[164.339846,-20.336209],[164.34016,-20.331444],[164.338944,-20.32885],[164.335943,-20.326768],[164.33573,-20.32834],[164.338098,-20.330881],[164.337946,-20.332975],[164.340137,-20.3395],[164.337461,-20.338881],[164.335646,-20.337648],[164.334668,-20.333943],[164.331957,-20.335824],[164.332122,-20.332847],[164.328749,-20.335646],[164.327096,-20.340544],[164.326067,-20.33805],[164.324139,-20.336284],[164.321122,-20.340735],[164.320966,-20.335945],[164.319926,-20.335356],[164.320616,-20.332815],[164.323735,-20.328578],[164.324015,-20.325732],[164.321295,-20.325448],[164.316986,-20.331901],[164.314672,-20.332505],[164.313275,-20.330836],[164.315716,-20.328704],[164.320347,-20.322814],[164.318867,-20.320237],[164.317527,-20.320421],[164.318594,-20.314932],[164.315181,-20.316797],[164.313496,-20.318864],[164.311963,-20.319204],[164.312759,-20.321756],[164.315387,-20.326317],[164.313655,-20.326429],[164.309484,-20.324892],[164.308293,-20.322741],[164.30466,-20.321669],[164.308096,-20.319531],[164.306507,-20.317457],[164.303985,-20.319736],[164.302909,-20.322382],[164.3044,-20.326508],[164.302675,-20.326983],[164.297905,-20.326107],[164.297434,-20.323845],[164.294632,-20.323335],[164.294873,-20.3209],[164.292597,-20.317638],[164.289583,-20.314842],[164.286411,-20.314317],[164.288466,-20.311389],[164.291774,-20.313073],[164.297491,-20.312914],[164.30202,-20.313498],[164.307753,-20.310147],[164.309299,-20.308541],[164.307312,-20.302974],[164.303774,-20.299234],[164.302359,-20.3014],[164.300902,-20.301673],[164.299307,-20.30349],[164.297781,-20.302702],[164.300051,-20.296638],[164.298751,-20.29576],[164.296273,-20.297026],[164.293679,-20.296731],[164.291615,-20.294442],[164.295635,-20.294145],[164.295608,-20.292048],[164.293797,-20.291588],[164.293079,-20.28953],[164.294848,-20.289097],[164.295245,-20.287092],[164.297134,-20.286398],[164.296854,-20.284935],[164.294841,-20.283094],[164.293612,-20.285222],[164.290425,-20.287633],[164.287711,-20.288316],[164.286199,-20.285958],[164.284237,-20.284417],[164.281689,-20.284701],[164.280257,-20.286479],[164.275317,-20.28386],[164.272582,-20.284447],[164.271042,-20.283914],[164.267435,-20.284759],[164.267684,-20.286529],[164.272242,-20.285254],[164.271413,-20.288113],[164.268328,-20.289857],[164.269529,-20.291588],[164.272803,-20.291356],[164.270685,-20.293889],[164.2677,-20.29367],[164.267459,-20.295621],[164.264548,-20.297497],[164.262206,-20.2965],[164.259883,-20.292906],[164.256986,-20.294674],[164.255108,-20.293413],[164.256204,-20.291891],[164.256318,-20.289729],[164.252442,-20.287854],[164.252038,-20.285417],[164.249417,-20.28344],[164.247649,-20.283574],[164.247044,-20.281682],[164.242249,-20.280036],[164.237316,-20.277108],[164.23417,-20.276059],[164.231836,-20.273932],[164.230887,-20.271479],[164.228768,-20.269336],[164.225622,-20.270536],[164.220592,-20.268117],[164.220775,-20.267265],[164.217371,-20.265084],[164.215772,-20.262706],[164.214319,-20.261891],[164.21192,-20.258689],[164.212239,-20.255107],[164.20542,-20.253198],[164.204275,-20.250467],[164.201527,-20.246988],[164.202098,-20.25089],[164.198597,-20.250503],[164.196849,-20.246911],[164.193266,-20.245022],[164.191576,-20.243382],[164.18969,-20.243556],[164.186101,-20.245403],[164.18211,-20.244444],[164.179398,-20.24176],[164.17779,-20.241232],[164.176648,-20.239516],[164.173686,-20.239065],[164.1698,-20.237378],[164.170582,-20.235433],[164.16575,-20.228096],[164.165406,-20.226471],[164.163722,-20.225361],[164.164309,-20.224002],[164.163572,-20.220497],[164.163864,-20.217832],[164.161082,-20.213845],[164.157475,-20.211995],[164.157641,-20.210796],[164.155197,-20.207904],[164.152943,-20.206656],[164.150705,-20.204248],[164.14862,-20.200718],[164.146872,-20.198969],[164.146201,-20.194664],[164.145355,-20.192955],[164.140574,-20.190406],[164.137021,-20.187035],[164.135852,-20.184813],[164.135982,-20.18253],[164.132059,-20.180043],[164.132424,-20.174832],[164.12829,-20.175135],[164.123912,-20.173892],[164.122975,-20.172867],[164.119597,-20.171451],[164.118058,-20.171457],[164.115809,-20.17011],[164.114601,-20.168129],[164.107047,-20.162739],[164.103073,-20.163257],[164.102785,-20.160514],[164.099513,-20.160785],[164.099642,-20.158096],[164.09785,-20.158759],[164.094886,-20.156895],[164.093522,-20.154479],[164.091333,-20.146622],[164.087056,-20.145528],[164.085359,-20.143828],[164.082999,-20.137808],[164.080974,-20.133849],[164.078206,-20.132822],[164.077189,-20.129132],[164.073659,-20.130723],[164.07211,-20.130689],[164.071821,-20.128511],[164.069962,-20.126976],[164.071666,-20.12551],[164.076198,-20.129289],[164.077583,-20.12782],[164.074529,-20.125909],[164.07168,-20.12198],[164.069942,-20.115104],[164.067573,-20.111306],[164.063253,-20.103141],[164.0601,-20.101658],[164.05926,-20.1038],[164.059883,-20.105859],[164.056706,-20.107693],[164.060718,-20.108339],[164.062141,-20.110986],[164.059973,-20.111782],[164.059146,-20.11001],[164.055075,-20.111431],[164.052703,-20.110427],[164.051263,-20.108676],[164.053883,-20.107257],[164.052797,-20.10232],[164.050539,-20.103058],[164.047844,-20.100394],[164.048268,-20.098019],[164.045309,-20.092997],[164.043796,-20.09135],[164.042927,-20.089036],[164.040577,-20.089111],[164.03871,-20.087626],[164.036057,-20.088177],[164.035976,-20.085424],[164.034308,-20.08415],[164.032674,-20.07994],[164.031322,-20.078628],[164.029494,-20.079851],[164.02516,-20.081664],[164.019385,-20.082675],[164.015598,-20.080991],[164.01204,-20.080065],[164.009672,-20.077756],[164.006596,-20.077342],[164.00356,-20.075627],[164.00117,-20.079613],[164.002822,-20.082778],[164.005061,-20.08368],[164.005745,-20.081341],[164.008025,-20.082095],[164.009125,-20.085094],[164.01057,-20.083414],[164.01274,-20.082585],[164.015286,-20.084496],[164.0144,-20.087225],[164.012518,-20.089353],[164.012561,-20.092201],[164.0155,-20.090794],[164.01684,-20.092146],[164.01677,-20.095453],[164.012443,-20.098354],[164.010355,-20.100837],[164.00949,-20.104915],[164.007046,-20.105607],[164.002414,-20.104045],[164.000291,-20.102853],[164.000776,-20.100823],[163.998825,-20.09601],[163.996476,-20.097663],[163.995761,-20.102782],[163.996665,-20.103999],[164.000441,-20.104403],[164.001657,-20.106094],[164.00113,-20.108326],[164.001523,-20.110596],[164.002809,-20.112848],[164.004517,-20.113058],[164.005394,-20.110484],[164.00686,-20.109003],[164.009163,-20.108639],[164.013484,-20.104722],[164.010625,-20.104856],[164.010387,-20.103202],[164.01257,-20.101982],[164.014043,-20.099097],[164.017754,-20.099006],[164.017241,-20.096499],[164.019254,-20.094147],[164.022601,-20.097135],[164.021025,-20.098009],[164.020488,-20.100504],[164.023678,-20.102415],[164.025359,-20.102621],[164.02269,-20.107518],[164.020949,-20.108172],[164.022361,-20.110419],[164.023919,-20.10741],[164.027063,-20.108122],[164.029925,-20.107768],[164.030971,-20.109707],[164.028361,-20.111005],[164.028705,-20.115442],[164.027058,-20.11782],[164.028,-20.119377],[164.024758,-20.120791],[164.024065,-20.119147],[164.022214,-20.118176],[164.02077,-20.121855],[164.020959,-20.12385],[164.019807,-20.125987],[164.016478,-20.127501],[164.01233,-20.12806],[164.012517,-20.132016],[164.01664,-20.133148],[164.017371,-20.129474],[164.020574,-20.130332],[164.021106,-20.133957],[164.019091,-20.132764],[164.016206,-20.135062],[164.017041,-20.136333],[164.016588,-20.139486],[164.018599,-20.141518],[164.017207,-20.143947],[164.01856,-20.145869],[164.020748,-20.146294],[164.024481,-20.145438],[164.025462,-20.14185],[164.02457,-20.140687],[164.025467,-20.138208],[164.024058,-20.13675],[164.02523,-20.133533],[164.02427,-20.132412],[164.025399,-20.129301],[164.027567,-20.126932],[164.030545,-20.124645],[164.032732,-20.124477],[164.033095,-20.122563],[164.035355,-20.120133],[164.038581,-20.120608],[164.037767,-20.12627],[164.040784,-20.125016],[164.043537,-20.125169],[164.044413,-20.127285],[164.041648,-20.12957],[164.042518,-20.134051],[164.045515,-20.134613],[164.046917,-20.131838],[164.048476,-20.131916],[164.048268,-20.135487],[164.050598,-20.137763],[164.051912,-20.136282],[164.054423,-20.137033],[164.053466,-20.140207],[164.054964,-20.143799],[164.057857,-20.14507],[164.058942,-20.148125],[164.06303,-20.152295],[164.063239,-20.154307],[164.061826,-20.155324],[164.064767,-20.15788],[164.065242,-20.159959],[164.066794,-20.162052],[164.068103,-20.166749],[164.071809,-20.167206],[164.071104,-20.168434],[164.066711,-20.172266],[164.064494,-20.170897],[164.063129,-20.174128],[164.059839,-20.175274],[164.058524,-20.177961],[164.058521,-20.179832],[164.060007,-20.180626],[164.061898,-20.178898],[164.06724,-20.178859],[164.068661,-20.176917],[164.071238,-20.182856],[164.073195,-20.182556],[164.074658,-20.185781],[164.07033,-20.184164],[164.068073,-20.185648],[164.067798,-20.188794],[164.064423,-20.188751],[164.066571,-20.192288],[164.0689,-20.192992],[164.074073,-20.191834],[164.070091,-20.19568],[164.067723,-20.196104],[164.064683,-20.195594],[164.064542,-20.194494],[164.059732,-20.193263],[164.057818,-20.193368],[164.054653,-20.191367],[164.050367,-20.189379],[164.046395,-20.188697],[164.046457,-20.192793],[164.048087,-20.194593],[164.049397,-20.193704],[164.053084,-20.193718],[164.05522,-20.195804],[164.054403,-20.197953],[164.056709,-20.200371],[164.056858,-20.202222],[164.054497,-20.204915],[164.056787,-20.207501],[164.056712,-20.209842],[164.061142,-20.209676],[164.064998,-20.211061],[164.065606,-20.212889],[164.068561,-20.210449],[164.070702,-20.212244],[164.0694,-20.216104],[164.070205,-20.217852],[164.06892,-20.221879],[164.071362,-20.223445],[164.072708,-20.227451],[164.070867,-20.229483],[164.07299,-20.232067],[164.070793,-20.235221],[164.070779,-20.239038],[164.0717,-20.240422],[164.069505,-20.242425],[164.069079,-20.245229],[164.067246,-20.246201],[164.059092,-20.244809],[164.056919,-20.241986],[164.057021,-20.238655],[164.056507,-20.235785],[164.053133,-20.2349],[164.049832,-20.236484],[164.046966,-20.235431],[164.044922,-20.232656],[164.044969,-20.230078],[164.038511,-20.229418],[164.03673,-20.228041],[164.032968,-20.226541],[164.029938,-20.229332],[164.024087,-20.230183],[164.023266,-20.231662],[164.019621,-20.232813],[164.011334,-20.236469],[164.008936,-20.236638],[164.006851,-20.235739],[164.005291,-20.240246],[164.003101,-20.243539],[164.001159,-20.244199],[164.001251,-20.245948],[163.99991,-20.248178],[164.003855,-20.250345],[164.005592,-20.251893],[164.006037,-20.254814],[164.011029,-20.258191],[164.012352,-20.259778],[164.013094,-20.262409],[164.014715,-20.262334],[164.020235,-20.265273],[164.022416,-20.266975],[164.023007,-20.268554],[164.026211,-20.271523],[164.026778,-20.273599],[164.030936,-20.273262],[164.032786,-20.274152],[164.036165,-20.277454],[164.037041,-20.279194],[164.037089,-20.2831],[164.033945,-20.285626],[164.030473,-20.286112],[164.027864,-20.2888],[164.02803,-20.290553],[164.029408,-20.292448],[164.030198,-20.296204],[164.033693,-20.29643],[164.034641,-20.298249],[164.040162,-20.301171],[164.046027,-20.29648],[164.052857,-20.293329],[164.058825,-20.292147],[164.059655,-20.291107],[164.064618,-20.288087],[164.068978,-20.283178],[164.070495,-20.282063],[164.072997,-20.278665],[164.070495,-20.276516],[164.068663,-20.273844],[164.064654,-20.271663],[164.063484,-20.268708],[164.063424,-20.266337],[164.064624,-20.263312],[164.066025,-20.264951],[164.068329,-20.265781],[164.069545,-20.263682],[164.068691,-20.261167],[164.066115,-20.259005],[164.064421,-20.25851],[164.068134,-20.253199],[164.070475,-20.251412],[164.071813,-20.252708],[164.078201,-20.253788],[164.080507,-20.255044],[164.08199,-20.257138],[164.084119,-20.258252],[164.084633,-20.261699],[164.085929,-20.261502],[164.089323,-20.258232],[164.090177,-20.259603],[164.088795,-20.261863],[164.090989,-20.263197],[164.093375,-20.265779],[164.098029,-20.266489],[164.097813,-20.26794],[164.10208,-20.269462],[164.0998,-20.270599],[164.09714,-20.268518],[164.095356,-20.270937],[164.092527,-20.270895],[164.090318,-20.271723],[164.091571,-20.273904],[164.091636,-20.276052],[164.093307,-20.278881],[164.098734,-20.281983],[164.099674,-20.286446],[164.098726,-20.287893],[164.09475,-20.284938],[164.094293,-20.285912],[164.088667,-20.28403],[164.088261,-20.285942],[164.085796,-20.289297],[164.083494,-20.291017],[164.085038,-20.293273],[164.085236,-20.296111],[164.08184,-20.298642],[164.086947,-20.298262],[164.085901,-20.300828],[164.089185,-20.300734],[164.092873,-20.298317],[164.09561,-20.298337],[164.097529,-20.302396],[164.099935,-20.301591],[164.098054,-20.298517],[164.099953,-20.296192],[164.102222,-20.295574],[164.100886,-20.293264],[164.107182,-20.29201],[164.110658,-20.292218],[164.111337,-20.293628],[164.115146,-20.293435],[164.118826,-20.293977],[164.120135,-20.295006],[164.122324,-20.295],[164.12449,-20.295947],[164.126522,-20.294674],[164.13141,-20.296649],[164.133441,-20.29864],[164.133989,-20.302694],[164.135481,-20.302096],[164.134415,-20.298368],[164.137195,-20.296624],[164.13893,-20.299089],[164.142592,-20.299073],[164.147431,-20.300963],[164.150202,-20.302544],[164.152478,-20.30562],[164.150228,-20.307589],[164.154001,-20.310514],[164.155309,-20.312139],[164.159923,-20.311507],[164.16324,-20.314572],[164.161243,-20.315159],[164.158912,-20.31779],[164.162844,-20.318093],[164.163739,-20.320492],[164.165346,-20.319891],[164.166003,-20.322183],[164.167511,-20.321754],[164.168353,-20.325354],[164.166877,-20.327957],[164.169387,-20.327819],[164.170404,-20.329426],[164.172493,-20.328639],[164.172663,-20.331979],[164.174995,-20.334821],[164.178383,-20.335096],[164.179219,-20.331094],[164.18159,-20.333783],[164.179588,-20.335879],[164.180378,-20.337137],[164.182582,-20.337887],[164.185168,-20.335231],[164.189173,-20.335316],[164.186849,-20.339629],[164.189948,-20.341219],[164.188886,-20.344035],[164.186776,-20.34299],[164.182357,-20.343057],[164.179342,-20.344949],[164.17987,-20.346735],[164.1785,-20.347924],[164.179481,-20.351362],[164.182275,-20.354585],[164.183626,-20.354806],[164.18494,-20.357135],[164.184902,-20.359157],[164.181029,-20.361993],[164.181276,-20.363747],[164.185815,-20.368672],[164.186262,-20.370719],[164.190234,-20.37249],[164.188308,-20.373909],[164.187742,-20.377752],[164.188898,-20.382802],[164.182494,-20.38188],[164.181014,-20.382902],[164.1811,-20.384721],[164.183601,-20.385301],[164.180438,-20.390218],[164.18241,-20.390958],[164.180547,-20.394537],[164.177808,-20.394327],[164.1746,-20.396091],[164.170995,-20.39561],[164.165242,-20.397394],[164.163483,-20.396513],[164.161795,-20.397965],[164.159858,-20.397496],[164.156614,-20.395],[164.15486,-20.395003],[164.153022,-20.392618],[164.147756,-20.389076],[164.144998,-20.3834],[164.143345,-20.387442],[164.140354,-20.387643],[164.136394,-20.386078],[164.133652,-20.385598],[164.130738,-20.384325],[164.128416,-20.384287],[164.125612,-20.38338],[164.123441,-20.381846],[164.121241,-20.37933],[164.12025,-20.373928],[164.118841,-20.372055],[164.116645,-20.37148],[164.119515,-20.376706],[164.120692,-20.38143],[164.122232,-20.382453],[164.122581,-20.385869],[164.126448,-20.391399],[164.125542,-20.39798],[164.125921,-20.402349],[164.129217,-20.403631],[164.134578,-20.406399],[164.136571,-20.408076],[164.137908,-20.410386],[164.137514,-20.413899],[164.13979,-20.415287],[164.151358,-20.417606],[164.156194,-20.420319],[164.160823,-20.425249],[164.16187,-20.428566],[164.16348,-20.430664],[164.163002,-20.432355],[164.164371,-20.434608],[164.164502,-20.437302],[164.16725,-20.438433],[164.168049,-20.440407],[164.167501,-20.44232],[164.171188,-20.446902],[164.171103,-20.449438],[164.172625,-20.452131],[164.171937,-20.454539],[164.171903,-20.458671],[164.17367,-20.462694],[164.173951,-20.467289],[164.176111,-20.470836],[164.178158,-20.475481],[164.178293,-20.480797],[164.17647,-20.484169],[164.176231,-20.485749],[164.174428,-20.486113],[164.173415,-20.487802],[164.175255,-20.489156],[164.176345,-20.487908],[164.179202,-20.487451],[164.181621,-20.488388],[164.183811,-20.4924],[164.186507,-20.494053],[164.18752,-20.497318],[164.190768,-20.500523],[164.194707,-20.499851],[164.197114,-20.500849],[164.199583,-20.504562],[164.20368,-20.508282],[164.20745,-20.510325],[164.210225,-20.512843],[164.210222,-20.514315],[164.212433,-20.515878],[164.213533,-20.518158],[164.209718,-20.516566],[164.209512,-20.514784],[164.208007,-20.512124],[164.206878,-20.512642],[164.208703,-20.517091],[164.21163,-20.520589],[164.214097,-20.525261],[164.218421,-20.528886],[164.226654,-20.532849],[164.232201,-20.535164],[164.233047,-20.537187],[164.237144,-20.538028],[164.236142,-20.540055],[164.237055,-20.544306],[164.238541,-20.547745],[164.240585,-20.548711],[164.242152,-20.546867],[164.243368,-20.549437],[164.244921,-20.548405],[164.244704,-20.544915],[164.24814,-20.543545],[164.248395,-20.545122],[164.247139,-20.546386],[164.247431,-20.548466],[164.246596,-20.550213],[164.244834,-20.550865],[164.24831,-20.553155],[164.25019,-20.553621],[164.25293,-20.555577],[164.256795,-20.555449],[164.257326,-20.557982],[164.26048,-20.556593],[164.261235,-20.557938],[164.260362,-20.560998],[164.262218,-20.561125],[164.265198,-20.559944],[164.266,-20.561411],[164.267948,-20.561553],[164.267413,-20.564168],[164.268783,-20.566937],[164.272006,-20.565909],[164.27183,-20.563017],[164.277928,-20.565377],[164.278351,-20.570074],[164.275432,-20.571988],[164.276217,-20.575097],[164.275661,-20.577765],[164.273249,-20.578685],[164.274995,-20.580753],[164.275186,-20.58318],[164.277929,-20.58096],[164.280899,-20.579641],[164.282649,-20.576668],[164.282567,-20.575135],[164.285865,-20.573071],[164.289585,-20.574419],[164.294737,-20.577905],[164.298296,-20.578388],[164.299204,-20.58028],[164.302674,-20.583794],[164.303085,-20.585919],[164.30537,-20.589097],[164.303954,-20.592212],[164.305438,-20.595908],[164.307251,-20.597174],[164.309266,-20.599986],[164.311828,-20.60232],[164.312503,-20.606021],[164.313812,-20.606947],[164.317313,-20.607802],[164.320198,-20.61356],[164.318652,-20.614696],[164.318772,-20.617817],[164.320426,-20.620722],[164.320867,-20.625843],[164.318659,-20.631531],[164.318963,-20.633023],[164.323422,-20.63748],[164.324483,-20.63934],[164.326555,-20.640763],[164.328873,-20.64047],[164.332281,-20.643019],[164.333276,-20.645164],[164.331718,-20.645619],[164.334038,-20.648267],[164.335053,-20.647669],[164.337868,-20.649403],[164.341747,-20.656989],[164.346004,-20.660692],[164.346167,-20.664289],[164.347467,-20.665436],[164.347433,-20.667917],[164.351091,-20.672441],[164.354542,-20.674173],[164.355648,-20.673244],[164.358552,-20.673939],[164.361924,-20.673037],[164.363749,-20.673853],[164.366529,-20.673858],[164.368092,-20.675674],[164.369452,-20.679214],[164.369399,-20.680914],[164.37085,-20.685147],[164.372079,-20.685855],[164.375265,-20.685529],[164.377331,-20.684058],[164.378918,-20.685972],[164.379495,-20.689454],[164.382142,-20.687048],[164.386572,-20.686778],[164.384966,-20.692225],[164.387926,-20.693107],[164.38893,-20.696044],[164.390884,-20.698385],[164.394326,-20.699928],[164.395958,-20.699144],[164.401285,-20.700377],[164.403397,-20.699744],[164.403208,-20.697064],[164.407015,-20.69727],[164.407878,-20.699629],[164.410824,-20.698211],[164.411729,-20.699578],[164.411514,-20.701767],[164.409102,-20.704094],[164.406078,-20.706102],[164.404892,-20.705932],[164.403455,-20.708211],[164.405636,-20.709591],[164.407968,-20.712384],[164.404643,-20.715126],[164.40403,-20.717057],[164.406522,-20.719686],[164.40814,-20.719953],[164.410328,-20.718759],[164.414845,-20.71851],[164.418161,-20.720678],[164.419818,-20.723602],[164.423054,-20.72485],[164.423148,-20.727051],[164.420758,-20.726589],[164.421572,-20.728929],[164.421262,-20.734965],[164.420733,-20.736363],[164.418444,-20.73708],[164.416976,-20.738432],[164.415246,-20.741751],[164.415751,-20.744725],[164.415243,-20.748155],[164.415513,-20.751119],[164.412401,-20.755262],[164.409815,-20.75572],[164.407652,-20.754921],[164.404013,-20.758384],[164.402252,-20.757879],[164.399165,-20.760168],[164.397541,-20.759153],[164.391208,-20.760874],[164.387672,-20.760418],[164.382252,-20.758437],[164.378086,-20.755257],[164.376022,-20.753209],[164.371145,-20.753304],[164.369354,-20.754118],[164.3692,-20.755598],[164.370423,-20.758107],[164.374464,-20.763307],[164.375799,-20.766863],[164.377756,-20.767572],[164.380727,-20.772178],[164.384967,-20.773153],[164.391841,-20.772944],[164.396693,-20.771692],[164.398753,-20.769184],[164.399419,-20.772147],[164.402019,-20.774592],[164.4064,-20.77699],[164.407194,-20.778787],[164.409029,-20.778347],[164.413657,-20.780901],[164.417843,-20.78557],[164.418142,-20.787346],[164.416704,-20.788202],[164.417666,-20.789912],[164.419149,-20.789829],[164.425145,-20.794173],[164.424353,-20.797151],[164.424669,-20.799228],[164.425999,-20.800263],[164.427753,-20.803256],[164.430316,-20.803305],[164.431191,-20.805351],[164.430154,-20.807416],[164.432262,-20.809837],[164.431612,-20.81326],[164.43482,-20.814589],[164.437557,-20.818258],[164.440956,-20.820654],[164.444654,-20.821424],[164.447079,-20.821328],[164.450275,-20.822576],[164.452255,-20.824555],[164.454896,-20.824156],[164.457526,-20.82561],[164.461007,-20.825819],[164.463011,-20.826825],[164.462908,-20.829875],[164.464716,-20.832727],[164.464449,-20.836581],[164.46072,-20.841835],[164.461867,-20.843406],[164.459954,-20.845353],[164.461465,-20.847423],[164.463234,-20.848231],[164.46578,-20.848029],[164.468697,-20.850348],[164.470889,-20.850398],[164.473647,-20.848888],[164.477075,-20.849422],[164.478517,-20.848569],[164.482666,-20.849915],[164.484442,-20.8512],[164.486137,-20.854509],[164.487322,-20.854123],[164.491483,-20.854924],[164.4925,-20.858177],[164.495818,-20.857462],[164.498803,-20.856137],[164.500452,-20.857423],[164.504257,-20.857418],[164.507768,-20.85963],[164.510946,-20.858929],[164.512026,-20.862512],[164.510098,-20.86839],[164.508962,-20.869942],[164.510223,-20.873644],[164.513072,-20.874427],[164.51578,-20.877602],[164.518184,-20.877861],[164.519477,-20.875988],[164.520571,-20.872746],[164.521992,-20.873462],[164.521115,-20.877245],[164.519235,-20.881158],[164.522921,-20.87961],[164.525351,-20.880786],[164.522337,-20.882727],[164.520943,-20.885719],[164.522931,-20.885856],[164.525356,-20.884499],[164.52656,-20.887141],[164.53215,-20.890899],[164.533264,-20.889284],[164.538344,-20.890827],[164.544745,-20.890795],[164.544851,-20.893185],[164.543428,-20.894891],[164.544212,-20.896251],[164.546758,-20.896278],[164.549525,-20.89528],[164.551337,-20.895588],[164.552764,-20.897046],[164.558726,-20.893711],[164.561964,-20.892379],[164.565084,-20.889943],[164.568843,-20.890931],[164.569515,-20.893424],[164.572161,-20.895132],[164.572871,-20.899363],[164.574822,-20.902571],[164.575935,-20.905859],[164.575659,-20.908664],[164.577219,-20.911114],[164.575527,-20.914525],[164.575466,-20.918989],[164.577613,-20.919355],[164.578639,-20.913134],[164.578745,-20.909759],[164.581099,-20.910541],[164.579829,-20.91208],[164.582173,-20.915087],[164.583607,-20.914793],[164.585675,-20.917481],[164.587051,-20.920654],[164.589705,-20.92052],[164.590223,-20.921493],[164.593391,-20.922438],[164.594875,-20.924433],[164.601007,-20.921465],[164.604283,-20.921772],[164.604809,-20.924949],[164.60608,-20.92759],[164.609817,-20.924485],[164.609632,-20.920631],[164.61007,-20.91898],[164.609273,-20.9162],[164.607415,-20.913072],[164.607663,-20.911245],[164.611568,-20.908765],[164.613799,-20.909229],[164.616914,-20.911556],[164.618613,-20.914623],[164.620745,-20.916924],[164.622572,-20.915566],[164.623557,-20.911815],[164.626077,-20.909763],[164.632378,-20.911471],[164.632132,-20.915579],[164.633538,-20.91786],[164.631227,-20.919876],[164.628147,-20.924761],[164.628794,-20.92687],[164.633066,-20.928366],[164.635484,-20.931956],[164.632491,-20.933315],[164.632981,-20.936286],[164.637724,-20.935642],[164.638446,-20.934368],[164.638162,-20.931049],[164.640594,-20.929025],[164.642182,-20.926519],[164.645048,-20.925423],[164.645021,-20.923777],[164.643686,-20.920923],[164.641923,-20.920625],[164.639969,-20.916892],[164.643329,-20.913124],[164.643541,-20.911988],[164.646417,-20.910615],[164.646469,-20.908854],[164.644377,-20.908735],[164.643739,-20.907062],[164.641835,-20.905261],[164.644178,-20.904594],[164.646053,-20.90208],[164.647943,-20.90313],[164.655652,-20.895403],[164.6569,-20.896531],[164.657732,-20.898934],[164.657094,-20.900971],[164.661056,-20.900984],[164.661874,-20.898816],[164.665772,-20.898438],[164.668402,-20.899652],[164.674833,-20.899697],[164.676492,-20.89831],[164.677589,-20.900395],[164.674399,-20.90077],[164.672042,-20.901748],[164.670824,-20.901027],[164.667734,-20.90192],[164.668736,-20.903348],[164.668672,-20.906523],[164.665376,-20.91016],[164.664447,-20.911877],[164.666708,-20.913362],[164.666229,-20.917024],[164.668646,-20.917775],[164.67235,-20.921376],[164.673006,-20.924434],[164.675199,-20.927379],[164.672533,-20.92999],[164.672499,-20.934143],[164.670382,-20.935099],[164.670379,-20.936546],[164.673678,-20.93735],[164.675545,-20.936531],[164.678401,-20.937388],[164.678799,-20.939413],[164.680669,-20.938935],[164.683058,-20.943513],[164.681914,-20.94681],[164.678002,-20.94607],[164.679429,-20.948733],[164.676412,-20.950096],[164.679349,-20.953502],[164.678319,-20.955241],[164.676258,-20.953069],[164.669709,-20.948911],[164.669752,-20.946787],[164.6658,-20.948744],[164.667619,-20.951424],[164.666821,-20.952898],[164.675114,-20.957949],[164.676042,-20.959844],[164.669443,-20.963981],[164.666825,-20.962174],[164.666277,-20.96504],[164.659114,-20.967691],[164.655927,-20.966041],[164.653782,-20.966975],[164.650956,-20.966682],[164.647926,-20.968209],[164.650177,-20.971187],[164.651506,-20.970357],[164.654466,-20.970164],[164.65805,-20.970628],[164.660477,-20.973046],[164.662642,-20.972773],[164.663349,-20.975614],[164.662112,-20.976323],[164.656199,-20.977113],[164.654574,-20.97913],[164.652113,-20.979799],[164.652815,-20.981793],[164.655258,-20.983674],[164.655014,-20.987065],[164.656846,-20.98869],[164.660507,-20.986246],[164.661541,-20.984124],[164.66524,-20.984346],[164.666779,-20.986981],[164.669701,-20.986277],[164.67297,-20.986813],[164.674128,-20.985522],[164.675917,-20.985827],[164.679111,-20.987526],[164.676662,-20.983347],[164.675798,-20.980278],[164.673549,-20.976145],[164.676354,-20.968534],[164.674374,-20.967395],[164.675689,-20.965499],[164.677341,-20.966311],[164.680348,-20.966189],[164.68192,-20.968316],[164.680315,-20.970443],[164.68102,-20.972451],[164.685362,-20.974056],[164.687607,-20.977173],[164.689329,-20.977651],[164.68966,-20.979869],[164.693045,-20.981504],[164.693109,-20.979816],[164.691657,-20.978041],[164.693305,-20.976746],[164.694767,-20.977617],[164.696789,-20.976879],[164.700351,-20.97399],[164.703133,-20.974448],[164.70411,-20.972429],[164.705988,-20.972425],[164.706215,-20.970793],[164.708507,-20.971389],[164.709545,-20.974583],[164.707619,-20.97954],[164.708045,-20.981734],[164.706488,-20.98391],[164.708103,-20.985925],[164.711407,-20.98744],[164.712036,-20.989365],[164.709583,-20.990395],[164.708155,-20.992956],[164.709979,-20.995962],[164.70777,-20.999946],[164.709175,-21.004133],[164.706226,-21.005376],[164.701678,-21.004566],[164.699027,-21.00859],[164.697878,-21.012606],[164.69541,-21.01475],[164.69091,-21.017272],[164.689335,-21.015697],[164.691034,-21.012508],[164.69018,-21.009955],[164.691206,-21.006987],[164.689308,-21.002039],[164.687243,-21.001709],[164.683522,-21.003201],[164.681915,-21.001707],[164.680219,-21.004287],[164.67835,-21.005765],[164.675581,-21.005983],[164.671881,-21.004207],[164.670115,-21.001164],[164.66688,-21.002442],[164.669684,-21.00596],[164.668765,-21.009817],[164.670428,-21.013084],[164.67161,-21.013789],[164.675755,-21.013327],[164.678327,-21.014779],[164.680317,-21.02038],[164.682185,-21.020807],[164.687384,-21.019791],[164.691082,-21.020615],[164.692468,-21.023574],[164.692497,-21.027927],[164.691083,-21.031167],[164.692424,-21.033026],[164.691365,-21.034536],[164.692642,-21.036469],[164.691914,-21.037521],[164.696336,-21.043051],[164.699505,-21.042358],[164.706504,-21.04808],[164.711798,-21.053463],[164.71339,-21.054182],[164.719963,-21.055261],[164.729685,-21.054481],[164.73588,-21.050157],[164.738727,-21.050001],[164.740856,-21.051451],[164.742243,-21.05073],[164.746654,-21.050915],[164.748459,-21.052884],[164.751198,-21.054542],[164.753621,-21.054299],[164.756426,-21.05516],[164.753463,-21.056734],[164.753618,-21.058225],[164.755713,-21.059779],[164.755101,-21.062971],[164.750554,-21.068567],[164.750146,-21.072343],[164.751502,-21.0765],[164.75317,-21.079045],[164.755356,-21.080036],[164.76148,-21.085253],[164.766439,-21.085576],[164.768622,-21.084964],[164.771925,-21.082113],[164.774492,-21.07882],[164.777976,-21.076266],[164.777405,-21.068143],[164.774088,-21.06254],[164.773706,-21.060028],[164.771912,-21.058523],[164.774738,-21.057086],[164.775982,-21.060523],[164.776948,-21.06122],[164.78171,-21.062049],[164.781948,-21.059829],[164.783275,-21.056613],[164.786205,-21.057127],[164.788709,-21.056198],[164.791452,-21.053546],[164.79389,-21.053897],[164.793669,-21.055637],[164.797344,-21.055714],[164.800059,-21.054965],[164.802707,-21.055269],[164.804194,-21.051527],[164.803627,-21.049395],[164.80453,-21.048256],[164.806726,-21.050905],[164.80895,-21.051754],[164.81158,-21.051517],[164.814281,-21.052723],[164.817458,-21.052946],[164.819942,-21.054286],[164.820634,-21.055525],[164.823815,-21.057189],[164.82533,-21.057236],[164.829938,-21.054807],[164.830902,-21.055723],[164.835168,-21.056278],[164.836724,-21.058685],[164.836769,-21.060122],[164.8386,-21.06172],[164.838572,-21.066008],[164.83634,-21.065211],[164.836538,-21.063271],[164.834143,-21.061738],[164.831478,-21.062275],[164.832039,-21.063754],[164.829632,-21.06682],[164.830838,-21.067941],[164.835944,-21.068893],[164.836167,-21.070653],[164.8385,-21.071607],[164.840647,-21.071367],[164.837617,-21.075177],[164.835284,-21.076351],[164.839225,-21.07823],[164.844078,-21.078492],[164.844363,-21.080264],[164.846381,-21.08265],[164.840755,-21.081787],[164.838471,-21.084623],[164.841438,-21.087226],[164.840229,-21.088349],[164.839378,-21.091094],[164.834187,-21.091233],[164.834756,-21.088543],[164.832043,-21.086558],[164.828693,-21.087094],[164.828062,-21.088627],[164.829154,-21.090959],[164.827452,-21.09141],[164.824929,-21.093402],[164.822169,-21.097945],[164.820897,-21.098836],[164.817967,-21.098236],[164.814505,-21.095985],[164.813535,-21.094126],[164.806886,-21.094582],[164.8057,-21.092118],[164.800219,-21.093796],[164.799511,-21.096623],[164.802228,-21.099163],[164.801963,-21.100926],[164.802918,-21.105288],[164.805073,-21.104575],[164.809827,-21.101341],[164.812987,-21.100559],[164.815891,-21.100578],[164.817843,-21.098787],[164.820826,-21.09913],[164.825779,-21.100853],[164.828004,-21.102089],[164.829458,-21.104772],[164.831631,-21.105682],[164.832556,-21.107997],[164.831633,-21.112529],[164.832138,-21.114499],[164.836896,-21.115441],[164.837161,-21.113155],[164.836475,-21.109838],[164.838309,-21.108519],[164.841917,-21.10878],[164.842993,-21.108138],[164.842922,-21.105744],[164.846598,-21.106161],[164.848943,-21.104409],[164.85205,-21.105776],[164.855688,-21.103714],[164.856072,-21.101008],[164.858469,-21.101728],[164.860612,-21.104045],[164.863275,-21.104123],[164.864882,-21.106016],[164.865433,-21.108478],[164.862589,-21.110068],[164.860259,-21.110144],[164.858449,-21.111472],[164.856722,-21.111511],[164.854684,-21.116167],[164.855584,-21.118707],[164.857678,-21.119357],[164.860981,-21.117771],[164.86419,-21.119059],[164.867134,-21.122562],[164.865295,-21.12429],[164.862845,-21.124435],[164.859884,-21.126],[164.859283,-21.127365],[164.860196,-21.12938],[164.857436,-21.132329],[164.861611,-21.134726],[164.862147,-21.13706],[164.861161,-21.138756],[164.861598,-21.144917],[164.859738,-21.144415],[164.858572,-21.14276],[164.856504,-21.142822],[164.853753,-21.146734],[164.851386,-21.147764],[164.848304,-21.146053],[164.846083,-21.147581],[164.842301,-21.148656],[164.840691,-21.148353],[164.837054,-21.152376],[164.836661,-21.154362],[164.832937,-21.157003],[164.833622,-21.158749],[164.834015,-21.163848],[164.833101,-21.16611],[164.83079,-21.167868],[164.829894,-21.171437],[164.830075,-21.174],[164.832003,-21.176125],[164.838765,-21.173628],[164.840809,-21.171721],[164.839925,-21.169692],[164.841606,-21.167872],[164.843572,-21.171666],[164.846415,-21.173095],[164.844833,-21.174627],[164.84317,-21.173396],[164.841869,-21.18108],[164.83932,-21.183231],[164.839552,-21.184727],[164.842868,-21.189609],[164.844049,-21.192283],[164.848776,-21.195495],[164.854271,-21.200693],[164.854483,-21.201279],[164.861338,-21.202708],[164.866089,-21.206771],[164.865343,-21.208392],[164.862133,-21.207843],[164.861402,-21.210196],[164.861959,-21.212672],[164.863575,-21.213161],[164.864665,-21.21084],[164.866331,-21.212571],[164.862215,-21.215459],[164.865812,-21.220684],[164.865374,-21.223402],[164.868602,-21.228146],[164.872823,-21.229728],[164.876783,-21.230704],[164.881977,-21.232821],[164.883054,-21.234591],[164.887848,-21.237819],[164.88998,-21.242007],[164.893982,-21.243922],[164.895119,-21.246373],[164.895396,-21.249776],[164.89811,-21.253308],[164.897961,-21.254863],[164.900265,-21.256999],[164.901377,-21.260653],[164.901155,-21.263782],[164.906466,-21.266731],[164.911093,-21.27105],[164.909377,-21.273968],[164.910379,-21.276652],[164.912523,-21.277721],[164.913437,-21.279739],[164.917785,-21.281397],[164.918836,-21.283894],[164.922395,-21.282073],[164.927388,-21.284285],[164.930982,-21.2867],[164.933316,-21.286881],[164.934917,-21.290036],[164.937712,-21.290694],[164.940485,-21.290395],[164.943247,-21.291364],[164.946336,-21.291545],[164.949017,-21.293045],[164.950374,-21.299476],[164.950084,-21.300966],[164.945557,-21.304735],[164.945772,-21.310353],[164.942719,-21.317322],[164.94018,-21.319085],[164.936141,-21.322731],[164.93926,-21.326186],[164.940972,-21.325817],[164.943182,-21.326749],[164.945702,-21.326488],[164.948654,-21.328536],[164.950787,-21.328123],[164.95229,-21.326391],[164.9541,-21.327325],[164.949718,-21.329879],[164.947376,-21.329374],[164.947647,-21.331404],[164.94696,-21.333882],[164.945516,-21.33549],[164.941082,-21.337269],[164.937866,-21.337735],[164.93599,-21.339978],[164.93575,-21.341515],[164.939746,-21.344496],[164.942133,-21.347274],[164.943629,-21.352268],[164.945147,-21.354903],[164.947284,-21.357068],[164.949353,-21.358081],[164.952317,-21.358006],[164.957101,-21.354609],[164.962301,-21.351873],[164.96415,-21.352564],[164.96759,-21.35118],[164.96966,-21.352454],[164.971832,-21.351048],[164.972705,-21.347259],[164.972581,-21.343418],[164.971136,-21.341613],[164.971584,-21.339699],[164.973702,-21.340771],[164.976692,-21.341189],[164.979274,-21.33895],[164.979377,-21.337075],[164.977344,-21.336076],[164.974983,-21.333608],[164.973193,-21.330307],[164.970143,-21.3231],[164.973016,-21.320288],[164.975769,-21.315081],[164.976582,-21.310326],[164.978359,-21.307118],[164.981231,-21.307539],[164.983755,-21.308828],[164.988254,-21.310238],[164.991422,-21.308778],[164.993503,-21.305798],[164.995912,-21.309689],[164.993157,-21.311631],[164.988798,-21.313236],[164.986502,-21.317635],[164.986099,-21.321121],[164.983829,-21.322949],[164.985618,-21.327486],[164.984774,-21.329476],[164.987128,-21.332202],[164.991191,-21.33216],[164.994934,-21.333657],[164.993906,-21.335678],[164.999637,-21.335553],[165.003839,-21.329814],[165.003962,-21.32523],[165.005825,-21.322297],[165.006225,-21.320252],[165.009152,-21.318284],[165.008521,-21.314123],[165.010467,-21.312325],[165.011817,-21.315918],[165.014221,-21.313194],[165.016207,-21.31243],[165.017662,-21.31356],[165.019741,-21.312669],[165.021238,-21.314501],[165.026037,-21.317368],[165.026417,-21.319742],[165.02348,-21.323042],[165.022033,-21.326945],[165.021447,-21.330043],[165.020223,-21.332587],[165.017411,-21.334502],[165.014483,-21.335395],[165.012092,-21.336889],[165.010887,-21.336667],[165.008534,-21.33843],[165.007591,-21.340404],[165.008389,-21.343572],[165.010901,-21.34519],[165.011237,-21.346496],[165.014606,-21.3463],[165.018528,-21.343597],[165.023202,-21.337679],[165.023821,-21.33572],[165.026338,-21.33311],[165.027535,-21.330087],[165.029785,-21.330906],[165.032871,-21.334534],[165.035288,-21.335345],[165.037698,-21.337973],[165.037524,-21.34071],[165.036432,-21.342807],[165.039353,-21.342648],[165.040507,-21.343948],[165.043204,-21.344303],[165.045457,-21.343768],[165.050627,-21.345506],[165.053529,-21.343281],[165.054896,-21.344986],[165.055549,-21.348605],[165.056983,-21.35182],[165.05393,-21.35409],[165.053242,-21.356195],[165.054232,-21.359776],[165.057129,-21.354942],[165.060715,-21.354774],[165.060969,-21.356781],[165.059149,-21.357682],[165.061063,-21.359655],[165.06146,-21.362608],[165.06066,-21.365355],[165.05901,-21.366888],[165.061312,-21.367689],[165.060946,-21.369407],[165.058711,-21.371878],[165.05708,-21.375326],[165.05917,-21.377151],[165.062159,-21.372208],[165.064545,-21.372149],[165.066107,-21.373048],[165.064642,-21.375505],[165.066178,-21.378569],[165.068543,-21.380396],[165.069489,-21.382088],[165.071585,-21.383003],[165.071388,-21.385591],[165.07028,-21.3884],[165.072024,-21.391158],[165.079657,-21.391535],[165.083382,-21.389738],[165.083932,-21.38757],[165.086067,-21.384204],[165.087656,-21.382689],[165.087595,-21.380536],[165.090209,-21.379009],[165.092308,-21.378652],[165.092163,-21.374228],[165.09425,-21.371554],[165.097524,-21.369197],[165.101403,-21.36778],[165.104147,-21.363158],[165.102267,-21.359376],[165.098741,-21.356023],[165.098448,-21.351941],[165.101157,-21.35193],[165.102434,-21.349188],[165.101624,-21.347387],[165.103139,-21.346432],[165.101822,-21.344613],[165.102487,-21.342486],[165.103786,-21.341625],[165.107461,-21.342543],[165.111702,-21.346127],[165.11438,-21.34654],[165.115088,-21.345024],[165.113081,-21.343143],[165.110354,-21.342149],[165.111027,-21.33941],[165.107714,-21.33672],[165.108295,-21.335092],[165.111089,-21.33441],[165.113645,-21.3366],[165.117645,-21.336253],[165.119427,-21.336871],[165.122953,-21.335367],[165.121501,-21.338869],[165.122606,-21.339945],[165.125127,-21.338078],[165.123671,-21.33589],[165.124921,-21.333865],[165.124703,-21.331475],[165.127848,-21.330016],[165.130118,-21.329614],[165.130807,-21.331497],[165.132536,-21.332707],[165.134445,-21.330982],[165.136055,-21.332674],[165.135699,-21.335236],[165.131365,-21.337471],[165.130209,-21.340092],[165.134212,-21.339328],[165.137377,-21.340942],[165.136219,-21.343484],[165.134254,-21.345148],[165.135487,-21.346711],[165.137521,-21.346239],[165.139443,-21.347309],[165.137692,-21.349825],[165.140121,-21.351994],[165.142855,-21.35256],[165.142709,-21.347678],[165.143905,-21.347816],[165.147594,-21.350626],[165.147541,-21.34803],[165.150594,-21.34661],[165.15411,-21.347805],[165.15634,-21.34633],[165.15643,-21.351832],[165.153276,-21.349786],[165.151407,-21.353077],[165.148947,-21.352197],[165.147294,-21.355544],[165.144786,-21.355407],[165.143394,-21.356299],[165.139964,-21.356416],[165.140038,-21.357646],[165.143601,-21.359115],[165.142199,-21.361277],[165.146272,-21.363629],[165.146776,-21.367969],[165.145965,-21.370095],[165.143988,-21.372495],[165.143081,-21.374603],[165.145773,-21.377433],[165.144673,-21.378655],[165.147121,-21.380589],[165.148547,-21.378839],[165.150277,-21.38521],[165.146055,-21.387043],[165.144196,-21.388659],[165.141709,-21.38903],[165.13789,-21.392473],[165.136126,-21.392659],[165.133486,-21.389073],[165.128016,-21.387802],[165.126574,-21.389422],[165.123634,-21.389625],[165.123334,-21.39228],[165.120781,-21.396078],[165.118388,-21.398794],[165.116219,-21.400337],[165.111172,-21.401417],[165.111239,-21.404694],[165.115964,-21.4054],[165.119816,-21.404496],[165.122266,-21.405783],[165.125227,-21.405546],[165.126199,-21.409315],[165.125655,-21.4115],[165.123639,-21.413934],[165.123685,-21.418874],[165.125499,-21.419559],[165.126567,-21.421838],[165.128155,-21.420607],[165.130311,-21.420264],[165.135111,-21.420813],[165.13574,-21.422341],[165.133323,-21.426999],[165.136104,-21.427992],[165.138239,-21.425332],[165.138589,-21.428367],[165.140909,-21.429575],[165.137222,-21.432277],[165.137225,-21.437685],[165.137879,-21.441864],[165.137001,-21.444139],[165.140172,-21.44789],[165.145365,-21.452567],[165.145304,-21.455791],[165.146039,-21.458044],[165.149276,-21.459612],[165.147808,-21.460656],[165.152677,-21.464185],[165.153745,-21.465949],[165.157108,-21.468264],[165.15924,-21.469132],[165.161222,-21.470968],[165.161069,-21.47258],[165.16467,-21.475083],[165.166028,-21.473926],[165.168921,-21.477171],[165.172517,-21.476843],[165.171665,-21.47487],[165.175159,-21.475484],[165.177679,-21.478451],[165.179955,-21.47836],[165.181761,-21.479909],[165.182063,-21.481983],[165.183531,-21.485076],[165.185448,-21.485515],[165.186807,-21.487082],[165.192128,-21.486931],[165.196748,-21.484511],[165.20007,-21.486703],[165.199943,-21.489116],[165.201924,-21.490176],[165.204698,-21.490632],[165.205095,-21.492592],[165.206661,-21.493236],[165.210061,-21.492916],[165.214426,-21.489577],[165.215399,-21.487985],[165.219514,-21.488356],[165.21857,-21.490077],[165.216541,-21.489514],[165.214514,-21.493242],[165.212832,-21.494912],[165.213672,-21.497657],[165.212809,-21.500099],[165.214493,-21.502156],[165.216601,-21.502497],[165.220622,-21.50104],[165.224351,-21.500183],[165.223806,-21.498334],[165.225521,-21.497202],[165.227482,-21.494156],[165.232506,-21.492097],[165.232731,-21.490796],[165.237203,-21.489514],[165.239527,-21.491906],[165.237415,-21.49297],[165.236443,-21.49466],[165.23735,-21.495883],[165.233501,-21.4981],[165.232147,-21.498253],[165.23105,-21.501189],[165.232579,-21.505304],[165.23204,-21.508652],[165.233925,-21.509263],[165.233974,-21.51168],[165.232095,-21.51435],[165.234438,-21.515074],[165.239129,-21.511372],[165.241139,-21.511317],[165.243887,-21.512483],[165.246689,-21.51242],[165.250595,-21.513638],[165.251601,-21.512119],[165.249098,-21.508756],[165.251631,-21.508074],[165.25512,-21.509544],[165.256352,-21.507194],[165.258643,-21.508441],[165.26115,-21.508252],[165.262214,-21.509169],[165.264454,-21.508513],[165.265779,-21.509459],[165.263258,-21.511957],[165.262212,-21.514039],[165.263406,-21.516887],[165.265647,-21.514547],[165.269192,-21.514744],[165.275729,-21.512893],[165.276182,-21.514445],[165.278681,-21.515044],[165.280143,-21.517565],[165.283788,-21.519283],[165.282273,-21.521186],[165.274826,-21.525886],[165.273035,-21.527764],[165.270212,-21.528799],[165.268105,-21.530748],[165.262656,-21.531164],[165.259577,-21.53265],[165.259694,-21.53623],[165.261579,-21.539971],[165.261625,-21.542927],[165.262852,-21.546058],[165.26196,-21.547234],[165.261874,-21.549698],[165.264618,-21.549369],[165.265987,-21.550722],[165.267401,-21.553653],[165.267061,-21.556557],[165.273535,-21.562234],[165.278408,-21.567543],[165.286357,-21.573018],[165.29538,-21.575247],[165.300299,-21.577652],[165.306736,-21.579571],[165.311552,-21.582281],[165.314914,-21.582765],[165.317169,-21.583802],[165.32523,-21.585349],[165.329231,-21.586481],[165.33624,-21.589106],[165.339228,-21.589035],[165.338937,-21.59067],[165.340868,-21.592953],[165.345262,-21.594488],[165.350798,-21.595099],[165.355688,-21.596427],[165.36079,-21.598223],[165.367575,-21.602844],[165.371225,-21.603722],[165.373882,-21.603458],[165.374437,-21.605312],[165.377611,-21.607178],[165.381883,-21.608897],[165.393019,-21.612336],[165.399132,-21.612995],[165.40673,-21.6146],[165.410726,-21.616249],[165.416312,-21.617075],[165.416983,-21.618083],[165.420202,-21.61799],[165.423164,-21.618527],[165.425908,-21.619715],[165.428555,-21.61985],[165.431106,-21.619],[165.434456,-21.616978],[165.436332,-21.616592],[165.435951,-21.613719],[165.433499,-21.610435],[165.434867,-21.607455],[165.437619,-21.605184],[165.44103,-21.605105],[165.444369,-21.603736],[165.446313,-21.604494],[165.447645,-21.606466],[165.449483,-21.605065],[165.451163,-21.605116],[165.45216,-21.606699],[165.458813,-21.607383],[165.462476,-21.611599],[165.464128,-21.614684],[165.464645,-21.619013],[165.465356,-21.620787],[165.470295,-21.619122],[165.470659,-21.617126],[165.469226,-21.615269],[165.467703,-21.610515],[165.46554,-21.610357],[165.462458,-21.608602],[165.46164,-21.606385],[165.46173,-21.604015],[165.464527,-21.603864],[165.470897,-21.605404],[165.47375,-21.605362],[165.475486,-21.602692],[165.478243,-21.602265],[165.482326,-21.600697],[165.483987,-21.600554],[165.488278,-21.601731],[165.488773,-21.60315],[165.484029,-21.60158],[165.479842,-21.603026],[165.476091,-21.607078],[165.474744,-21.60956],[165.474239,-21.613545],[165.474954,-21.616355],[165.473349,-21.620432],[165.468812,-21.621436],[165.466796,-21.622688],[165.46449,-21.623053],[165.461641,-21.622601],[165.458859,-21.624239],[165.460123,-21.626319],[165.460602,-21.629029],[165.460041,-21.63182],[165.46381,-21.632655],[165.46783,-21.632217],[165.469711,-21.632772],[165.477041,-21.628464],[165.48105,-21.628106],[165.482921,-21.622997],[165.48551,-21.62431],[165.48862,-21.623601],[165.489279,-21.625449],[165.490939,-21.626934],[165.493857,-21.626983],[165.497947,-21.629255],[165.500718,-21.6287],[165.505926,-21.63167],[165.506463,-21.633292],[165.510573,-21.636234],[165.515074,-21.638122],[165.514004,-21.640472],[165.515865,-21.641048],[165.513611,-21.643274],[165.512221,-21.641931],[165.511929,-21.639747],[165.508044,-21.64305],[165.506958,-21.641217],[165.504008,-21.641445],[165.502975,-21.639066],[165.501342,-21.641131],[165.497369,-21.640648],[165.493429,-21.637286],[165.49059,-21.636797],[165.488358,-21.637145],[165.485796,-21.639951],[165.482693,-21.641023],[165.480939,-21.643529],[165.478575,-21.640276],[165.473334,-21.639871],[165.470955,-21.640877],[165.467891,-21.64335],[165.468149,-21.646171],[165.470319,-21.651008],[165.47132,-21.649998],[165.473617,-21.652282],[165.478663,-21.655053],[165.480684,-21.658051],[165.483424,-21.659674],[165.485317,-21.662527],[165.488227,-21.663316],[165.490225,-21.663052],[165.492675,-21.665405],[165.49679,-21.672745],[165.498339,-21.673958],[165.502233,-21.674739],[165.519352,-21.686257],[165.520352,-21.684891],[165.52477,-21.682409],[165.525253,-21.683895],[165.528357,-21.686242],[165.528474,-21.6871],[165.531903,-21.689503],[165.535119,-21.693139],[165.538085,-21.694143],[165.537191,-21.695971],[165.538502,-21.698217],[165.541185,-21.699935],[165.543178,-21.702596],[165.545054,-21.702138],[165.548727,-21.703328],[165.551655,-21.70241],[165.554392,-21.703119],[165.55624,-21.700226],[165.557718,-21.699497],[165.560258,-21.701962],[165.56003,-21.703515],[165.557331,-21.706642],[165.560106,-21.70801],[165.564131,-21.707445],[165.564825,-21.705909],[165.569015,-21.702901],[165.571674,-21.703397],[165.573605,-21.704778],[165.573776,-21.70721],[165.576451,-21.705766],[165.579672,-21.708336],[165.579444,-21.711659],[165.582251,-21.711334],[165.58405,-21.715453],[165.585393,-21.716258],[165.587901,-21.714951],[165.589781,-21.711119],[165.59395,-21.710124],[165.596025,-21.711516],[165.597569,-21.710585],[165.600525,-21.710774],[165.60279,-21.713],[165.60444,-21.711553],[165.605654,-21.709186],[165.611168,-21.704619],[165.612618,-21.704191],[165.614902,-21.706526],[165.611774,-21.71037],[165.611253,-21.712803],[165.612707,-21.717768],[165.608595,-21.721726],[165.609625,-21.722531],[165.614025,-21.720385],[165.615825,-21.718024],[165.616426,-21.715027],[165.619794,-21.713587],[165.626125,-21.70978],[165.624791,-21.715044],[165.624672,-21.71893],[165.623712,-21.719949],[165.625085,-21.722068],[165.627119,-21.726812],[165.624362,-21.730189],[165.62371,-21.734275],[165.626004,-21.734043],[165.627665,-21.734785],[165.630318,-21.733154],[165.631595,-21.731368],[165.631561,-21.728918],[165.633134,-21.728898],[165.633459,-21.72642],[165.632795,-21.72413],[165.636445,-21.722147],[165.636099,-21.724727],[165.637031,-21.725871],[165.640569,-21.725028],[165.642146,-21.72761],[165.643919,-21.724573],[165.650674,-21.719987],[165.653131,-21.719104],[165.652473,-21.716303],[165.654223,-21.712126],[165.655784,-21.715593],[165.658788,-21.714173],[165.66344,-21.712996],[165.662339,-21.707086],[165.660123,-21.706016],[165.659068,-21.703718],[165.660562,-21.702443],[165.663373,-21.703605],[165.665204,-21.703553],[165.665679,-21.707461],[165.66928,-21.706717],[165.670521,-21.708258],[165.672619,-21.705796],[165.674567,-21.705266],[165.674606,-21.707492],[165.676361,-21.707602],[165.675293,-21.710478],[165.67693,-21.713252],[165.675914,-21.715481],[165.676412,-21.717027],[165.679204,-21.716602],[165.680925,-21.714922],[165.684434,-21.714762],[165.684253,-21.716224],[165.680764,-21.718991],[165.679848,-21.720655],[165.676461,-21.720797],[165.671847,-21.72014],[165.670585,-21.722355],[165.674072,-21.72219],[165.67797,-21.723642],[165.681719,-21.722699],[165.683013,-21.724553],[165.685494,-21.724112],[165.689117,-21.727207],[165.687492,-21.729897],[165.684769,-21.729132],[165.682971,-21.730292],[165.678985,-21.731018],[165.675452,-21.730873],[165.678114,-21.735177],[165.675323,-21.737685],[165.67353,-21.743738],[165.674842,-21.745121],[165.678514,-21.7437],[165.688992,-21.743916],[165.690259,-21.742163],[165.693808,-21.740915],[165.695326,-21.741491],[165.696779,-21.743594],[165.697293,-21.745742],[165.694507,-21.746732],[165.695942,-21.749758],[165.695759,-21.752643],[165.692447,-21.755772],[165.694146,-21.758012],[165.696994,-21.758431],[165.700047,-21.760652],[165.707165,-21.755346],[165.709289,-21.754473],[165.707795,-21.752319],[165.704898,-21.752848],[165.701543,-21.751374],[165.700541,-21.749617],[165.702813,-21.744428],[165.703453,-21.741134],[165.708032,-21.738519],[165.709758,-21.739417],[165.712423,-21.737865],[165.712572,-21.73659],[165.714876,-21.735115],[165.716209,-21.735556],[165.718101,-21.73395],[165.718765,-21.730428],[165.718137,-21.729339],[165.719653,-21.727078],[165.721954,-21.727952],[165.723313,-21.725767],[165.726849,-21.725845],[165.72717,-21.724016],[165.723758,-21.724435],[165.723554,-21.722987],[165.724835,-21.721048],[165.723757,-21.719438],[165.72225,-21.719792],[165.721648,-21.722553],[165.720237,-21.723559],[165.720253,-21.725691],[165.716764,-21.725222],[165.714067,-21.726088],[165.713896,-21.723336],[165.710648,-21.722328],[165.711099,-21.721032],[165.714168,-21.721005],[165.714422,-21.717943],[165.716808,-21.717227],[165.718699,-21.714604],[165.717722,-21.71308],[165.714565,-21.711191],[165.712423,-21.710838],[165.707958,-21.711398],[165.708766,-21.70974],[165.710752,-21.709876],[165.713034,-21.707335],[165.715853,-21.705645],[165.718226,-21.705724],[165.721618,-21.707437],[165.723295,-21.705124],[165.723798,-21.70303],[165.72691,-21.703716],[165.729706,-21.703243],[165.731258,-21.706089],[165.734469,-21.705921],[165.736497,-21.708326],[165.741726,-21.710592],[165.744946,-21.707776],[165.746496,-21.705299],[165.747511,-21.701998],[165.746285,-21.699587],[165.743933,-21.697158],[165.745042,-21.696228],[165.750325,-21.699933],[165.751274,-21.701568],[165.754235,-21.700398],[165.756023,-21.702347],[165.753748,-21.702945],[165.750185,-21.702874],[165.749993,-21.70459],[165.748279,-21.707522],[165.74999,-21.71051],[165.752911,-21.711198],[165.755881,-21.714219],[165.759383,-21.715915],[165.763041,-21.719067],[165.76924,-21.720488],[165.771074,-21.72185],[165.77323,-21.721529],[165.773444,-21.719549],[165.777114,-21.716757],[165.778636,-21.720619],[165.78108,-21.722188],[165.78117,-21.723359],[165.777755,-21.725695],[165.779024,-21.72643],[165.77849,-21.729455],[165.779584,-21.731467],[165.781879,-21.732948],[165.783425,-21.731863],[165.783561,-21.729865],[165.782258,-21.726764],[165.785467,-21.725009],[165.787141,-21.726256],[165.786104,-21.728899],[165.78424,-21.73006],[165.785066,-21.731635],[165.78872,-21.728812],[165.787928,-21.725433],[165.78769,-21.721269],[165.792036,-21.720152],[165.795001,-21.721893],[165.794965,-21.723213],[165.799794,-21.722146],[165.799382,-21.725024],[165.797238,-21.723454],[165.794466,-21.724401],[165.794457,-21.7255],[165.798093,-21.726849],[165.796252,-21.728767],[165.793505,-21.729047],[165.792571,-21.731264],[165.795609,-21.733582],[165.793559,-21.735436],[165.792563,-21.737623],[165.788698,-21.738352],[165.787935,-21.739704],[165.785944,-21.73892],[165.784153,-21.74065],[165.780942,-21.741423],[165.778951,-21.743412],[165.777479,-21.74254],[165.775623,-21.744522],[165.773461,-21.74405],[165.770985,-21.746878],[165.769275,-21.74474],[165.770299,-21.742809],[165.769004,-21.741649],[165.766941,-21.737094],[165.763752,-21.736345],[165.761765,-21.736831],[165.757671,-21.741376],[165.755593,-21.74114],[165.751398,-21.736066],[165.749935,-21.735221],[165.748924,-21.732505],[165.74571,-21.730011],[165.743292,-21.7309],[165.749082,-21.737061],[165.749136,-21.738181],[165.745938,-21.739245],[165.745066,-21.742077],[165.745123,-21.744363],[165.743367,-21.744667],[165.742037,-21.74243],[165.739278,-21.741197],[165.734556,-21.741179],[165.729262,-21.738626],[165.728616,-21.740767],[165.726722,-21.742755],[165.727702,-21.74482],[165.732433,-21.748531],[165.73392,-21.751256],[165.736436,-21.752357],[165.73897,-21.752471],[165.742883,-21.753838],[165.744935,-21.755305],[165.745827,-21.75431],[165.748793,-21.754901],[165.7492,-21.756313],[165.753158,-21.758177],[165.754457,-21.760415],[165.757181,-21.760337],[165.761434,-21.763512],[165.764563,-21.765358],[165.771314,-21.767765],[165.773548,-21.764331],[165.775251,-21.765756],[165.773591,-21.769666],[165.77741,-21.768685],[165.777499,-21.7702],[165.77352,-21.771432],[165.770781,-21.775754],[165.769514,-21.779663],[165.765811,-21.781398],[165.763481,-21.779801],[165.762405,-21.781056],[165.760101,-21.780993],[165.757237,-21.782928],[165.755734,-21.782357],[165.753572,-21.784],[165.757589,-21.787867],[165.760608,-21.788775],[165.762619,-21.791537],[165.762817,-21.79474],[165.762012,-21.795765],[165.761923,-21.799211],[165.763998,-21.8028],[165.768266,-21.803506],[165.769991,-21.809083],[165.775969,-21.811196],[165.777794,-21.808938],[165.77841,-21.804693],[165.781208,-21.805414],[165.783047,-21.804932],[165.783102,-21.801976],[165.780703,-21.800275],[165.777621,-21.793019],[165.779022,-21.790031],[165.781409,-21.788928],[165.786164,-21.78864],[165.787445,-21.789428],[165.790546,-21.784731],[165.791634,-21.784494],[165.793007,-21.788846],[165.797565,-21.789067],[165.799254,-21.790619],[165.80261,-21.789322],[165.804376,-21.791625],[165.808547,-21.791676],[165.80731,-21.7937],[165.801709,-21.795298],[165.802759,-21.79746],[165.800376,-21.798761],[165.799854,-21.800555],[165.801307,-21.802232],[165.800639,-21.804062],[165.796766,-21.808252],[165.797803,-21.810757],[165.801391,-21.810582],[165.803277,-21.808327],[165.806998,-21.806805],[165.808282,-21.80823],[165.808236,-21.810726],[165.809743,-21.814573],[165.811925,-21.812815],[165.815359,-21.814286],[165.813673,-21.815385],[165.813746,-21.817033],[165.815974,-21.817927],[165.818908,-21.82035],[165.820757,-21.820033],[165.819532,-21.81601],[165.819715,-21.812402],[165.821986,-21.812457],[165.822786,-21.810426],[165.825353,-21.811072],[165.825054,-21.813757],[165.826607,-21.816625],[165.830899,-21.818212],[165.828077,-21.820288],[165.828663,-21.822263],[165.831932,-21.827597],[165.830205,-21.829579],[165.831457,-21.832201],[165.8299,-21.833257],[165.833644,-21.835261],[165.83437,-21.837126],[165.832968,-21.837885],[165.834697,-21.841555],[165.834421,-21.843877],[165.835907,-21.845359],[165.839759,-21.846935],[165.838542,-21.847904],[165.837923,-21.852793],[165.835891,-21.853793],[165.829148,-21.854212],[165.825818,-21.853167],[165.825244,-21.851086],[165.820604,-21.850338],[165.818624,-21.852052],[165.816628,-21.851573],[165.813561,-21.852039],[165.811815,-21.84938],[165.81409,-21.847946],[165.809642,-21.843671],[165.808583,-21.844656],[165.810598,-21.848671],[165.809377,-21.852594],[165.808418,-21.854032],[165.808512,-21.856152],[165.809692,-21.858838],[165.812064,-21.860884],[165.817466,-21.862508],[165.819638,-21.864504],[165.819846,-21.867574],[165.818612,-21.870518],[165.819845,-21.872952],[165.82601,-21.87023],[165.831497,-21.866577],[165.834562,-21.865347],[165.83968,-21.865685],[165.842188,-21.864582],[165.84497,-21.864347],[165.84711,-21.865279],[165.848063,-21.863029],[165.851111,-21.860122],[165.850747,-21.858793],[165.853321,-21.856894],[165.854714,-21.858081],[165.85677,-21.857106],[165.862332,-21.85844],[165.863096,-21.860384],[165.86569,-21.85762],[165.865631,-21.856299],[165.867706,-21.855191],[165.868856,-21.856135],[165.86862,-21.859099],[165.869282,-21.86138],[165.871572,-21.862127],[165.875157,-21.858505],[165.87824,-21.860861],[165.87673,-21.865572],[165.87862,-21.867246],[165.884484,-21.865004],[165.890176,-21.864942],[165.892709,-21.866199],[165.896877,-21.866049],[165.90106,-21.867049],[165.906047,-21.871105],[165.909738,-21.871934],[165.914483,-21.875145],[165.917623,-21.878987],[165.920797,-21.879796],[165.923306,-21.882372],[165.925384,-21.88573],[165.927455,-21.887646],[165.930244,-21.893532],[165.931657,-21.894163],[165.934197,-21.897647],[165.936026,-21.902076],[165.937389,-21.900836],[165.938925,-21.905606],[165.942078,-21.906051],[165.943292,-21.90798],[165.944787,-21.913077],[165.944126,-21.91583],[165.941363,-21.916636],[165.935949,-21.914903],[165.935356,-21.913288],[165.933085,-21.912595],[165.932337,-21.913802],[165.932581,-21.916516],[165.937256,-21.915796],[165.940358,-21.918014],[165.942291,-21.918377],[165.944901,-21.917158],[165.946991,-21.918181],[165.948233,-21.920734],[165.94969,-21.922035],[165.948594,-21.923594],[165.949023,-21.925194],[165.951976,-21.924876],[165.956844,-21.922919],[165.960459,-21.922808],[165.963606,-21.923287],[165.965196,-21.924418],[165.965651,-21.92636],[165.967933,-21.926751],[165.971328,-21.929653],[165.973342,-21.929357],[165.974938,-21.930239],[165.97888,-21.929109],[165.981861,-21.930813],[165.981011,-21.932685],[165.981995,-21.934251],[165.982481,-21.937154],[165.980495,-21.940246],[165.976704,-21.940702],[165.977188,-21.942771],[165.978913,-21.945872],[165.982588,-21.945855],[165.983367,-21.943247],[165.982806,-21.939483],[165.985064,-21.93775],[165.988673,-21.937811],[165.990054,-21.939137],[165.994389,-21.941088],[165.995571,-21.943876],[165.998271,-21.946981],[166.000062,-21.946379],[166.002618,-21.946837],[166.003565,-21.948279],[166.001936,-21.95351],[166.002315,-21.954661],[166.000225,-21.957258],[165.997356,-21.958683],[165.9957,-21.95835],[165.990461,-21.959133],[165.994499,-21.963108],[165.996877,-21.964855],[166.002592,-21.967164],[166.000535,-21.963703],[165.999793,-21.961124],[166.000492,-21.959454],[166.002762,-21.959489],[166.002954,-21.954753],[166.005522,-21.953909],[166.00632,-21.955993],[166.009067,-21.955215],[166.009485,-21.952606],[166.012988,-21.949622],[166.013554,-21.947804],[166.012101,-21.946349],[166.005477,-21.943957],[166.006254,-21.937057],[166.011389,-21.932589],[166.014709,-21.931175],[166.016717,-21.931711],[166.018494,-21.930563],[166.018793,-21.928315],[166.021379,-21.928289],[166.023573,-21.926688],[166.025764,-21.928233],[166.025859,-21.929529],[166.024088,-21.932015],[166.022966,-21.935139],[166.023948,-21.937529],[166.02752,-21.940738],[166.030191,-21.941831],[166.032707,-21.941691],[166.034969,-21.939166],[166.03481,-21.936223],[166.033494,-21.934377],[166.034552,-21.931748],[166.03626,-21.930385],[166.033152,-21.929034],[166.031096,-21.926459],[166.031395,-21.924692],[166.030659,-21.918933],[166.028435,-21.918841],[166.026046,-21.915051],[166.028423,-21.910288],[166.026766,-21.907599],[166.023505,-21.905451],[166.02313,-21.903313],[166.024176,-21.90112],[166.026179,-21.904009],[166.029853,-21.903329],[166.028238,-21.900953],[166.028123,-21.899242],[166.030931,-21.89865],[166.035677,-21.900003],[166.036393,-21.896144],[166.033214,-21.89442],[166.027406,-21.892598],[166.029466,-21.889975],[166.031718,-21.888856],[166.030606,-21.886587],[166.032615,-21.885463],[166.032926,-21.88133],[166.035135,-21.880878],[166.036646,-21.881807],[166.040505,-21.881428],[166.040987,-21.884331],[166.04335,-21.884079],[166.045535,-21.885684],[166.047145,-21.884824],[166.049686,-21.885272],[166.049625,-21.883306],[166.054053,-21.879969],[166.053391,-21.877959],[166.055586,-21.875837],[166.058884,-21.876953],[166.058796,-21.87979],[166.062473,-21.878838],[166.064706,-21.881703],[166.066058,-21.881575],[166.068335,-21.883125],[166.068455,-21.885916],[166.069447,-21.887069],[166.065172,-21.894364],[166.064567,-21.89741],[166.065415,-21.900341],[166.064593,-21.902956],[166.065322,-21.904027],[166.065326,-21.911077],[166.069413,-21.914173],[166.070915,-21.911797],[166.074219,-21.909173],[166.076405,-21.910244],[166.074932,-21.912947],[166.078005,-21.913118],[166.079096,-21.915851],[166.081227,-21.918307],[166.082934,-21.922678],[166.084266,-21.923698],[166.08192,-21.926515],[166.083187,-21.928446],[166.082345,-21.93052],[166.079652,-21.932675],[166.080375,-21.936575],[166.077045,-21.937123],[166.076747,-21.935091],[166.077945,-21.934294],[166.073203,-21.931979],[166.071065,-21.930288],[166.071402,-21.9353],[166.070176,-21.937927],[166.072255,-21.940443],[166.07191,-21.943627],[166.072846,-21.944836],[166.074635,-21.941383],[166.078182,-21.94042],[166.078541,-21.93902],[166.081542,-21.936367],[166.086796,-21.936829],[166.087417,-21.934695],[166.088882,-21.934013],[166.086993,-21.930318],[166.084571,-21.928279],[166.084822,-21.926665],[166.086716,-21.925445],[166.087973,-21.927254],[166.089407,-21.926098],[166.088835,-21.924719],[166.08993,-21.923618],[166.091491,-21.918805],[166.086892,-21.916001],[166.086292,-21.913917],[166.084043,-21.914353],[166.083043,-21.91197],[166.085703,-21.911008],[166.08738,-21.909422],[166.089586,-21.911709],[166.088962,-21.914999],[166.090679,-21.917023],[166.091611,-21.919021],[166.089705,-21.926044],[166.088291,-21.927363],[166.089292,-21.929061],[166.092419,-21.929787],[166.095031,-21.928721],[166.096474,-21.928937],[166.099443,-21.931593],[166.099999,-21.929725],[166.10171,-21.929877],[166.101248,-21.934778],[166.098312,-21.93577],[166.098832,-21.939331],[166.101651,-21.942531],[166.098709,-21.943807],[166.100104,-21.945244],[166.102418,-21.94321],[166.102383,-21.940467],[166.103766,-21.938522],[166.10392,-21.935841],[166.106493,-21.932459],[166.111762,-21.930002],[166.114242,-21.928243],[166.11606,-21.928495],[166.115657,-21.931257],[166.11373,-21.932447],[166.111607,-21.93269],[166.109997,-21.93115],[166.105854,-21.933615],[166.104682,-21.935705],[166.104167,-21.938508],[166.102972,-21.940768],[166.10458,-21.942196],[166.106141,-21.941659],[166.105404,-21.939082],[166.105757,-21.937374],[166.109226,-21.935774],[166.110782,-21.937444],[166.114612,-21.936695],[166.114276,-21.934287],[166.1156,-21.933154],[166.117029,-21.936568],[166.120042,-21.939249],[166.122914,-21.939724],[166.125206,-21.941464],[166.125367,-21.943781],[166.126402,-21.94514],[166.130095,-21.947263],[166.134116,-21.948898],[166.135758,-21.950956],[166.139445,-21.952745],[166.139324,-21.959037],[166.143177,-21.961842],[166.150287,-21.96105],[166.1516,-21.962079],[166.152432,-21.964406],[166.156152,-21.966007],[166.159292,-21.966024],[166.165918,-21.968886],[166.168902,-21.970602],[166.167401,-21.972543],[166.169157,-21.97418],[166.167965,-21.975299],[166.164297,-21.974064],[166.163624,-21.977131],[166.164032,-21.981822],[166.162238,-21.98517],[166.160359,-21.984285],[166.1599,-21.987419],[166.15717,-21.987136],[166.156029,-21.988773],[166.150306,-21.988701],[166.150874,-21.990433],[166.149354,-21.992624],[166.148627,-21.997054],[166.150555,-21.997371],[166.152207,-21.996021],[166.159668,-21.993601],[166.161887,-21.993721]],[[164.846838,-21.077007],[164.849521,-21.081597],[164.84537,-21.081064],[164.847549,-21.078987],[164.846838,-21.077007]],[[164.283391,-20.564357],[164.286114,-20.564764],[164.289704,-20.564564],[164.287064,-20.568071],[164.287584,-20.569775],[164.284968,-20.570386],[164.281484,-20.568818],[164.280612,-20.566458],[164.283391,-20.564357]],[[165.822699,-21.868285],[165.821505,-21.867305],[165.823175,-21.865424],[165.825284,-21.865767],[165.825841,-21.8671],[165.822699,-21.868285]],[[166.191239,-22.016956],[166.192392,-22.014794],[166.193782,-22.017016],[166.191239,-22.016956]],[[166.126173,-22.09223],[166.125397,-22.090602],[166.129967,-22.087649],[166.129024,-22.091513],[166.128985,-22.095885],[166.126791,-22.095833],[166.126173,-22.09223]],[[164.861555,-21.140284],[164.862462,-21.138459],[164.862316,-21.13546],[164.864761,-21.135198],[164.861555,-21.140284]],[[164.700173,-21.042107],[164.702686,-21.042286],[164.705671,-21.044796],[164.705687,-21.047112],[164.699961,-21.042492],[164.700173,-21.042107]]],[[[165.458166,-21.659612],[165.460677,-21.660068],[165.461253,-21.658747],[165.458692,-21.657118],[165.458166,-21.659612]]],[[[166.077399,-21.489556],[166.079738,-21.489056],[166.07873,-21.483853],[166.075766,-21.48338],[166.072977,-21.486037],[166.069986,-21.490209],[166.069739,-21.491324],[166.073686,-21.49111],[166.075405,-21.489629],[166.077399,-21.489556]]],[[[166.404903,-22.216944],[166.406853,-22.217722],[166.409374,-22.216162],[166.407038,-22.215124],[166.406615,-22.213178],[166.403734,-22.210726],[166.402372,-22.212712],[166.399748,-22.213164],[166.398609,-22.215011],[166.402942,-22.218454],[166.404903,-22.216944]]],[[[164.944308,-20.67196],[164.942135,-20.672127],[164.941688,-20.674109],[164.94341,-20.675326],[164.947012,-20.674827],[164.946593,-20.672886],[164.944308,-20.67196]]],[[[165.05146,-20.664525],[165.054336,-20.663258],[165.050886,-20.661844],[165.049837,-20.663326],[165.05146,-20.664525]]],[[[164.989674,-20.647124],[164.986909,-20.643471],[164.984506,-20.643858],[164.986123,-20.646927],[164.988454,-20.648125],[164.989674,-20.647124]]],[[[164.936087,-20.623191],[164.934479,-20.624949],[164.935358,-20.626456],[164.939438,-20.625534],[164.940601,-20.62399],[164.940846,-20.621855],[164.936087,-20.623191]]],[[[165.638535,-21.272615],[165.635505,-21.271373],[165.634007,-21.272993],[165.634959,-21.274953],[165.637525,-21.275038],[165.638535,-21.272615]]],[[[165.623819,-21.271289],[165.620808,-21.27143],[165.620115,-21.273671],[165.623747,-21.27484],[165.627099,-21.274934],[165.629852,-21.274143],[165.631021,-21.271922],[165.628351,-21.271195],[165.627329,-21.268558],[165.62546,-21.270779],[165.623819,-21.271289]]],[[[165.632651,-21.267672],[165.630574,-21.268365],[165.631802,-21.270683],[165.635061,-21.269605],[165.632651,-21.267672]]],[[[165.625477,-21.262005],[165.627543,-21.26556],[165.629803,-21.265155],[165.625477,-21.262005]]],[[[167.453924,-22.707249],[167.454263,-22.710056],[167.455281,-22.711394],[167.461041,-22.711499],[167.463867,-22.709908],[167.464469,-22.708619],[167.46679,-22.707467],[167.46705,-22.704993],[167.465054,-22.70547],[167.462758,-22.70442],[167.460702,-22.705121],[167.458029,-22.707171],[167.453924,-22.707249]]],[[[167.456597,-22.672856],[167.459725,-22.674023],[167.460106,-22.672689],[167.456597,-22.672856]]],[[[167.420177,-22.670646],[167.421494,-22.672718],[167.424292,-22.67319],[167.426392,-22.671519],[167.426127,-22.670176],[167.423548,-22.669024],[167.420177,-22.670646]]],[[[167.393121,-22.65073],[167.39491,-22.652705],[167.395524,-22.649014],[167.393121,-22.65073]]],[[[167.505119,-22.688583],[167.506017,-22.691097],[167.507747,-22.692126],[167.512003,-22.692023],[167.517469,-22.691179],[167.523574,-22.691711],[167.526795,-22.692663],[167.532049,-22.692922],[167.54294,-22.694817],[167.546037,-22.695024],[167.547219,-22.692478],[167.548695,-22.691468],[167.550444,-22.686068],[167.550296,-22.682622],[167.552225,-22.680299],[167.555529,-22.673068],[167.557296,-22.67095],[167.557342,-22.667413],[167.555268,-22.665073],[167.555666,-22.663412],[167.554838,-22.661066],[167.55123,-22.658279],[167.54961,-22.655028],[167.546422,-22.654311],[167.545403,-22.65282],[167.54233,-22.654059],[167.541757,-22.652343],[167.538559,-22.650737],[167.537152,-22.650931],[167.534023,-22.649622],[167.531057,-22.646738],[167.531126,-22.644134],[167.527854,-22.643176],[167.526617,-22.644692],[167.526478,-22.647785],[167.52448,-22.652465],[167.521949,-22.655453],[167.519974,-22.65687],[167.520051,-22.659769],[167.519278,-22.661382],[167.518993,-22.664732],[167.515082,-22.668376],[167.514048,-22.665259],[167.51228,-22.66684],[167.511615,-22.669674],[167.51293,-22.66997],[167.515914,-22.673003],[167.517706,-22.677167],[167.522571,-22.677315],[167.524467,-22.673955],[167.525572,-22.673085],[167.533531,-22.67081],[167.538139,-22.666444],[167.543253,-22.665104],[167.544593,-22.664127],[167.5482,-22.665614],[167.550566,-22.668245],[167.552187,-22.671939],[167.552305,-22.674298],[167.548978,-22.67627],[167.547209,-22.676499],[167.544817,-22.679275],[167.539459,-22.680058],[167.534344,-22.683243],[167.533116,-22.687017],[167.530026,-22.687727],[167.525231,-22.686249],[167.522285,-22.686428],[167.517829,-22.685608],[167.512625,-22.683684],[167.511198,-22.686107],[167.506589,-22.687067],[167.505119,-22.688583]]],[[[167.412052,-22.638674],[167.413155,-22.6421],[167.414621,-22.643444],[167.41575,-22.641075],[167.414647,-22.639492],[167.412052,-22.638674]]],[[[167.532967,-22.645349],[167.533898,-22.646412],[167.537349,-22.646238],[167.538785,-22.643558],[167.536823,-22.641383],[167.53863,-22.640594],[167.537459,-22.636333],[167.535229,-22.636013],[167.534305,-22.637615],[167.53396,-22.64203],[167.532967,-22.645349]]],[[[167.407726,-22.622437],[167.408108,-22.623809],[167.41081,-22.623635],[167.415323,-22.618033],[167.413232,-22.618339],[167.411163,-22.61685],[167.408943,-22.616992],[167.409727,-22.619673],[167.409447,-22.621614],[167.407726,-22.622437]]],[[[167.520932,-22.581247],[167.522109,-22.58289],[167.525774,-22.584425],[167.524255,-22.58087],[167.524172,-22.579295],[167.523673,-22.578414],[167.524052,-22.577652],[167.519649,-22.576987],[167.517418,-22.57815],[167.518647,-22.580569],[167.520932,-22.581247]]],[[[167.523917,-22.578239],[167.524344,-22.579287],[167.524507,-22.58129],[167.528308,-22.583591],[167.529914,-22.582278],[167.529113,-22.579256],[167.527395,-22.576034],[167.52521,-22.574727],[167.525192,-22.577272],[167.523917,-22.578239]]],[[[167.512217,-22.568258],[167.515296,-22.570934],[167.518345,-22.569991],[167.516614,-22.568694],[167.512217,-22.568258]]],[[[167.514343,-22.562697],[167.514504,-22.565045],[167.515964,-22.567129],[167.518977,-22.567297],[167.519948,-22.56575],[167.5196,-22.562011],[167.517382,-22.56127],[167.515784,-22.562786],[167.514343,-22.562697]]],[[[167.420328,-22.640314],[167.420729,-22.642438],[167.419587,-22.644006],[167.421615,-22.646625],[167.421114,-22.649894],[167.419805,-22.650869],[167.420884,-22.652561],[167.424473,-22.650996],[167.425463,-22.648534],[167.429675,-22.648854],[167.433527,-22.651776],[167.433533,-22.653242],[167.435835,-22.654878],[167.43734,-22.654783],[167.439145,-22.652972],[167.442098,-22.653905],[167.443197,-22.656095],[167.443185,-22.659659],[167.442313,-22.661396],[167.440098,-22.662204],[167.436106,-22.661533],[167.434577,-22.663593],[167.436687,-22.664992],[167.436612,-22.666314],[167.43901,-22.668446],[167.441443,-22.669466],[167.441795,-22.662716],[167.443938,-22.661727],[167.447289,-22.661987],[167.446762,-22.664296],[167.447481,-22.666128],[167.44737,-22.66908],[167.452273,-22.66569],[167.455209,-22.666122],[167.458003,-22.667337],[167.461767,-22.667155],[167.465452,-22.668974],[167.468573,-22.66991],[167.47398,-22.672712],[167.475604,-22.672742],[167.482531,-22.674795],[167.493343,-22.675068],[167.495065,-22.672914],[167.500468,-22.670292],[167.503879,-22.670149],[167.503246,-22.666986],[167.50558,-22.661915],[167.508105,-22.658992],[167.510784,-22.657513],[167.51442,-22.657483],[167.516785,-22.655978],[167.519685,-22.655493],[167.522937,-22.651097],[167.523534,-22.64943],[167.522754,-22.646676],[167.52325,-22.644373],[167.520907,-22.642194],[167.521922,-22.639614],[167.520748,-22.637735],[167.516545,-22.637677],[167.515348,-22.636661],[167.514852,-22.63402],[167.516018,-22.629521],[167.516006,-22.623726],[167.516818,-22.618615],[167.518383,-22.613224],[167.521312,-22.606528],[167.523544,-22.605282],[167.525513,-22.601885],[167.529728,-22.599167],[167.532639,-22.600296],[167.533962,-22.603504],[167.533515,-22.60762],[167.531193,-22.613368],[167.529706,-22.613882],[167.529447,-22.616912],[167.528331,-22.619586],[167.529875,-22.623706],[167.532312,-22.622758],[167.535269,-22.624184],[167.538683,-22.624688],[167.539141,-22.627246],[167.53665,-22.626631],[167.536393,-22.629398],[167.536944,-22.631464],[167.539429,-22.631752],[167.540651,-22.629812],[167.543698,-22.629482],[167.546278,-22.633842],[167.546867,-22.636523],[167.544419,-22.640219],[167.544023,-22.642024],[167.541358,-22.646448],[167.543296,-22.647762],[167.546042,-22.647174],[167.550216,-22.645125],[167.552803,-22.645372],[167.552992,-22.643466],[167.549812,-22.641818],[167.55168,-22.63675],[167.55536,-22.63107],[167.557768,-22.630402],[167.55598,-22.625532],[167.55722,-22.622068],[167.556547,-22.618494],[167.557614,-22.617339],[167.557608,-22.615289],[167.556199,-22.613771],[167.554743,-22.610265],[167.55259,-22.607571],[167.552038,-22.605198],[167.55053,-22.603329],[167.547612,-22.602507],[167.546751,-22.600972],[167.547505,-22.597974],[167.546924,-22.595988],[167.544256,-22.593412],[167.538633,-22.59055],[167.536644,-22.590202],[167.53345,-22.587845],[167.530959,-22.584871],[167.529494,-22.584081],[167.525669,-22.584754],[167.52069,-22.583145],[167.519648,-22.581062],[167.51825,-22.581478],[167.5167,-22.577353],[167.516439,-22.574091],[167.51405,-22.572617],[167.510631,-22.56878],[167.510991,-22.564427],[167.509663,-22.56155],[167.510938,-22.559656],[167.510522,-22.557476],[167.506965,-22.556808],[167.504595,-22.557824],[167.495059,-22.559508],[167.48951,-22.556511],[167.488783,-22.554535],[167.486831,-22.55506],[167.482447,-22.553205],[167.481345,-22.551269],[167.478497,-22.549035],[167.475054,-22.548974],[167.470693,-22.54571],[167.468951,-22.545102],[167.465699,-22.542232],[167.458933,-22.541918],[167.453634,-22.539434],[167.449483,-22.538241],[167.448743,-22.538729],[167.444374,-22.535097],[167.443444,-22.538327],[167.444945,-22.540395],[167.445008,-22.542508],[167.443276,-22.543322],[167.445227,-22.54631],[167.443742,-22.547231],[167.442357,-22.544738],[167.440759,-22.544766],[167.43829,-22.543271],[167.436894,-22.541278],[167.434248,-22.54073],[167.434745,-22.538817],[167.429727,-22.537264],[167.429374,-22.539848],[167.430643,-22.543124],[167.431032,-22.546554],[167.429648,-22.548475],[167.426396,-22.54855],[167.423348,-22.549561],[167.421797,-22.551416],[167.420133,-22.551778],[167.416766,-22.555872],[167.415834,-22.565385],[167.417088,-22.568019],[167.416277,-22.570241],[167.417873,-22.571541],[167.418091,-22.575428],[167.419285,-22.579224],[167.421309,-22.58319],[167.423495,-22.585547],[167.424908,-22.588461],[167.424623,-22.593894],[167.422567,-22.598041],[167.419838,-22.600509],[167.417258,-22.601381],[167.413304,-22.604036],[167.414044,-22.606044],[167.419228,-22.606448],[167.420074,-22.609914],[167.417644,-22.61164],[167.419253,-22.613092],[167.421796,-22.612722],[167.424153,-22.615439],[167.423749,-22.616719],[167.42519,-22.619613],[167.425266,-22.62141],[167.420958,-22.62346],[167.422029,-22.625755],[167.424407,-22.626085],[167.42648,-22.625423],[167.428486,-22.628032],[167.429075,-22.630639],[167.427418,-22.633615],[167.425347,-22.633319],[167.421177,-22.635137],[167.418674,-22.635672],[167.417425,-22.639128],[167.420328,-22.640314]]],[[[167.408845,-22.540449],[167.410607,-22.540613],[167.41514,-22.537358],[167.41521,-22.53549],[167.411921,-22.535405],[167.410425,-22.537027],[167.408845,-22.540449]]],[[[167.41655,-22.533861],[167.416982,-22.535144],[167.419518,-22.53529],[167.418586,-22.532051],[167.41655,-22.533861]]],[[[167.41266,-22.531815],[167.415452,-22.531527],[167.414708,-22.530054],[167.41266,-22.531815]]],[[[167.428981,-22.528003],[167.429722,-22.531247],[167.43139,-22.530815],[167.431429,-22.527034],[167.428981,-22.528003]]],[[[167.42557,-22.527877],[167.425935,-22.529415],[167.428196,-22.530729],[167.428121,-22.527239],[167.42557,-22.527877]]],[[[167.418186,-22.525247],[167.418293,-22.527832],[167.420664,-22.528859],[167.423537,-22.525826],[167.422866,-22.524887],[167.419202,-22.523952],[167.418186,-22.525247]]],[[[164.396298,-20.715513],[164.400191,-20.715769],[164.402892,-20.716465],[164.403387,-20.715233],[164.399546,-20.714506],[164.396298,-20.715513]]],[[[164.403786,-20.701852],[164.401608,-20.703363],[164.405291,-20.704004],[164.406918,-20.701149],[164.406245,-20.699853],[164.403786,-20.701852]]],[[[164.365182,-20.703539],[164.367532,-20.70629],[164.370717,-20.707632],[164.37301,-20.70788],[164.374831,-20.706851],[164.368193,-20.706379],[164.37057,-20.704351],[164.369507,-20.702794],[164.365182,-20.703539]]],[[[164.364998,-20.689283],[164.364597,-20.690288],[164.365935,-20.692495],[164.36602,-20.694929],[164.371147,-20.696831],[164.373223,-20.696092],[164.373345,-20.692624],[164.377707,-20.690454],[164.377923,-20.688662],[164.374915,-20.687298],[164.371416,-20.688573],[164.368949,-20.690811],[164.364993,-20.690348],[164.364998,-20.689283]]],[[[164.187613,-20.560042],[164.184242,-20.556186],[164.183562,-20.55853],[164.185919,-20.559987],[164.187613,-20.560042]]],[[[164.039953,-20.406897],[164.038632,-20.405113],[164.036199,-20.404043],[164.033913,-20.404381],[164.03268,-20.405576],[164.035065,-20.406711],[164.039953,-20.406897]]],[[[164.082228,-20.369437],[164.084654,-20.368324],[164.085061,-20.365596],[164.083498,-20.365482],[164.082038,-20.367443],[164.082228,-20.369437]]],[[[164.105688,-20.359431],[164.104287,-20.358694],[164.102529,-20.359618],[164.103315,-20.362746],[164.105688,-20.359431]]],[[[165.851505,-21.897002],[165.853879,-21.898869],[165.855135,-21.897022],[165.850512,-21.894995],[165.847979,-21.892587],[165.845552,-21.891333],[165.843283,-21.892921],[165.84363,-21.895521],[165.847149,-21.894896],[165.851505,-21.897002]]],[[[165.757521,-21.811191],[165.755601,-21.810118],[165.754094,-21.814023],[165.75479,-21.815796],[165.751857,-21.817674],[165.752215,-21.820317],[165.754268,-21.822198],[165.757483,-21.82292],[165.761817,-21.827338],[165.76581,-21.82382],[165.767067,-21.819498],[165.764484,-21.818779],[165.763228,-21.816705],[165.759407,-21.815999],[165.759368,-21.812872],[165.757521,-21.811191]]],[[[167.816087,-21.087948],[167.811403,-21.085329],[167.806676,-21.084569],[167.803112,-21.084875],[167.798947,-21.0861],[167.797237,-21.087608],[167.796711,-21.090284],[167.793856,-21.091302],[167.795687,-21.095226],[167.797645,-21.097951],[167.798356,-21.100275],[167.801059,-21.104788],[167.804189,-21.107475],[167.807032,-21.110695],[167.813399,-21.115439],[167.817055,-21.119473],[167.818976,-21.122523],[167.821393,-21.128653],[167.822927,-21.128813],[167.8283,-21.12664],[167.834923,-21.124757],[167.83975,-21.118831],[167.83826,-21.116984],[167.834504,-21.114142],[167.832064,-21.11156],[167.824674,-21.099598],[167.821076,-21.092058],[167.816087,-21.087948]]],[[[167.140714,-21.079397],[167.142864,-21.080325],[167.152626,-21.083591],[167.156832,-21.086501],[167.159293,-21.086804],[167.162885,-21.084235],[167.169148,-21.083408],[167.17224,-21.083958],[167.177576,-21.083423],[167.180417,-21.084143],[167.184556,-21.085923],[167.189514,-21.086558],[167.192114,-21.087774],[167.194972,-21.087587],[167.197952,-21.088967],[167.202424,-21.088642],[167.206862,-21.088996],[167.21581,-21.091397],[167.221307,-21.090562],[167.228184,-21.088009],[167.233354,-21.088726],[167.239881,-21.090654],[167.245575,-21.090191],[167.25155,-21.090653],[167.254689,-21.09018],[167.261873,-21.091115],[167.26577,-21.093728],[167.269095,-21.098965],[167.270272,-21.102384],[167.270857,-21.106183],[167.268292,-21.110653],[167.268893,-21.113066],[167.267575,-21.118924],[167.266293,-21.120962],[167.267718,-21.123051],[167.269021,-21.126379],[167.270672,-21.127533],[167.273156,-21.127511],[167.275526,-21.125897],[167.279509,-21.125429],[167.284775,-21.127389],[167.287956,-21.131144],[167.291957,-21.131301],[167.297581,-21.132383],[167.29924,-21.133674],[167.302218,-21.134768],[167.306421,-21.134422],[167.30986,-21.135605],[167.312153,-21.137028],[167.314487,-21.139589],[167.315724,-21.142253],[167.316012,-21.146839],[167.314413,-21.150125],[167.314109,-21.152671],[167.316595,-21.157598],[167.318144,-21.158499],[167.3201,-21.16107],[167.322682,-21.166259],[167.32504,-21.167348],[167.328284,-21.169925],[167.330171,-21.172839],[167.331247,-21.176428],[167.335512,-21.178903],[167.338767,-21.18261],[167.342517,-21.183133],[167.348321,-21.185333],[167.352302,-21.186139],[167.359412,-21.186267],[167.361884,-21.180584],[167.363096,-21.178649],[167.366953,-21.176012],[167.372359,-21.175755],[167.375156,-21.176644],[167.378113,-21.178679],[167.382283,-21.183458],[167.387761,-21.183005],[167.391237,-21.181132],[167.391456,-21.177896],[167.393754,-21.17315],[167.398318,-21.1703],[167.401813,-21.169688],[167.40647,-21.166795],[167.409997,-21.165467],[167.411907,-21.165397],[167.414419,-21.164001],[167.413417,-21.159593],[167.413604,-21.155418],[167.415499,-21.149537],[167.415379,-21.146404],[167.413947,-21.145727],[167.412143,-21.142465],[167.411859,-21.140224],[167.412446,-21.136603],[167.413356,-21.134604],[167.413869,-21.13003],[167.411465,-21.124726],[167.409621,-21.122012],[167.407421,-21.11618],[167.40668,-21.110176],[167.405591,-21.109369],[167.406185,-21.106413],[167.407249,-21.105496],[167.408053,-21.101943],[167.40698,-21.100618],[167.407554,-21.098608],[167.409755,-21.098512],[167.409047,-21.096313],[167.409563,-21.094433],[167.411384,-21.094969],[167.41362,-21.094321],[167.415079,-21.092604],[167.417981,-21.091043],[167.422485,-21.086575],[167.426307,-21.083815],[167.428462,-21.083167],[167.432607,-21.079819],[167.437067,-21.07721],[167.441022,-21.074175],[167.445357,-21.072856],[167.451345,-21.071948],[167.455946,-21.069383],[167.458627,-21.066207],[167.4603,-21.060672],[167.459156,-21.055504],[167.456666,-21.05198],[167.453987,-21.050172],[167.45121,-21.049155],[167.446942,-21.049182],[167.442919,-21.05101],[167.440399,-21.054726],[167.438214,-21.05388],[167.438838,-21.051585],[167.438499,-21.048217],[167.436581,-21.043182],[167.434135,-21.03812],[167.432183,-21.036137],[167.426632,-21.033034],[167.424033,-21.032301],[167.422102,-21.032673],[167.419668,-21.03556],[167.417806,-21.035784],[167.412204,-21.03539],[167.409333,-21.034226],[167.406112,-21.030666],[167.404728,-21.030134],[167.400847,-21.026456],[167.397958,-21.026935],[167.397036,-21.024362],[167.395375,-21.023711],[167.392139,-21.020816],[167.387765,-21.01795],[167.384428,-21.017028],[167.381146,-21.014586],[167.377912,-21.003596],[167.37859,-21.000202],[167.37856,-20.996005],[167.37964,-20.994021],[167.381693,-20.993174],[167.384171,-20.985336],[167.384982,-20.979827],[167.383685,-20.974049],[167.383774,-20.971811],[167.382618,-20.966704],[167.377598,-20.956087],[167.371853,-20.951297],[167.369273,-20.948606],[167.365796,-20.947525],[167.361736,-20.944839],[167.353626,-20.940659],[167.349832,-20.93896],[167.344471,-20.939598],[167.342221,-20.941299],[167.333423,-20.940761],[167.327032,-20.938329],[167.320129,-20.937434],[167.31334,-20.933877],[167.311979,-20.931736],[167.307658,-20.929368],[167.303973,-20.926141],[167.302278,-20.921928],[167.30181,-20.91915],[167.293763,-20.915315],[167.288621,-20.91391],[167.284766,-20.915088],[167.284521,-20.915831],[167.278878,-20.919269],[167.273567,-20.919557],[167.269782,-20.917583],[167.26739,-20.917328],[167.261803,-20.913881],[167.259934,-20.912099],[167.257304,-20.907449],[167.257626,-20.902765],[167.2607,-20.899957],[167.266808,-20.898012],[167.268264,-20.895565],[167.269407,-20.895474],[167.27279,-20.89233],[167.273492,-20.890995],[167.276293,-20.889492],[167.281802,-20.883385],[167.28821,-20.880009],[167.289466,-20.878562],[167.290128,-20.876024],[167.290326,-20.871494],[167.288925,-20.865675],[167.286883,-20.861906],[167.283851,-20.853113],[167.28366,-20.848149],[167.279087,-20.841755],[167.277411,-20.838943],[167.273684,-20.827917],[167.272119,-20.820777],[167.272567,-20.818445],[167.272823,-20.812216],[167.274268,-20.806605],[167.275888,-20.804525],[167.276341,-20.795564],[167.275478,-20.791636],[167.276122,-20.790786],[167.274766,-20.787794],[167.274567,-20.784982],[167.275238,-20.7759],[167.274887,-20.773595],[167.275771,-20.770093],[167.275936,-20.76453],[167.276668,-20.763107],[167.282921,-20.757418],[167.291611,-20.755603],[167.292565,-20.755948],[167.29525,-20.753525],[167.300667,-20.746536],[167.301899,-20.742463],[167.301474,-20.739713],[167.301754,-20.735656],[167.301197,-20.731328],[167.298742,-20.727208],[167.296061,-20.726735],[167.290467,-20.7279],[167.289436,-20.728719],[167.284677,-20.729521],[167.280556,-20.728077],[167.276116,-20.72721],[167.272351,-20.724595],[167.269843,-20.721428],[167.268883,-20.718945],[167.268754,-20.713928],[167.261211,-20.710547],[167.258677,-20.708611],[167.25591,-20.70426],[167.251323,-20.699478],[167.249488,-20.698001],[167.248049,-20.695697],[167.242272,-20.693541],[167.239144,-20.691385],[167.236343,-20.690697],[167.229152,-20.687732],[167.225333,-20.683427],[167.220642,-20.681983],[167.21801,-20.681808],[167.208674,-20.679526],[167.204724,-20.679425],[167.197703,-20.68047],[167.192448,-20.679144],[167.185366,-20.679882],[167.183526,-20.679361],[167.17935,-20.680884],[167.174855,-20.68477],[167.168858,-20.687234],[167.163388,-20.68872],[167.161622,-20.689959],[167.160997,-20.695392],[167.16208,-20.698527],[167.16226,-20.700869],[167.163615,-20.706195],[167.163049,-20.711793],[167.162113,-20.713518],[167.157851,-20.717485],[167.154989,-20.71899],[167.148749,-20.72342],[167.142703,-20.723555],[167.136207,-20.724728],[167.134018,-20.72358],[167.130047,-20.722786],[167.125468,-20.720358],[167.12334,-20.719776],[167.113295,-20.715288],[167.110032,-20.714489],[167.104791,-20.711033],[167.100498,-20.710548],[167.099091,-20.709691],[167.095007,-20.714115],[167.092687,-20.71416],[167.089424,-20.715123],[167.086306,-20.715017],[167.082771,-20.713856],[167.079518,-20.711892],[167.076012,-20.711942],[167.066857,-20.715264],[167.061797,-20.716755],[167.058073,-20.719532],[167.0558,-20.720476],[167.052108,-20.724527],[167.047513,-20.725362],[167.047735,-20.727105],[167.043553,-20.729243],[167.039132,-20.73309],[167.038154,-20.735653],[167.038119,-20.738259],[167.040063,-20.744582],[167.03875,-20.748488],[167.039372,-20.751561],[167.037811,-20.753139],[167.036909,-20.756617],[167.034357,-20.759109],[167.033609,-20.76136],[167.029203,-20.762716],[167.02877,-20.764531],[167.029388,-20.767535],[167.0315,-20.769576],[167.033308,-20.773587],[167.034262,-20.778657],[167.036343,-20.780085],[167.038729,-20.780542],[167.040071,-20.779576],[167.04247,-20.779945],[167.042957,-20.778606],[167.047541,-20.776541],[167.049965,-20.775001],[167.053513,-20.773826],[167.060041,-20.772315],[167.066275,-20.771662],[167.074262,-20.771297],[167.081678,-20.769702],[167.083454,-20.768805],[167.087795,-20.768065],[167.090606,-20.768231],[167.093021,-20.766243],[167.097444,-20.76482],[167.101837,-20.765381],[167.104812,-20.768134],[167.107875,-20.768849],[167.111715,-20.771238],[167.116021,-20.777299],[167.118308,-20.782875],[167.116764,-20.785331],[167.11958,-20.785267],[167.12205,-20.787432],[167.121629,-20.789105],[167.123512,-20.790694],[167.124616,-20.788729],[167.124042,-20.786618],[167.125404,-20.783946],[167.128877,-20.781299],[167.13256,-20.780214],[167.135873,-20.780157],[167.14034,-20.780878],[167.145646,-20.782238],[167.151342,-20.785423],[167.153113,-20.787369],[167.155633,-20.793298],[167.157748,-20.794382],[167.165017,-20.792475],[167.168527,-20.792218],[167.170535,-20.792932],[167.172482,-20.796304],[167.175,-20.799011],[167.175986,-20.803411],[167.179854,-20.812189],[167.18019,-20.814851],[167.179363,-20.818503],[167.177774,-20.821465],[167.178569,-20.827112],[167.178411,-20.830187],[167.177338,-20.833093],[167.175714,-20.835509],[167.173513,-20.837437],[167.170679,-20.838923],[167.167077,-20.840083],[167.165481,-20.842348],[167.163355,-20.847438],[167.16515,-20.850186],[167.165219,-20.85405],[167.164189,-20.856979],[167.16153,-20.859411],[167.15786,-20.860477],[167.153656,-20.864387],[167.152713,-20.866315],[167.147835,-20.869799],[167.145679,-20.870148],[167.140988,-20.872879],[167.140702,-20.875064],[167.139269,-20.876007],[167.139227,-20.880534],[167.13798,-20.88516],[167.135223,-20.890054],[167.134143,-20.892807],[167.130809,-20.896497],[167.128168,-20.898178],[167.12746,-20.90131],[167.124053,-20.906651],[167.118898,-20.910533],[167.115022,-20.909733],[167.108006,-20.912955],[167.105081,-20.916146],[167.101279,-20.91649],[167.095566,-20.915774],[167.092488,-20.916767],[167.089638,-20.919405],[167.088961,-20.922526],[167.08641,-20.925185],[167.080754,-20.92751],[167.078183,-20.927754],[167.075561,-20.92879],[167.071808,-20.929491],[167.065161,-20.928223],[167.061629,-20.927042],[167.060289,-20.925933],[167.055982,-20.92446],[167.04854,-20.920282],[167.046233,-20.918045],[167.046407,-20.913459],[167.0457,-20.912495],[167.041433,-20.911748],[167.039097,-20.913067],[167.035079,-20.913361],[167.033946,-20.914064],[167.024981,-20.914883],[167.019629,-20.913513],[167.01445,-20.91437],[167.011557,-20.916439],[167.011025,-20.918453],[167.01291,-20.921564],[167.015065,-20.92304],[167.017072,-20.926126],[167.01832,-20.93137],[167.019496,-20.933992],[167.02398,-20.937852],[167.026643,-20.940932],[167.031701,-20.943497],[167.035494,-20.944403],[167.039115,-20.94591],[167.041857,-20.94526],[167.044268,-20.945679],[167.052103,-20.948346],[167.054837,-20.95198],[167.055873,-20.95225],[167.057781,-20.955819],[167.056457,-20.958679],[167.05787,-20.959546],[167.060865,-20.963204],[167.063646,-20.968771],[167.063651,-20.971123],[167.062604,-20.976117],[167.060055,-20.979937],[167.058022,-20.980173],[167.057906,-20.982385],[167.055038,-20.983705],[167.054349,-20.987603],[167.059969,-20.989798],[167.063157,-20.992081],[167.06489,-20.994094],[167.066937,-20.998853],[167.072405,-21.000834],[167.075128,-21.00242],[167.077962,-21.00602],[167.080712,-21.008212],[167.082251,-21.010775],[167.084803,-21.012201],[167.087011,-21.014389],[167.088923,-21.018876],[167.088435,-21.021126],[167.090129,-21.026496],[167.091424,-21.035789],[167.095019,-21.041297],[167.097451,-21.043528],[167.102414,-21.045043],[167.10762,-21.0487],[167.11087,-21.04933],[167.114643,-21.05273],[167.115339,-21.054369],[167.118561,-21.056824],[167.120493,-21.059095],[167.125893,-21.06886],[167.127198,-21.070411],[167.130708,-21.072341],[167.135259,-21.077172],[167.140714,-21.079397]]],[[[167.972685,-21.425776],[167.969633,-21.418924],[167.966448,-21.413745],[167.965547,-21.410567],[167.964189,-21.408684],[167.958656,-21.404783],[167.956667,-21.399912],[167.953535,-21.393793],[167.95263,-21.387957],[167.955946,-21.38134],[167.957158,-21.376074],[167.959326,-21.372901],[167.963903,-21.368448],[167.968622,-21.364975],[167.972871,-21.363263],[167.975971,-21.361194],[167.978206,-21.358986],[167.979137,-21.355392],[167.977449,-21.350137],[167.976167,-21.349029],[167.97228,-21.348256],[167.969,-21.35005],[167.96594,-21.354896],[167.962631,-21.358067],[167.960014,-21.363304],[167.957945,-21.363868],[167.958508,-21.36677],[167.956722,-21.36879],[167.954934,-21.369176],[167.952775,-21.367786],[167.945958,-21.367906],[167.943396,-21.368797],[167.933274,-21.373747],[167.930005,-21.373897],[167.92804,-21.375164],[167.926238,-21.374538],[167.923747,-21.377693],[167.922642,-21.378273],[167.920263,-21.381983],[167.916295,-21.382358],[167.913917,-21.380724],[167.909758,-21.380811],[167.907489,-21.379705],[167.902915,-21.380162],[167.900428,-21.380939],[167.898791,-21.382935],[167.898186,-21.386258],[167.898893,-21.39311],[167.896255,-21.398966],[167.892786,-21.40118],[167.891848,-21.402555],[167.885926,-21.403518],[167.881518,-21.401696],[167.873182,-21.400254],[167.868757,-21.396774],[167.865893,-21.395534],[167.865474,-21.392379],[167.862107,-21.390727],[167.857682,-21.389845],[167.854374,-21.386072],[167.849956,-21.382746],[167.848769,-21.382325],[167.844245,-21.3782],[167.840557,-21.376165],[167.836536,-21.375853],[167.83179,-21.374814],[167.822841,-21.374064],[167.815884,-21.376784],[167.814453,-21.376525],[167.81146,-21.37875],[167.811027,-21.379797],[167.805976,-21.380216],[167.800307,-21.381922],[167.799953,-21.383269],[167.803765,-21.38841],[167.804955,-21.392307],[167.805169,-21.397326],[167.806562,-21.401172],[167.80666,-21.405091],[167.807259,-21.406311],[167.811648,-21.409649],[167.816977,-21.412734],[167.824202,-21.419816],[167.825604,-21.420525],[167.828929,-21.425153],[167.831826,-21.430146],[167.834037,-21.436414],[167.834791,-21.437422],[167.835644,-21.442131],[167.835874,-21.446059],[167.837621,-21.448007],[167.83742,-21.449886],[167.839303,-21.454613],[167.838513,-21.461544],[167.835698,-21.46764],[167.835167,-21.470301],[167.83556,-21.47453],[167.833749,-21.479366],[167.832336,-21.481448],[167.833214,-21.486464],[167.836392,-21.493182],[167.838684,-21.495966],[167.840642,-21.497266],[167.842214,-21.499349],[167.843573,-21.502421],[167.846037,-21.505496],[167.845128,-21.507514],[167.845949,-21.512173],[167.847468,-21.514816],[167.84907,-21.514237],[167.850203,-21.515872],[167.84891,-21.517958],[167.852009,-21.519583],[167.851883,-21.521517],[167.854086,-21.527171],[167.856354,-21.528869],[167.860476,-21.530051],[167.864125,-21.532344],[167.866273,-21.535166],[167.868136,-21.539062],[167.869041,-21.542117],[167.870902,-21.544375],[167.871905,-21.543303],[167.875473,-21.543502],[167.876974,-21.545614],[167.877343,-21.547976],[167.878874,-21.551149],[167.877528,-21.555553],[167.877641,-21.559686],[167.875272,-21.561628],[167.87685,-21.563587],[167.875945,-21.566707],[167.874115,-21.567849],[167.873801,-21.571627],[167.870696,-21.573089],[167.86922,-21.574621],[167.864407,-21.575453],[167.862128,-21.579123],[167.861853,-21.583135],[167.86064,-21.58513],[167.860469,-21.588086],[167.858924,-21.59038],[167.855866,-21.590137],[167.852986,-21.590563],[167.848525,-21.593512],[167.844897,-21.59779],[167.846385,-21.601056],[167.852457,-21.601941],[167.858532,-21.601921],[167.861058,-21.601194],[167.863642,-21.598319],[167.865113,-21.598644],[167.873071,-21.598806],[167.874149,-21.599807],[167.876856,-21.599623],[167.87759,-21.60052],[167.884178,-21.600648],[167.887041,-21.599452],[167.889893,-21.600395],[167.897087,-21.598629],[167.898678,-21.598675],[167.902432,-21.596824],[167.908052,-21.597007],[167.911565,-21.598962],[167.915388,-21.602644],[167.919867,-21.601258],[167.923312,-21.602274],[167.927745,-21.602501],[167.929032,-21.603274],[167.933222,-21.603973],[167.935667,-21.604909],[167.93855,-21.604022],[167.940232,-21.604759],[167.942574,-21.602365],[167.945372,-21.602013],[167.945965,-21.604615],[167.947122,-21.60584],[167.947822,-21.60987],[167.950488,-21.612763],[167.951415,-21.616251],[167.952552,-21.617246],[167.948887,-21.623595],[167.948595,-21.625268],[167.945275,-21.630843],[167.945409,-21.632493],[167.946895,-21.635124],[167.952184,-21.636095],[167.954872,-21.638745],[167.957242,-21.643679],[167.957358,-21.64719],[167.958229,-21.649221],[167.95995,-21.650313],[167.962402,-21.650673],[167.967373,-21.65052],[167.971017,-21.651511],[167.975129,-21.653849],[167.976859,-21.656199],[167.977907,-21.66032],[167.97977,-21.660914],[167.983407,-21.657651],[167.985279,-21.657116],[167.994001,-21.656557],[167.996819,-21.655034],[168.000388,-21.654979],[168.004929,-21.657492],[168.005967,-21.658929],[168.015349,-21.659488],[168.016064,-21.658292],[168.020799,-21.658156],[168.024824,-21.660251],[168.030206,-21.659285],[168.033924,-21.659003],[168.037391,-21.659292],[168.03938,-21.658731],[168.041466,-21.656474],[168.042225,-21.650601],[168.043067,-21.647922],[168.046389,-21.644593],[168.047812,-21.642042],[168.051569,-21.641208],[168.053503,-21.639938],[168.057867,-21.640926],[168.059507,-21.642168],[168.063704,-21.643671],[168.066883,-21.643697],[168.069669,-21.642849],[168.071817,-21.641349],[168.073844,-21.636767],[168.075901,-21.63484],[168.084358,-21.632642],[168.087082,-21.630985],[168.09136,-21.630389],[168.103638,-21.630993],[168.112085,-21.629683],[168.115774,-21.627376],[168.115752,-21.622113],[168.116371,-21.617464],[168.115353,-21.615843],[168.113579,-21.608104],[168.10913,-21.596603],[168.108672,-21.592767],[168.107441,-21.589427],[168.107248,-21.583218],[168.10766,-21.576799],[168.106993,-21.571986],[168.107253,-21.565071],[168.109848,-21.559527],[168.108935,-21.557322],[168.110268,-21.554938],[168.110184,-21.552829],[168.113097,-21.547501],[168.114035,-21.543634],[168.113112,-21.538949],[168.113732,-21.532151],[168.111119,-21.524883],[168.111893,-21.51829],[168.113077,-21.514212],[168.116589,-21.508358],[168.122683,-21.505275],[168.123518,-21.504035],[168.124068,-21.495679],[168.122918,-21.493413],[168.118128,-21.48876],[168.116949,-21.484517],[168.117976,-21.480018],[168.118232,-21.476115],[168.120034,-21.471604],[168.119934,-21.469907],[168.121194,-21.467024],[168.120568,-21.465213],[168.123663,-21.460937],[168.126203,-21.458884],[168.126531,-21.457429],[168.13092,-21.455491],[168.133074,-21.451775],[168.133656,-21.447299],[168.132615,-21.445751],[168.129053,-21.444121],[168.123572,-21.440981],[168.119029,-21.436379],[168.11706,-21.435288],[168.111465,-21.437474],[168.102355,-21.444361],[168.100383,-21.446656],[168.097872,-21.447534],[168.094847,-21.449914],[168.091515,-21.450442],[168.087153,-21.453783],[168.083289,-21.455092],[168.078378,-21.455654],[168.077174,-21.454651],[168.072382,-21.455027],[168.066903,-21.455044],[168.062978,-21.454599],[168.060015,-21.455036],[168.056685,-21.454449],[168.053289,-21.454778],[168.049575,-21.457872],[168.04666,-21.458796],[168.042113,-21.462113],[168.038733,-21.463389],[168.036936,-21.463324],[168.034425,-21.464825],[168.029168,-21.466678],[168.026259,-21.465349],[168.024075,-21.463342],[168.021189,-21.46319],[168.015816,-21.461191],[168.012912,-21.461347],[168.008027,-21.460806],[168.002603,-21.459575],[167.999152,-21.457954],[167.99667,-21.454297],[167.992136,-21.449054],[167.989694,-21.44701],[167.984669,-21.44162],[167.980698,-21.438635],[167.979889,-21.436948],[167.976373,-21.432075],[167.975412,-21.429701],[167.972685,-21.425776]]],[[[167.737411,-21.379234],[167.738591,-21.378698],[167.738886,-21.373535],[167.738636,-21.370896],[167.737561,-21.36953],[167.737477,-21.366762],[167.73622,-21.359353],[167.737568,-21.357256],[167.743523,-21.352606],[167.744301,-21.348982],[167.743252,-21.345606],[167.740743,-21.342357],[167.738133,-21.343259],[167.733689,-21.347143],[167.732491,-21.350121],[167.733015,-21.351253],[167.731512,-21.354158],[167.731573,-21.359585],[167.734189,-21.364351],[167.734372,-21.370211],[167.732802,-21.374603],[167.73476,-21.378042],[167.737411,-21.379234]]],[[[167.568711,-21.317643],[167.57115,-21.320335],[167.575381,-21.317177],[167.576683,-21.315204],[167.576067,-21.310348],[167.574124,-21.309464],[167.571952,-21.310254],[167.568159,-21.313471],[167.56748,-21.315546],[167.568711,-21.317643]]],[[[167.594295,-21.266349],[167.596355,-21.266823],[167.597485,-21.264498],[167.596453,-21.259609],[167.593003,-21.255066],[167.588474,-21.254793],[167.586709,-21.255907],[167.586211,-21.257979],[167.588796,-21.260696],[167.590526,-21.261652],[167.594295,-21.266349]]],[[[167.548193,-21.134589],[167.552027,-21.136769],[167.554726,-21.140325],[167.558702,-21.143279],[167.563255,-21.148311],[167.566958,-21.149085],[167.568274,-21.147229],[167.567824,-21.144623],[167.561863,-21.139345],[167.561509,-21.138485],[167.553958,-21.131076],[167.549503,-21.129574],[167.545345,-21.129572],[167.543591,-21.130252],[167.5443,-21.132529],[167.548193,-21.134589]]],[[[165.684332,-21.777229],[165.687553,-21.777353],[165.689162,-21.776226],[165.689484,-21.77095],[165.691198,-21.768021],[165.689492,-21.766329],[165.684371,-21.768728],[165.685205,-21.771255],[165.688076,-21.771266],[165.688414,-21.772758],[165.687256,-21.774949],[165.682929,-21.774638],[165.678224,-21.776523],[165.678093,-21.777657],[165.681379,-21.779083],[165.684332,-21.777229]]],[[[165.650572,-21.726854],[165.649863,-21.730297],[165.65081,-21.731865],[165.652552,-21.729342],[165.650572,-21.726854]]],[[[166.799637,-22.775415],[166.801499,-22.778115],[166.802331,-22.776212],[166.799637,-22.775415]]],[[[166.852509,-22.723866],[166.851119,-22.720471],[166.849896,-22.722713],[166.852509,-22.723866]]],[[[166.749322,-22.577509],[166.747029,-22.575895],[166.746183,-22.577475],[166.749322,-22.577509]]],[[[166.609365,-22.516378],[166.612398,-22.516819],[166.612343,-22.514662],[166.610167,-22.514412],[166.609365,-22.516378]]],[[[166.779023,-22.460325],[166.781567,-22.461919],[166.783351,-22.4614],[166.788418,-22.462459],[166.790635,-22.462059],[166.793453,-22.463127],[166.796451,-22.46332],[166.803062,-22.461248],[166.804982,-22.461575],[166.807564,-22.464177],[166.80931,-22.467724],[166.813246,-22.467654],[166.816421,-22.467091],[166.818158,-22.465954],[166.819968,-22.462434],[166.824332,-22.457762],[166.826877,-22.456996],[166.830355,-22.452613],[166.832926,-22.451308],[166.832123,-22.447228],[166.827902,-22.445688],[166.825505,-22.446766],[166.820627,-22.445741],[166.819143,-22.446528],[166.81637,-22.446222],[166.815756,-22.448972],[166.813455,-22.450005],[166.808602,-22.448459],[166.805482,-22.446003],[166.804425,-22.443964],[166.801529,-22.442642],[166.799392,-22.439959],[166.801771,-22.436485],[166.804885,-22.435128],[166.806127,-22.436104],[166.812606,-22.437188],[166.814557,-22.438872],[166.817909,-22.439989],[166.820108,-22.438893],[166.82172,-22.434078],[166.824673,-22.430002],[166.827787,-22.428715],[166.831447,-22.428668],[166.836374,-22.431956],[166.838419,-22.43153],[166.842507,-22.431799],[166.84253,-22.428156],[166.843276,-22.425884],[166.841439,-22.425097],[166.841048,-22.423456],[166.842403,-22.420647],[166.847017,-22.417996],[166.847584,-22.415466],[166.84289,-22.406846],[166.844124,-22.404651],[166.842051,-22.400753],[166.839258,-22.397851],[166.834177,-22.396649],[166.832454,-22.398129],[166.829929,-22.397235],[166.827471,-22.394884],[166.825292,-22.39447],[166.822403,-22.397165],[166.819602,-22.396585],[166.818337,-22.393353],[166.814007,-22.393279],[166.80838,-22.395128],[166.80767,-22.396727],[166.804652,-22.399655],[166.806407,-22.402799],[166.804269,-22.40764],[166.801471,-22.40818],[166.797746,-22.407258],[166.794996,-22.404045],[166.789913,-22.401504],[166.786114,-22.398571],[166.784446,-22.400316],[166.7836,-22.402758],[166.781366,-22.404447],[166.778618,-22.405067],[166.776709,-22.40761],[166.777443,-22.411696],[166.78053,-22.414275],[166.78262,-22.415107],[166.784717,-22.417819],[166.785217,-22.420046],[166.784635,-22.422653],[166.785927,-22.428172],[166.785775,-22.43148],[166.784918,-22.434001],[166.78227,-22.435584],[166.775448,-22.43822],[166.771899,-22.441393],[166.775059,-22.444791],[166.775684,-22.447794],[166.776593,-22.448317],[166.77896,-22.453583],[166.781625,-22.455169],[166.78141,-22.457901],[166.779023,-22.460325]]],[[[166.843665,-22.378595],[166.844773,-22.379446],[166.849114,-22.380373],[166.850815,-22.381445],[166.854618,-22.381716],[166.855847,-22.37838],[166.852686,-22.378215],[166.851006,-22.379581],[166.847136,-22.378373],[166.843665,-22.378595]]],[[[166.846285,-22.356019],[166.8465,-22.352557],[166.844988,-22.351553],[166.840143,-22.351971],[166.839403,-22.354195],[166.842608,-22.35567],[166.844414,-22.359409],[166.846285,-22.356019]]],[[[166.568171,-22.310465],[166.566916,-22.309058],[166.564625,-22.309144],[166.567618,-22.311941],[166.568171,-22.310465]]],[[[166.597484,-22.30276],[166.598011,-22.299699],[166.59654,-22.297877],[166.594536,-22.298734],[166.59534,-22.3019],[166.597484,-22.30276]]],[[[166.582341,-22.305105],[166.583244,-22.30292],[166.578844,-22.301555],[166.576572,-22.298957],[166.575002,-22.299727],[166.576173,-22.302772],[166.576326,-22.304924],[166.578415,-22.30429],[166.582341,-22.305105]]],[[[166.466237,-22.477704],[166.467559,-22.478755],[166.469696,-22.476703],[166.468236,-22.476051],[166.466237,-22.477704]]],[[[166.410101,-22.334338],[166.407684,-22.335874],[166.408987,-22.336829],[166.410101,-22.334338]]],[[[166.472326,-22.31428],[166.472835,-22.316023],[166.475427,-22.314886],[166.47398,-22.313144],[166.472326,-22.31428]]],[[[166.291615,-22.296193],[166.291869,-22.298503],[166.294261,-22.297933],[166.294364,-22.294347],[166.292248,-22.294354],[166.291615,-22.296193]]],[[[166.430371,-22.293613],[166.42802,-22.292251],[166.428508,-22.289492],[166.42629,-22.287632],[166.424545,-22.288058],[166.426028,-22.292278],[166.428281,-22.293757],[166.430371,-22.293613]]],[[[166.480548,-22.288875],[166.481439,-22.29019],[166.481379,-22.293585],[166.48273,-22.296055],[166.483443,-22.299766],[166.482801,-22.303357],[166.478422,-22.306142],[166.477617,-22.310135],[166.481399,-22.31087],[166.482513,-22.309973],[166.484591,-22.305204],[166.488337,-22.298757],[166.488193,-22.297438],[166.485912,-22.297056],[166.485364,-22.295371],[166.486201,-22.292398],[166.483809,-22.291645],[166.483499,-22.28806],[166.480548,-22.288875]]],[[[166.49731,-22.257485],[166.498496,-22.259748],[166.500165,-22.257755],[166.49731,-22.257485]]],[[[166.410965,-22.272367],[166.410418,-22.270942],[166.412777,-22.269021],[166.417356,-22.270749],[166.422132,-22.270997],[166.423772,-22.271854],[166.425761,-22.274276],[166.425721,-22.276397],[166.424481,-22.278152],[166.424151,-22.280779],[166.426681,-22.282738],[166.427313,-22.280429],[166.42625,-22.279128],[166.427044,-22.275113],[166.428178,-22.273637],[166.428343,-22.271512],[166.427237,-22.270662],[166.426018,-22.267848],[166.421625,-22.266371],[166.416271,-22.264048],[166.414654,-22.266654],[166.411501,-22.265162],[166.409705,-22.262155],[166.403929,-22.261383],[166.402778,-22.258171],[166.40066,-22.258357],[166.397004,-22.252871],[166.394768,-22.250361],[166.390366,-22.247304],[166.387077,-22.248546],[166.38574,-22.252555],[166.387633,-22.255049],[166.390132,-22.256375],[166.391431,-22.258203],[166.389929,-22.260445],[166.387917,-22.260419],[166.389995,-22.263653],[166.392227,-22.264457],[166.396284,-22.267139],[166.398534,-22.270168],[166.403512,-22.271417],[166.408394,-22.271002],[166.410965,-22.272367]]],[[[166.389275,-22.224573],[166.386955,-22.22485],[166.387651,-22.227294],[166.389254,-22.227136],[166.389275,-22.224573]]],[[[164.31927,-20.307175],[164.321611,-20.316249],[164.322293,-20.312378],[164.321748,-20.30725],[164.31927,-20.307175]]],[[[164.312415,-20.304396],[164.317082,-20.306464],[164.320815,-20.306058],[164.322505,-20.30484],[164.321816,-20.303037],[164.317143,-20.302099],[164.313167,-20.30457],[164.312415,-20.304396]]],[[[164.298489,-20.252559],[164.295433,-20.248734],[164.293639,-20.248525],[164.293833,-20.245831],[164.294973,-20.243168],[164.29361,-20.241565],[164.294767,-20.240326],[164.29138,-20.238168],[164.289824,-20.234304],[164.289907,-20.232814],[164.287438,-20.228331],[164.287137,-20.224864],[164.288069,-20.222909],[164.283134,-20.219526],[164.279812,-20.222045],[164.281147,-20.22473],[164.279345,-20.22547],[164.277856,-20.228533],[164.278003,-20.231359],[164.279544,-20.23362],[164.28191,-20.234521],[164.283171,-20.23656],[164.2828,-20.241108],[164.283706,-20.24584],[164.286963,-20.248293],[164.287256,-20.250415],[164.289439,-20.254809],[164.28881,-20.257048],[164.290098,-20.260704],[164.293317,-20.263239],[164.295282,-20.265922],[164.295814,-20.26222],[164.297277,-20.262482],[164.300008,-20.259926],[164.298489,-20.252559]]],[[[164.246146,-20.165879],[164.248538,-20.16647],[164.249168,-20.165172],[164.248372,-20.162476],[164.246314,-20.163004],[164.244805,-20.164402],[164.246146,-20.165879]]],[[[164.181976,-20.078318],[164.182841,-20.069572],[164.180081,-20.067813],[164.179226,-20.070223],[164.17673,-20.071159],[164.172836,-20.071183],[164.17107,-20.069804],[164.171457,-20.068418],[164.174652,-20.06729],[164.171794,-20.064403],[164.170137,-20.06114],[164.169648,-20.058242],[164.170273,-20.056161],[164.168865,-20.052577],[164.164955,-20.05063],[164.163915,-20.05455],[164.164746,-20.058145],[164.162123,-20.063128],[164.164555,-20.065203],[164.164525,-20.067319],[164.161589,-20.06995],[164.164767,-20.071955],[164.165362,-20.075021],[164.163449,-20.080595],[164.162075,-20.082298],[164.156117,-20.085286],[164.156459,-20.087428],[164.160616,-20.087559],[164.160846,-20.085508],[164.163113,-20.084371],[164.164999,-20.084596],[164.1656,-20.082256],[164.165301,-20.077776],[164.16578,-20.074011],[164.167328,-20.074483],[164.166418,-20.078555],[164.168188,-20.079582],[164.168368,-20.081768],[164.1672,-20.083466],[164.168027,-20.086461],[164.170007,-20.089163],[164.167865,-20.090183],[164.166652,-20.088294],[164.164744,-20.087512],[164.166879,-20.092835],[164.168718,-20.093214],[164.168655,-20.099556],[164.169831,-20.100534],[164.171517,-20.104213],[164.171531,-20.107372],[164.173805,-20.11067],[164.176438,-20.110884],[164.176126,-20.113818],[164.176989,-20.117861],[164.178637,-20.119096],[164.18138,-20.124084],[164.187033,-20.127353],[164.190097,-20.12787],[164.190618,-20.130194],[164.194515,-20.134603],[164.19666,-20.136236],[164.199418,-20.136008],[164.204493,-20.140452],[164.204862,-20.142015],[164.208248,-20.144262],[164.208273,-20.137697],[164.212881,-20.138094],[164.214474,-20.141032],[164.221043,-20.142814],[164.223322,-20.144809],[164.227034,-20.146515],[164.231766,-20.151512],[164.233403,-20.15448],[164.23565,-20.154592],[164.237082,-20.151648],[164.236796,-20.147591],[164.235144,-20.14631],[164.234274,-20.144329],[164.232076,-20.143238],[164.230825,-20.140808],[164.231127,-20.138498],[164.227709,-20.135656],[164.227299,-20.132513],[164.225391,-20.128736],[164.221989,-20.125007],[164.219065,-20.123548],[164.219875,-20.118772],[164.21828,-20.116241],[164.215187,-20.114811],[164.215977,-20.112766],[164.216059,-20.109474],[164.213041,-20.107328],[164.21083,-20.102576],[164.208121,-20.100369],[164.201949,-20.098085],[164.197622,-20.095134],[164.194911,-20.092582],[164.194436,-20.08921],[164.191803,-20.086703],[164.190889,-20.086739],[164.187696,-20.084037],[164.187014,-20.082734],[164.182982,-20.080703],[164.181976,-20.078318]]],[[[166.466004,-20.707666],[166.463617,-20.712527],[166.465678,-20.713334],[166.474667,-20.710614],[166.474868,-20.708036],[166.472015,-20.707702],[166.469759,-20.705476],[166.46813,-20.70506],[166.466004,-20.707666]]],[[[166.405808,-20.7289],[166.406916,-20.72852],[166.41245,-20.731214],[166.415929,-20.734382],[166.418471,-20.734406],[166.423062,-20.730643],[166.428531,-20.727817],[166.435121,-20.726908],[166.442026,-20.728076],[166.445048,-20.726708],[166.446696,-20.724634],[166.447792,-20.721914],[166.453717,-20.715938],[166.458556,-20.713958],[166.458978,-20.71272],[166.462192,-20.709978],[166.463835,-20.707517],[166.463621,-20.705985],[166.466397,-20.703568],[166.470239,-20.700949],[166.468543,-20.699762],[166.465614,-20.703384],[166.459032,-20.708132],[166.453068,-20.711378],[166.440403,-20.716703],[166.433547,-20.719023],[166.426871,-20.720633],[166.415141,-20.722478],[166.410995,-20.722159],[166.404328,-20.719705],[166.398162,-20.71678],[166.393881,-20.715329],[166.39169,-20.715857],[166.389367,-20.71913],[166.389247,-20.721634],[166.395545,-20.721724],[166.401182,-20.724497],[166.404183,-20.72787],[166.405808,-20.7289]]],[[[166.373516,-20.685496],[166.373951,-20.686675],[166.378394,-20.6898],[166.380481,-20.689621],[166.379226,-20.686767],[166.375342,-20.681821],[166.373516,-20.685496]]],[[[166.373042,-20.673042],[166.37478,-20.671278],[166.373117,-20.670031],[166.371611,-20.667495],[166.369142,-20.66834],[166.371199,-20.670293],[166.371402,-20.672182],[166.373042,-20.673042]]],[[[166.337629,-20.637896],[166.337872,-20.635203],[166.337027,-20.634133],[166.334447,-20.633824],[166.333525,-20.634979],[166.336024,-20.636146],[166.337629,-20.637896]]],[[[166.291505,-20.630094],[166.293578,-20.627981],[166.288363,-20.626997],[166.28897,-20.62826],[166.291505,-20.630094]]],[[[166.270593,-20.619661],[166.275392,-20.624384],[166.27768,-20.625483],[166.280721,-20.62533],[166.284068,-20.624115],[166.282644,-20.62248],[166.277922,-20.618779],[166.2742,-20.617677],[166.270593,-20.619661]]],[[[166.225307,-20.503774],[166.227852,-20.504011],[166.228579,-20.502486],[166.226842,-20.499581],[166.225307,-20.503774]]],[[[166.32503,-20.487559],[166.328484,-20.48674],[166.327644,-20.485388],[166.324461,-20.486612],[166.32503,-20.487559]]],[[[166.654826,-20.479134],[166.65663,-20.480901],[166.653246,-20.481862],[166.653481,-20.48342],[166.657236,-20.481174],[166.658671,-20.478139],[166.655728,-20.478253],[166.654826,-20.479134]]],[[[166.399582,-20.453263],[166.395064,-20.452123],[166.393478,-20.454465],[166.397149,-20.456073],[166.40125,-20.454947],[166.399582,-20.453263]]],[[[166.433121,-20.453865],[166.434157,-20.455852],[166.436063,-20.456471],[166.438516,-20.456019],[166.439422,-20.454042],[166.441855,-20.454023],[166.441667,-20.45136],[166.439397,-20.451473],[166.434546,-20.452917],[166.433121,-20.453865]]],[[[166.451318,-20.451075],[166.45349,-20.452095],[166.454705,-20.450608],[166.453906,-20.448471],[166.45243,-20.44891],[166.451318,-20.451075]]],[[[166.398175,-20.450464],[166.401799,-20.452338],[166.403584,-20.448685],[166.407926,-20.449181],[166.408399,-20.448167],[166.405036,-20.447154],[166.400992,-20.447557],[166.397758,-20.448519],[166.398175,-20.450464]]],[[[166.470468,-20.442441],[166.468059,-20.441394],[166.463292,-20.444684],[166.463402,-20.447079],[166.465838,-20.448463],[166.46891,-20.448196],[166.467498,-20.444097],[166.469431,-20.444203],[166.470468,-20.442441]]],[[[166.472691,-20.440774],[166.476403,-20.439426],[166.472598,-20.438065],[166.472691,-20.440774]]],[[[166.475008,-20.436395],[166.476678,-20.436381],[166.477878,-20.438388],[166.479725,-20.436447],[166.478369,-20.435174],[166.4794,-20.432637],[166.477497,-20.432087],[166.475519,-20.433802],[166.475008,-20.436395]]],[[[166.488157,-20.424194],[166.491497,-20.425221],[166.490843,-20.422426],[166.489282,-20.422088],[166.488157,-20.424194]]],[[[166.497166,-20.415275],[166.494832,-20.416071],[166.499351,-20.417937],[166.500567,-20.41684],[166.499689,-20.415271],[166.497166,-20.415275]]],[[[166.495853,-20.414022],[166.499321,-20.41276],[166.49852,-20.411502],[166.495853,-20.414022]]],[[[166.146992,-20.408825],[166.148777,-20.407254],[166.141621,-20.408426],[166.138164,-20.407448],[166.135506,-20.40763],[166.135776,-20.412592],[166.140003,-20.412353],[166.146992,-20.408825]]],[[[166.516155,-20.403247],[166.516965,-20.40642],[166.51842,-20.405032],[166.516155,-20.403247]]],[[[166.52249,-20.401665],[166.522607,-20.40544],[166.524486,-20.408561],[166.525212,-20.411961],[166.524668,-20.415001],[166.527184,-20.415704],[166.530754,-20.415611],[166.541992,-20.416172],[166.545758,-20.416742],[166.54841,-20.411802],[166.548707,-20.408228],[166.547327,-20.404771],[166.54582,-20.40474],[166.544434,-20.406406],[166.543247,-20.403706],[166.539712,-20.402723],[166.538523,-20.401691],[166.531238,-20.399331],[166.529116,-20.400159],[166.530018,-20.405169],[166.531497,-20.406641],[166.532066,-20.402952],[166.533882,-20.403826],[166.532074,-20.408021],[166.534255,-20.411305],[166.530979,-20.410188],[166.53003,-20.40855],[166.526004,-20.408875],[166.524028,-20.40719],[166.525945,-20.405059],[166.526124,-20.401451],[166.523702,-20.400972],[166.52249,-20.401665]]],[[[166.665976,-20.467097],[166.667375,-20.463752],[166.666493,-20.460158],[166.661989,-20.454938],[166.656806,-20.450755],[166.652314,-20.448045],[166.648785,-20.446507],[166.643154,-20.442938],[166.640265,-20.441662],[166.630706,-20.434177],[166.625086,-20.428637],[166.61799,-20.414233],[166.615482,-20.408592],[166.611068,-20.402351],[166.608177,-20.395422],[166.60573,-20.393054],[166.600561,-20.390159],[166.594107,-20.389612],[166.589412,-20.391489],[166.585062,-20.395785],[166.584864,-20.396808],[166.58175,-20.399548],[166.580433,-20.398567],[166.578677,-20.400433],[166.57199,-20.401099],[166.568084,-20.400888],[166.564938,-20.40151],[166.556738,-20.402446],[166.556014,-20.403137],[166.550671,-20.404486],[166.550332,-20.405653],[166.552608,-20.408933],[166.551878,-20.410518],[166.55247,-20.41335],[166.551852,-20.418341],[166.558961,-20.420973],[166.560524,-20.417953],[166.559202,-20.415775],[166.55693,-20.413582],[166.559661,-20.413217],[166.560373,-20.411684],[166.558199,-20.405328],[166.558868,-20.403914],[166.561123,-20.409421],[166.561086,-20.412023],[166.564046,-20.412745],[166.56552,-20.412055],[166.565397,-20.40916],[166.564275,-20.406483],[166.566174,-20.40638],[166.569025,-20.411616],[166.569657,-20.407202],[166.570641,-20.405648],[166.573084,-20.406135],[166.574911,-20.40802],[166.577289,-20.406244],[166.579029,-20.403755],[166.57843,-20.401501],[166.583355,-20.399953],[166.584666,-20.398109],[166.589576,-20.401068],[166.587333,-20.404054],[166.58455,-20.403536],[166.583614,-20.401735],[166.580871,-20.403269],[166.580056,-20.405877],[166.578343,-20.406347],[166.576485,-20.408182],[166.579367,-20.410062],[166.581569,-20.410461],[166.580705,-20.412327],[166.577901,-20.412043],[166.577806,-20.413826],[166.579859,-20.415248],[166.57973,-20.417288],[166.577277,-20.416729],[166.574204,-20.417261],[166.574099,-20.414044],[166.568706,-20.414878],[166.573098,-20.418263],[166.577061,-20.419349],[166.576916,-20.420384],[166.573516,-20.420048],[166.571286,-20.418205],[166.569793,-20.419277],[166.565335,-20.417499],[166.56382,-20.418394],[166.562739,-20.420583],[166.567359,-20.421739],[166.572039,-20.4234],[166.576902,-20.425966],[166.580036,-20.428193],[166.584006,-20.431643],[166.588196,-20.436063],[166.59013,-20.438743],[166.592505,-20.443234],[166.593884,-20.447044],[166.595082,-20.452558],[166.595257,-20.460428],[166.593732,-20.46659],[166.594123,-20.473957],[166.593954,-20.477691],[166.592647,-20.484666],[166.591574,-20.487924],[166.588813,-20.492828],[166.583652,-20.497628],[166.580163,-20.503638],[166.578433,-20.505834],[166.576328,-20.510111],[166.573495,-20.517332],[166.571935,-20.520373],[166.568375,-20.531936],[166.566385,-20.540586],[166.563259,-20.550908],[166.562234,-20.552017],[166.560962,-20.558099],[166.560067,-20.567353],[166.561042,-20.570415],[166.560606,-20.573753],[166.561228,-20.574458],[166.560701,-20.585595],[166.561194,-20.586478],[166.559805,-20.592307],[166.56047,-20.59472],[166.559618,-20.598774],[166.557317,-20.604532],[166.557724,-20.609149],[166.556743,-20.61288],[166.554444,-20.618849],[166.546878,-20.633291],[166.54155,-20.641626],[166.532588,-20.653842],[166.528308,-20.658708],[166.515186,-20.671942],[166.501893,-20.683041],[166.497667,-20.686266],[166.489008,-20.69234],[166.479705,-20.697205],[166.473171,-20.698353],[166.473519,-20.700358],[166.47712,-20.699107],[166.479808,-20.700041],[166.482909,-20.703843],[166.484359,-20.703573],[166.486522,-20.701727],[166.488747,-20.700916],[166.491038,-20.701611],[166.492434,-20.700963],[166.495477,-20.697248],[166.501328,-20.692144],[166.50231,-20.690603],[166.508708,-20.689098],[166.511185,-20.690963],[166.508525,-20.6927],[166.506968,-20.691026],[166.505069,-20.692343],[166.506268,-20.6949],[166.504245,-20.696392],[166.504199,-20.699266],[166.502869,-20.69909],[166.49904,-20.701426],[166.492661,-20.702914],[166.488542,-20.703381],[166.479089,-20.706453],[166.479274,-20.708445],[166.487849,-20.705927],[166.492554,-20.70542],[166.496576,-20.705683],[166.501028,-20.706886],[166.503454,-20.706796],[166.50918,-20.705042],[166.51123,-20.703863],[166.517505,-20.702147],[166.522202,-20.699695],[166.523917,-20.699589],[166.527005,-20.697567],[166.529144,-20.697302],[166.53386,-20.698418],[166.536035,-20.699771],[166.537851,-20.699561],[166.53964,-20.69782],[166.544128,-20.69581],[166.544787,-20.694898],[166.5493,-20.693223],[166.552601,-20.691081],[166.557274,-20.691046],[166.56075,-20.689774],[166.564124,-20.689638],[166.567794,-20.688474],[166.568939,-20.685994],[166.571308,-20.682903],[166.573074,-20.679221],[166.575755,-20.675184],[166.577429,-20.671467],[166.578964,-20.66363],[166.581665,-20.659471],[166.584127,-20.656867],[166.586334,-20.655752],[166.589135,-20.652185],[166.592415,-20.645668],[166.59396,-20.641298],[166.593944,-20.636076],[166.594612,-20.632384],[166.597803,-20.626756],[166.60108,-20.622793],[166.607258,-20.618767],[166.608647,-20.617208],[166.609692,-20.610784],[166.611706,-20.606787],[166.615849,-20.602857],[166.618163,-20.597122],[166.61718,-20.594906],[166.612401,-20.598023],[166.606783,-20.598409],[166.600738,-20.599601],[166.599728,-20.60091],[166.592799,-20.603246],[166.588459,-20.604268],[166.584587,-20.604539],[166.578847,-20.603205],[166.575876,-20.600701],[166.57296,-20.59715],[166.572566,-20.594082],[166.569331,-20.587998],[166.569783,-20.586671],[166.569244,-20.583175],[166.569738,-20.579509],[166.570655,-20.576732],[166.57306,-20.574071],[166.575763,-20.569589],[166.575964,-20.565858],[166.574003,-20.564349],[166.575281,-20.563086],[166.573059,-20.558561],[166.573796,-20.557031],[166.573419,-20.552147],[166.571353,-20.5515],[166.57101,-20.54952],[166.571901,-20.545839],[166.574679,-20.541692],[166.580704,-20.53875],[166.58195,-20.536338],[166.58009,-20.534508],[166.581863,-20.533237],[166.579692,-20.528743],[166.576497,-20.526495],[166.575747,-20.524263],[166.575901,-20.521394],[166.577688,-20.518741],[166.578694,-20.515361],[166.58092,-20.511086],[166.584651,-20.506258],[166.588348,-20.502699],[166.590206,-20.499294],[166.593077,-20.496753],[166.595113,-20.49387],[166.600022,-20.490437],[166.603036,-20.487875],[166.604636,-20.484093],[166.603022,-20.482118],[166.602996,-20.479603],[166.604222,-20.476475],[166.607138,-20.472742],[166.609892,-20.471423],[166.613364,-20.471159],[166.61928,-20.471552],[166.625874,-20.469108],[166.62973,-20.467097],[166.637092,-20.466333],[166.643209,-20.467094],[166.646921,-20.469934],[166.649553,-20.474338],[166.65031,-20.477812],[166.652345,-20.478598],[166.654552,-20.477566],[166.657402,-20.47516],[166.660634,-20.471407],[166.664228,-20.468095],[166.665976,-20.467097]],[[166.585329,-20.429989],[166.586108,-20.428396],[166.588667,-20.430342],[166.594161,-20.436867],[166.595598,-20.440907],[166.596723,-20.44187],[166.597797,-20.446041],[166.595238,-20.445711],[166.593066,-20.442957],[166.588773,-20.434908],[166.586165,-20.432065],[166.585329,-20.429989]]],[[[166.58923,-20.435253],[166.590432,-20.43773],[166.592683,-20.440601],[166.592918,-20.437692],[166.590471,-20.435439],[166.58923,-20.435253]]],[[[166.22713,-22.241254],[166.224098,-22.241957],[166.22379,-22.243759],[166.226735,-22.245297],[166.227658,-22.243144],[166.22713,-22.241254]]],[[[166.19959,-22.213477],[166.198604,-22.21399],[166.201287,-22.218803],[166.205074,-22.220421],[166.206219,-22.219908],[166.205311,-22.21758],[166.202707,-22.21466],[166.19959,-22.213477]]],[[[166.288761,-22.185931],[166.2909,-22.184621],[166.28909,-22.182076],[166.288186,-22.1792],[166.284765,-22.174634],[166.282303,-22.176345],[166.284789,-22.181149],[166.286736,-22.18219],[166.288761,-22.185931]]],[[[166.159922,-22.118974],[166.160508,-22.119929],[166.163225,-22.120456],[166.163729,-22.119252],[166.161585,-22.117701],[166.159922,-22.118974]]],[[[166.149577,-22.114007],[166.146874,-22.114807],[166.149693,-22.116631],[166.155305,-22.118097],[166.154312,-22.115473],[166.152154,-22.113709],[166.149577,-22.114007]]],[[[166.116307,-22.10237],[166.116921,-22.104328],[166.119044,-22.105845],[166.120637,-22.105214],[166.120485,-22.102344],[166.121215,-22.098563],[166.120081,-22.095695],[166.117355,-22.097477],[166.118853,-22.100953],[166.118181,-22.102338],[166.116307,-22.10237]]],[[[166.108159,-22.079549],[166.107399,-22.081464],[166.104769,-22.082643],[166.103279,-22.084078],[166.099748,-22.086145],[166.09746,-22.086789],[166.093787,-22.086535],[166.090657,-22.08742],[166.090219,-22.090024],[166.092222,-22.091675],[166.098944,-22.091738],[166.100746,-22.093102],[166.105668,-22.092355],[166.106919,-22.089427],[166.109875,-22.086943],[166.110089,-22.083278],[166.112804,-22.081702],[166.114123,-22.080061],[166.110503,-22.079206],[166.108159,-22.079549]]],[[[166.097705,-22.054651],[166.099535,-22.052262],[166.102858,-22.051193],[166.099866,-22.049936],[166.097836,-22.050883],[166.098353,-22.053303],[166.097705,-22.054651]]],[[[166.081013,-22.05312],[166.084673,-22.054213],[166.084593,-22.056196],[166.087724,-22.055232],[166.092048,-22.046537],[166.089748,-22.045774],[166.087224,-22.047321],[166.084186,-22.050156],[166.081342,-22.05189],[166.081013,-22.05312]]],[[[166.189047,-22.036601],[166.192579,-22.040229],[166.193022,-22.037122],[166.191282,-22.035739],[166.189047,-22.036601]]],[[[166.199036,-22.034294],[166.202008,-22.035527],[166.20399,-22.034131],[166.202576,-22.032655],[166.200552,-22.032988],[166.199036,-22.034294]]],[[[166.195031,-22.029994],[166.199783,-22.031104],[166.198467,-22.029214],[166.195824,-22.028621],[166.195031,-22.029994]]],[[[166.14554,-22.025213],[166.144479,-22.024129],[166.141387,-22.02687],[166.144949,-22.027463],[166.14554,-22.025213]]],[[[165.282772,-20.889304],[165.28384,-20.888453],[165.283744,-20.886043],[165.280116,-20.883938],[165.2789,-20.886717],[165.280401,-20.887408],[165.28218,-20.885597],[165.283392,-20.886378],[165.282772,-20.889304]]],[[[165.494563,-21.130255],[165.492181,-21.127247],[165.490476,-21.127056],[165.484674,-21.132093],[165.485216,-21.134304],[165.486733,-21.136368],[165.490672,-21.13407],[165.493292,-21.134084],[165.495524,-21.133026],[165.494563,-21.130255]]],[[[164.825988,-21.157111],[164.826944,-21.153561],[164.825891,-21.151732],[164.821519,-21.150947],[164.819661,-21.148967],[164.818615,-21.151252],[164.819629,-21.153431],[164.81951,-21.155195],[164.817377,-21.159009],[164.821277,-21.159034],[164.824731,-21.158521],[164.825988,-21.157111]]],[[[164.181131,-20.372649],[164.178732,-20.37303],[164.177947,-20.374256],[164.178642,-20.376807],[164.18173,-20.376377],[164.183256,-20.377418],[164.186272,-20.376729],[164.18331,-20.372786],[164.181131,-20.372649]]],[[[164.171467,-20.357227],[164.170012,-20.357178],[164.170924,-20.360347],[164.17273,-20.362673],[164.17492,-20.363288],[164.177886,-20.360494],[164.180181,-20.36068],[164.178063,-20.357128],[164.176464,-20.357468],[164.172915,-20.35579],[164.171467,-20.357227]]],[[[164.103055,-20.341489],[164.102651,-20.342749],[164.10701,-20.3457],[164.108106,-20.345227],[164.104611,-20.341948],[164.103055,-20.341489]]],[[[164.163356,-20.332712],[164.161,-20.334378],[164.161227,-20.336254],[164.164508,-20.335005],[164.163356,-20.332712]]],[[[164.077588,-20.314904],[164.074798,-20.314432],[164.070192,-20.31723],[164.068957,-20.315577],[164.0661,-20.315851],[164.067182,-20.318289],[164.070958,-20.320893],[164.078236,-20.320335],[164.081955,-20.319108],[164.078225,-20.31673],[164.077588,-20.314904]]],[[[164.093772,-20.304304],[164.091464,-20.304534],[164.088339,-20.308143],[164.091705,-20.309853],[164.092977,-20.312306],[164.09498,-20.314447],[164.095167,-20.317553],[164.092718,-20.317377],[164.092578,-20.322715],[164.090762,-20.319282],[164.089166,-20.31775],[164.087033,-20.319098],[164.085257,-20.318166],[164.085895,-20.325907],[164.085636,-20.329128],[164.089933,-20.329215],[164.092639,-20.330295],[164.098403,-20.327924],[164.098576,-20.32502],[164.09592,-20.32209],[164.09573,-20.319702],[164.097277,-20.31639],[164.0999,-20.314009],[164.099603,-20.311712],[164.098303,-20.309537],[164.097005,-20.309231],[164.094012,-20.306842],[164.093772,-20.304304]]],[[[164.068599,-20.212234],[164.06593,-20.214069],[164.067414,-20.215002],[164.068599,-20.212234]]],[[[164.005112,-20.210171],[164.003873,-20.210899],[164.009303,-20.216764],[164.011874,-20.220623],[164.012823,-20.22038],[164.01557,-20.222751],[164.017316,-20.223093],[164.021295,-20.222654],[164.022969,-20.217505],[164.01896,-20.216503],[164.014819,-20.214116],[164.010659,-20.214181],[164.009323,-20.213676],[164.005112,-20.210171]]],[[[164.025635,-20.203953],[164.024229,-20.202601],[164.022644,-20.204233],[164.023708,-20.206399],[164.025635,-20.203953]]],[[[163.986086,-20.195934],[163.983757,-20.198828],[163.982055,-20.199844],[163.983028,-20.201261],[163.98572,-20.201164],[163.986554,-20.196541],[163.986086,-20.195934]]],[[[164.046493,-20.17663],[164.045236,-20.175965],[164.042825,-20.172826],[164.041736,-20.174365],[164.041686,-20.178766],[164.046493,-20.17663]]],[[[164.018687,-20.160052],[164.017829,-20.161661],[164.019378,-20.164918],[164.019587,-20.169882],[164.02169,-20.170209],[164.022671,-20.166563],[164.023671,-20.164942],[164.023145,-20.16112],[164.021252,-20.161651],[164.018687,-20.160052]]],[[[164.001389,-20.147548],[163.99754,-20.147527],[163.994981,-20.148579],[163.994026,-20.150686],[163.994076,-20.15319],[163.998066,-20.153293],[164.002465,-20.15204],[164.001389,-20.147548]]],[[[163.921147,-20.143239],[163.916611,-20.137486],[163.915856,-20.133668],[163.914778,-20.132024],[163.912283,-20.133263],[163.910168,-20.141359],[163.910367,-20.142674],[163.912653,-20.144572],[163.918076,-20.146436],[163.919075,-20.147957],[163.922174,-20.149324],[163.925143,-20.151862],[163.927074,-20.154325],[163.926824,-20.15624],[163.92843,-20.157728],[163.928578,-20.161936],[163.925431,-20.164332],[163.926794,-20.166884],[163.927884,-20.167116],[163.934312,-20.166115],[163.938267,-20.16635],[163.941317,-20.167419],[163.944995,-20.170652],[163.946807,-20.170567],[163.946784,-20.168032],[163.944338,-20.165884],[163.941189,-20.161727],[163.938083,-20.159405],[163.936003,-20.158716],[163.932601,-20.154673],[163.929863,-20.14812],[163.928749,-20.146944],[163.92567,-20.14629],[163.921147,-20.143239]]],[[[163.992918,-20.108361],[163.992006,-20.107514],[163.98727,-20.111019],[163.98413,-20.114017],[163.980585,-20.114755],[163.983098,-20.117284],[163.984911,-20.1173],[163.987412,-20.116058],[163.990127,-20.111553],[163.992918,-20.108361]]],[[[163.971846,-20.085396],[163.970513,-20.083295],[163.967164,-20.08656],[163.963395,-20.0863],[163.961725,-20.090771],[163.963064,-20.094165],[163.964777,-20.093447],[163.968192,-20.09351],[163.974439,-20.094979],[163.975081,-20.096679],[163.977933,-20.097024],[163.97724,-20.093825],[163.974931,-20.090118],[163.97604,-20.086016],[163.971846,-20.085396]]],[[[163.813244,-20.028691],[163.810816,-20.030296],[163.808543,-20.028687],[163.805291,-20.029079],[163.805097,-20.030531],[163.802191,-20.031234],[163.800789,-20.029996],[163.79904,-20.032077],[163.799034,-20.033762],[163.794852,-20.03612],[163.794106,-20.037435],[163.791308,-20.037724],[163.791427,-20.040274],[163.789316,-20.048949],[163.791251,-20.050272],[163.791794,-20.051865],[163.794481,-20.054064],[163.796657,-20.054723],[163.804815,-20.060618],[163.807033,-20.060331],[163.808881,-20.064504],[163.81182,-20.065051],[163.813927,-20.068416],[163.813146,-20.070728],[163.813795,-20.0741],[163.819478,-20.076653],[163.821424,-20.07843],[163.826005,-20.078132],[163.827248,-20.073074],[163.826138,-20.070295],[163.826231,-20.068529],[163.82382,-20.066362],[163.824176,-20.064865],[163.820885,-20.061649],[163.820813,-20.058751],[163.819957,-20.056514],[163.822088,-20.05166],[163.826591,-20.048234],[163.829539,-20.048061],[163.830303,-20.04617],[163.828569,-20.044322],[163.829038,-20.04174],[163.828118,-20.038415],[163.820538,-20.032134],[163.819112,-20.031957],[163.817761,-20.030139],[163.815004,-20.030725],[163.813244,-20.028691]]],[[[163.932947,-20.004266],[163.931655,-20.00395],[163.92978,-20.0076],[163.930333,-20.009216],[163.929313,-20.013424],[163.927911,-20.016194],[163.933598,-20.019955],[163.935004,-20.016029],[163.935393,-20.012587],[163.935102,-20.00926],[163.932947,-20.004266]]],[[[163.964197,-20.000357],[163.961674,-20.000922],[163.960191,-20.002526],[163.961611,-20.004074],[163.964122,-20.004247],[163.962034,-20.00728],[163.959177,-20.00962],[163.958889,-20.007794],[163.961014,-20.007029],[163.960388,-20.003129],[163.955326,-20.007223],[163.952819,-20.008128],[163.954555,-20.011853],[163.95254,-20.015131],[163.957529,-20.017356],[163.957763,-20.016266],[163.962711,-20.013203],[163.965115,-20.013262],[163.966815,-20.014673],[163.969037,-20.014813],[163.971719,-20.01404],[163.970691,-20.01764],[163.968306,-20.018472],[163.967803,-20.020821],[163.97008,-20.025836],[163.964834,-20.023523],[163.963681,-20.021314],[163.962115,-20.023248],[163.958097,-20.023249],[163.961476,-20.026291],[163.962843,-20.029241],[163.961438,-20.031221],[163.962696,-20.032849],[163.962639,-20.034775],[163.960859,-20.036186],[163.959338,-20.035753],[163.957355,-20.037441],[163.955296,-20.036911],[163.954104,-20.034033],[163.95089,-20.033346],[163.948716,-20.03184],[163.94729,-20.029821],[163.946031,-20.030271],[163.945918,-20.034154],[163.948118,-20.034757],[163.950947,-20.03808],[163.952121,-20.037763],[163.956576,-20.039436],[163.95839,-20.038511],[163.961515,-20.039157],[163.965069,-20.043405],[163.965512,-20.046433],[163.963984,-20.046808],[163.961359,-20.045022],[163.959479,-20.046479],[163.957537,-20.045216],[163.959497,-20.040297],[163.957474,-20.041065],[163.956997,-20.043338],[163.954783,-20.046059],[163.955683,-20.049826],[163.953547,-20.050878],[163.955068,-20.059004],[163.952399,-20.060665],[163.952253,-20.063951],[163.952874,-20.066081],[163.951859,-20.069115],[163.953498,-20.071018],[163.960134,-20.073895],[163.962308,-20.076384],[163.96199,-20.078162],[163.965414,-20.078399],[163.966685,-20.075677],[163.969867,-20.073187],[163.970279,-20.071057],[163.972589,-20.070249],[163.97424,-20.06813],[163.971843,-20.065566],[163.974157,-20.06435],[163.976758,-20.068604],[163.979932,-20.066687],[163.980858,-20.063693],[163.978358,-20.062083],[163.9805,-20.060926],[163.981022,-20.058001],[163.985335,-20.060893],[163.987485,-20.06072],[163.988118,-20.058407],[163.990511,-20.057641],[163.993275,-20.057686],[163.992896,-20.06043],[163.993444,-20.061883],[163.990766,-20.063634],[163.988527,-20.065925],[163.987567,-20.06886],[163.988177,-20.070463],[163.990486,-20.069619],[163.992203,-20.071599],[163.98968,-20.075348],[163.986351,-20.07494],[163.981734,-20.077651],[163.980423,-20.081839],[163.985243,-20.08109],[163.98714,-20.082278],[163.988602,-20.078882],[163.992231,-20.076154],[163.994051,-20.072525],[163.997171,-20.071928],[163.998628,-20.070852],[163.999237,-20.063371],[163.997064,-20.057844],[163.996274,-20.052264],[163.997323,-20.050655],[163.997087,-20.048839],[163.99341,-20.048106],[163.988478,-20.042428],[163.987019,-20.041468],[163.983656,-20.04123],[163.980945,-20.036511],[163.979897,-20.032269],[163.979528,-20.027851],[163.978118,-20.026107],[163.978736,-20.022804],[163.9755,-20.013051],[163.975832,-20.010949],[163.973541,-20.009618],[163.97046,-20.006638],[163.968068,-20.002642],[163.966305,-20.00232],[163.964197,-20.000357]]],[[[163.93162,-19.973402],[163.925708,-19.974853],[163.9261,-19.976165],[163.929781,-19.979417],[163.932059,-19.978499],[163.934189,-19.979043],[163.935167,-19.977809],[163.934442,-19.974525],[163.93162,-19.973402]]],[[[165.022529,-21.371318],[165.016972,-21.371504],[165.019007,-21.375817],[165.021013,-21.375546],[165.020872,-21.372424],[165.022529,-21.371318]]],[[[165.038048,-21.369775],[165.036762,-21.376409],[165.03037,-21.380789],[165.030186,-21.384057],[165.036119,-21.383152],[165.040784,-21.384902],[165.042943,-21.38272],[165.044775,-21.383828],[165.044662,-21.385173],[165.04198,-21.387257],[165.03743,-21.386214],[165.03724,-21.389661],[165.039275,-21.391417],[165.040347,-21.393511],[165.042246,-21.393059],[165.046641,-21.38964],[165.048198,-21.386735],[165.051091,-21.384411],[165.051954,-21.381559],[165.053469,-21.380386],[165.052003,-21.377395],[165.048328,-21.375765],[165.038048,-21.369775]]],[[[164.985779,-21.360108],[164.98829,-21.365224],[164.992714,-21.368558],[164.992652,-21.371553],[164.994134,-21.372803],[164.997575,-21.372375],[165.001082,-21.370861],[165.004358,-21.37044],[165.004392,-21.365714],[165.010115,-21.36084],[165.008456,-21.358608],[165.005856,-21.356488],[165.003868,-21.355686],[165.001147,-21.351635],[164.996609,-21.349213],[164.990597,-21.349135],[164.990185,-21.352217],[164.987744,-21.354916],[164.984567,-21.356723],[164.98449,-21.358417],[164.985779,-21.360108]]],[[[165.027085,-21.363048],[165.028219,-21.359261],[165.03033,-21.355317],[165.029206,-21.354281],[165.0265,-21.358934],[165.026136,-21.361862],[165.027085,-21.363048]]],[[[166.482794,-21.78533],[166.48371,-21.783984],[166.48094,-21.782242],[166.479356,-21.780515],[166.477985,-21.776567],[166.475884,-21.776394],[166.473047,-21.774541],[166.470925,-21.774141],[166.470236,-21.776314],[166.472471,-21.777317],[166.476175,-21.780121],[166.478049,-21.782228],[166.482794,-21.78533]]],[[[166.476534,-21.773428],[166.474903,-21.77034],[166.4722,-21.772181],[166.476534,-21.773428]]],[[[166.438159,-21.688371],[166.436356,-21.688097],[166.430617,-21.684836],[166.428473,-21.681598],[166.425001,-21.681564],[166.425028,-21.685239],[166.426645,-21.688578],[166.424221,-21.690866],[166.421883,-21.691588],[166.41703,-21.691833],[166.412942,-21.690914],[166.410443,-21.691495],[166.407753,-21.69009],[166.405646,-21.687747],[166.403185,-21.688871],[166.405136,-21.692216],[166.407771,-21.693038],[166.408678,-21.694886],[166.412447,-21.698835],[166.413778,-21.699581],[166.417234,-21.699654],[166.421455,-21.700977],[166.423044,-21.702069],[166.427089,-21.701142],[166.428869,-21.701932],[166.430698,-21.703992],[166.433136,-21.703938],[166.434235,-21.701305],[166.438024,-21.7002],[166.440171,-21.703754],[166.440182,-21.705648],[166.443606,-21.706239],[166.445672,-21.702683],[166.443411,-21.700335],[166.44192,-21.697351],[166.441157,-21.691433],[166.438159,-21.688371]]],[[[166.381298,-21.675228],[166.376932,-21.674196],[166.373173,-21.672351],[166.371252,-21.675545],[166.373175,-21.676943],[166.376703,-21.67761],[166.380634,-21.67907],[166.383065,-21.678825],[166.383566,-21.677342],[166.386872,-21.677128],[166.389141,-21.677685],[166.393261,-21.675288],[166.3959,-21.672349],[166.393591,-21.67226],[166.389537,-21.670492],[166.388219,-21.670512],[166.385789,-21.672177],[166.384662,-21.672021],[166.382797,-21.674769],[166.381298,-21.675228]]],[[[166.209073,-21.587801],[166.210127,-21.589432],[166.207633,-21.591511],[166.209021,-21.592951],[166.209368,-21.59361],[166.210586,-21.593089],[166.210935,-21.593355],[166.21173,-21.594679],[166.213173,-21.596004],[166.214922,-21.595828],[166.215501,-21.597882],[166.216417,-21.599334],[166.217785,-21.600625],[166.219457,-21.601592],[166.2197,-21.60194],[166.219604,-21.602397],[166.219568,-21.604024],[166.218638,-21.605945],[166.217918,-21.606432],[166.217072,-21.607538],[166.217121,-21.608059],[166.217669,-21.608409],[166.219583,-21.608373],[166.220799,-21.606374],[166.223041,-21.606643],[166.226475,-21.604471],[166.228018,-21.60184],[166.224783,-21.601314],[166.219762,-21.59891],[166.215712,-21.595477],[166.212018,-21.590675],[166.209073,-21.587801]]],[[[165.145694,-20.716621],[165.147726,-20.71731],[165.149721,-20.71535],[165.149049,-20.714265],[165.146037,-20.714837],[165.145694,-20.716621]]],[[[165.08949,-20.68998],[165.091586,-20.689523],[165.091222,-20.687766],[165.088691,-20.688455],[165.08949,-20.68998]]],[[[164.654468,-20.941975],[164.65864,-20.942795],[164.658496,-20.941077],[164.654468,-20.941975]]],[[[164.663465,-20.930281],[164.659711,-20.930908],[164.659139,-20.93232],[164.663601,-20.932245],[164.663465,-20.930281]]],[[[164.577699,-20.922165],[164.574384,-20.920387],[164.572748,-20.915987],[164.571888,-20.916919],[164.574241,-20.92044],[164.577699,-20.922165]]],[[[164.666025,-20.915872],[164.665849,-20.914252],[164.66231,-20.91095],[164.660647,-20.915123],[164.663049,-20.914452],[164.664954,-20.916287],[164.666025,-20.915872]]],[[[164.656968,-20.903676],[164.658081,-20.907203],[164.658856,-20.911444],[164.661198,-20.90866],[164.662958,-20.908565],[164.662074,-20.906801],[164.659461,-20.906064],[164.658546,-20.903798],[164.656968,-20.903676]]],[[[164.666104,-20.908336],[164.663729,-20.905149],[164.665654,-20.901958],[164.664655,-20.89974],[164.662404,-20.900875],[164.660925,-20.902637],[164.65874,-20.90314],[164.660872,-20.906432],[164.661624,-20.906231],[164.6629,-20.907427],[164.663244,-20.910175],[164.664683,-20.908436],[164.666104,-20.908336]]],[[[167.028659,-22.269398],[167.03162,-22.270868],[167.030856,-22.273015],[167.030765,-22.276566],[167.031932,-22.277702],[167.036761,-22.278233],[167.036907,-22.275217],[167.038505,-22.273226],[167.035159,-22.271081],[167.032176,-22.269921],[167.028659,-22.269398]]],[[[167.030666,-22.256626],[167.034003,-22.26379],[167.037675,-22.262649],[167.038645,-22.260554],[167.037449,-22.255118],[167.03772,-22.253171],[167.036802,-22.250717],[167.034943,-22.2499],[167.033937,-22.252536],[167.030967,-22.253908],[167.030666,-22.256626]]],[[[167.010089,-22.2267],[167.009297,-22.228505],[167.010841,-22.229524],[167.013384,-22.233994],[167.018683,-22.238651],[167.021612,-22.242817],[167.024039,-22.243889],[167.023121,-22.245393],[167.023222,-22.249899],[167.025485,-22.251477],[167.030732,-22.250069],[167.033239,-22.248715],[167.031952,-22.244439],[167.030084,-22.242647],[167.026551,-22.241386],[167.025304,-22.238471],[167.022178,-22.236048],[167.01986,-22.235928],[167.013906,-22.231388],[167.012746,-22.228662],[167.010089,-22.2267]]],[[[165.824654,-21.390359],[165.827317,-21.391756],[165.828221,-21.393411],[165.832204,-21.393525],[165.828972,-21.390687],[165.827776,-21.388893],[165.825536,-21.388145],[165.824213,-21.389281],[165.824654,-21.390359]]]]},"properties":{"code":"988","nom":"Nouvelle-Calédonie"}}
]}